protection,endpoint,missing_case,ice_unknown_in_either_period,environment_gate_changed,cost_gate_changed,L1_historical_gwh,L1_future_gwh,L1_change_gwh,L1_generation_effect_gwh,L1_admission_effect_gwh,L2_historical_gwh,L2_future_gwh,L2_change_gwh,L2_generation_effect_gwh,L2_admission_effect_gwh,L2_entry,L2_exit,L2_entry_with_unknown_ice,L2_admission_effect_unknown_ice_gwh,L3_historical_gwh,L3_future_gwh,L3_change_gwh,L3_generation_effect_gwh,L3_admission_effect_gwh,L3_entry,L3_exit,L3_entry_with_unknown_ice,L3_admission_effect_unknown_ice_gwh,L3_entry_environment_only,L3_entry_cost_only,L3_entry_both_gates,model,experiment,period,ice_error_case
conservative,lower,restricted,8716,6498,2602,15929814.759277975,15877028.764312627,-52785.99496534668,-52785.99496534668,0.0,3202969.1023642085,3529519.837378364,326550.7350141553,17511.88671412442,309038.84830003086,6339,159,318,24578.95768440272,509591.82494149316,527192.185002195,17600.360060701787,1443.1997422648744,16157.160318436909,400,83,88,5167.859354249998,111,289,0,MPI-ESM1-2-LR,ssp126,2031_2050,central
conservative,lower,unadjusted,8716,6498,2642,15929814.759277975,15877028.764312627,-52785.99496534668,-52785.99496534668,0.0,3273091.2617936786,3600919.990255803,327828.728462124,17793.132513650813,310035.5959484732,6339,159,318,25060.53231832797,539273.7076754981,556651.8544489207,17378.146773422515,1563.3084873155435,15814.83828610697,397,84,88,5319.425155727913,111,286,0,MPI-ESM1-2-LR,ssp126,2031_2050,central
conservative,upper,restricted,8716,6033,2602,15929814.759277975,15877028.764312627,-52785.99496534668,-52785.99496534668,0.0,3895880.8910473012,4205345.0594717,309464.16842439934,24544.641560350996,284919.5268640484,6033,0,12,459.63624842022966,1291618.6509317972,1321546.3165189698,29927.665587172625,3144.653396212907,26783.012190959715,586,128,12,1794.0249578667995,30,556,0,MPI-ESM1-2-LR,ssp126,2031_2050,central
conservative,upper,unadjusted,8716,6033,2642,15929814.759277975,15877028.764312627,-52785.99496534668,-52785.99496534668,0.0,3971569.075065822,4282066.324067038,310497.249001216,24964.99893368482,285532.2500675312,6033,0,12,557.1864373859473,1368213.9412549762,1398593.233355936,30379.29210095973,3637.792002952137,26741.50009800759,588,130,10,1722.947538935573,30,558,0,MPI-ESM1-2-LR,ssp126,2031_2050,central
core,lower,restricted,8716,6977,2602,15929814.759277975,15877028.764312627,-52785.99496534668,-52785.99496534668,0.0,4472360.504987216,4830140.363529947,357779.8585427314,24327.61191599961,333452.24662673176,6803,174,347,27901.605142506352,748032.9891227153,768100.6931033724,20067.70398065703,3501.0117084898543,16566.69227216717,474,103,92,5261.778788179438,115,359,0,MPI-ESM1-2-LR,ssp126,2031_2050,central
core,lower,unadjusted,8716,6977,2642,15929814.759277975,15877028.764312627,-52785.99496534668,-52785.99496534668,0.0,4576003.660295937,4936047.373648627,360043.71335268905,25277.969052085056,334765.744300604,6803,174,347,28663.252123360573,791227.7108586599,811985.5234141281,20757.812555468165,4000.9422166111226,16756.87033885704,470,104,92,5430.167764507618,115,355,0,MPI-ESM1-2-LR,ssp126,2031_2050,central
core,upper,restricted,8716,6473,2602,15929814.759277975,15877028.764312627,-52785.99496534668,-52785.99496534668,0.0,5288974.250412033,5627192.303502949,338218.05309091654,32111.211451563922,306106.8416393526,6473,0,17,556.2001551271911,1808964.2939372202,1842737.8910134032,33773.59707618294,6377.034831629023,27396.562244553905,683,155,20,1927.7863467821114,30,653,0,MPI-ESM1-2-LR,ssp126,2031_2050,central
core,upper,unadjusted,8716,6473,2642,15929814.759277975,15877028.764312627,-52785.99496534668,-52785.99496534668,0.0,5398925.727422666,5738893.365921565,339967.6384988994,33211.39597756306,306756.24252133636,6473,0,17,653.7503440929088,1913801.1222760326,1950023.1133009938,36221.99102496125,7450.332372391674,28771.65865256958,684,157,18,1870.5288579329226,30,654,0,MPI-ESM1-2-LR,ssp126,2031_2050,central
conservative,lower,restricted,8716,4675,2602,15929814.759277975,15877028.764312627,-52785.99496534668,-52785.99496534668,0.0,2901460.15674876,3133765.9035280054,232305.74677924538,18468.94719951476,213836.7995797306,4607,68,318,25175.94846763437,504391.06578663195,524101.8569438925,19710.791157260515,1462.4828459268176,18248.308311333694,439,78,88,5167.859354249998,154,285,0,MPI-ESM1-2-LR,ssp126,2031_2050,historical_error_longer_ice
conservative,lower,unadjusted,8716,4675,2642,15929814.759277975,15877028.764312627,-52785.99496534668,-52785.99496534668,0.0,2970463.011193683,3204257.979449466,233794.96825578285,18751.44638217848,215043.5218736044,4607,68,318,25657.523101559615,533582.9167920934,553205.3301912895,19622.413399196055,1584.2058522794962,18038.207546916554,437,79,88,5319.425155727913,155,282,0,MPI-ESM1-2-LR,ssp126,2031_2050,historical_error_longer_ice
conservative,upper,restricted,8716,4392,2602,15929814.759277975,15877028.764312627,-52785.99496534668,-52785.99496534668,0.0,3594371.9454318527,3809591.125621342,215219.18018948947,25501.70204574134,189717.47814374813,4392,0,103,1056.6270316518783,1281810.9040482307,1317316.9929418603,35506.08889362954,3164.2690389974255,32341.819854632107,639,118,12,1794.0249578667995,87,552,0,MPI-ESM1-2-LR,ssp126,2031_2050,historical_error_longer_ice
conservative,upper,unadjusted,8716,4392,2642,15929814.759277975,15877028.764312627,-52785.99496534668,-52785.99496534668,0.0,3668940.824465826,3885404.313260701,216463.48879487484,25923.312802212487,190540.17599266235,4392,0,103,1154.1772206175958,1357653.7965674077,1393955.6844273638,36301.88785995607,3658.379529432159,32643.50833052391,642,120,10,1722.947538935573,88,554,0,MPI-ESM1-2-LR,ssp126,2031_2050,historical_error_longer_ice
core,lower,restricted,8716,5214,2602,15929814.759277975,15877028.764312627,-52785.99496534668,-52785.99496534668,0.0,4135201.2663897565,4400668.625645485,265467.3592557285,25319.360105161573,240147.99915056687,5138,76,347,28569.33266804713,742255.503977609,765001.1449856048,22745.64100799579,3523.73467172348,19221.906336272306,520,98,92,5261.778788179438,165,355,0,MPI-ESM1-2-LR,ssp126,2031_2050,historical_error_longer_ice
core,lower,unadjusted,8716,5214,2642,15929814.759277975,15877028.764312627,-52785.99496534668,-52785.99496534668,0.0,4237189.338551888,4505585.904263789,268396.56571189995,26277.427195566215,242119.13851633377,5138,76,347,29330.979648901346,784953.1065735702,808529.7790970319,23576.672523461722,4025.2419727712,19551.43055069052,517,99,92,5430.167764507618,166,351,0,MPI-ESM1-2-LR,ssp126,2031_2050,historical_error_longer_ice
core,upper,restricted,8716,4906,2602,15929814.759277975,15877028.764312627,-52785.99496534668,-52785.99496534668,0.0,4951815.011814574,5197720.565618487,245905.55380391362,33102.95964072589,212802.59416318772,4906,0,115,1223.9276806679657,1798446.6406849008,1838468.4232641365,40021.78257923576,6399.555701152576,33622.22687808317,744,145,20,1927.7863467821114,95,649,0,MPI-ESM1-2-LR,ssp126,2031_2050,historical_error_longer_ice
core,upper,unadjusted,8716,4906,2642,15929814.759277975,15877028.764312627,-52785.99496534668,-52785.99496534668,0.0,5060111.405678617,5308431.896536727,248320.49085811034,34210.85412104422,214109.6367370661,4906,0,115,1321.4778696336834,1902512.6180741496,1945344.8529892564,42832.23491510672,7473.7660857538085,35358.4688293529,746,147,18,1870.5288579329226,96,650,0,MPI-ESM1-2-LR,ssp126,2031_2050,historical_error_longer_ice
conservative,lower,restricted,8716,9049,2602,15929814.759277975,15877028.764312627,-52785.99496534668,-52785.99496534668,0.0,3589920.5901038717,3923509.651824268,333589.06172039633,14382.181206762341,319206.880513634,8885,164,318,24449.348111375737,510036.6767568044,527606.3344871753,17569.657730370953,1442.0502008311032,16127.607529539848,384,89,88,5167.859354249998,95,289,0,MPI-ESM1-2-LR,ssp126,2031_2050,historical_error_shorter_ice
conservative,lower,unadjusted,8716,9049,2642,15929814.759277975,15877028.764312627,-52785.99496534668,-52785.99496534668,0.0,3661269.9542284994,3997062.234675478,335792.2804469787,14650.888588674177,321141.39185830456,8885,164,318,24930.922745300984,539761.8779957737,557082.4038329608,17320.525837187128,1562.0515293088104,15758.474307878318,381,90,88,5319.425155727913,95,286,0,MPI-ESM1-2-LR,ssp126,2031_2050,historical_error_shorter_ice
conservative,upper,restricted,8716,8574,2602,15929814.759277975,15877028.764312627,-52785.99496534668,-52785.99496534668,0.0,4282832.378786964,4599334.873917605,316502.4951306404,21414.936052988916,295087.5590776515,8574,0,7,330.02667539324557,1292963.7965221866,1323236.2326541375,30272.436131950915,3128.750879916494,27143.685252034415,566,136,12,1794.0249578667995,10,556,0,MPI-ESM1-2-LR,ssp126,2031_2050,historical_error_shorter_ice
conservative,upper,unadjusted,8716,8574,2642,15929814.759277975,15877028.764312627,-52785.99496534668,-52785.99496534668,0.0,4359747.767500643,4678208.568486713,318460.8009860707,21822.755008708184,296638.0459773625,8574,0,7,427.57686435896323,1369607.1962361631,1400301.8812394843,30694.685003321047,3621.779014187301,27072.905989133742,568,138,10,1722.947538935573,10,558,0,MPI-ESM1-2-LR,ssp126,2031_2050,historical_error_shorter_ice
core,lower,restricted,8716,9326,2602,15929814.759277975,15877028.764312627,-52785.99496534668,-52785.99496534668,0.0,4885914.716615793,5247279.776842139,361365.0602263449,20926.628294135386,340438.4319322095,9145,181,347,27738.56115372242,748484.0901347292,768521.1134341707,20037.023299441575,3499.883816171464,16537.139483270108,458,109,92,5261.778788179438,99,359,0,MPI-ESM1-2-LR,ssp126,2031_2050,historical_error_shorter_ice
core,lower,unadjusted,8716,9326,2642,15929814.759277975,15877028.764312627,-52785.99496534668,-52785.99496534668,0.0,4990789.336331117,5355351.698371851,364562.36204073357,21864.329643461144,342698.0323972724,9145,181,347,28500.20813457664,791722.963601865,812423.1797567619,20700.21615489688,3999.7097942684877,16700.506360628387,454,110,92,5430.167764507618,99,355,0,MPI-ESM1-2-LR,ssp126,2031_2050,historical_error_shorter_ice
core,upper,restricted,8716,8808,2602,15929814.759277975,15877028.764312627,-52785.99496534668,-52785.99496534668,0.0,5702528.462040611,6044331.716815141,341803.25477453007,28710.2278296997,313093.0269448304,8808,0,10,393.15616634325727,1810315.6887243122,1844448.8463467709,34133.1576224587,6361.153964447991,27772.0036580107,665,163,20,1927.7863467821114,12,653,0,MPI-ESM1-2-LR,ssp126,2031_2050,historical_error_shorter_ice
core,upper,unadjusted,8716,8808,2642,15929814.759277975,15877028.764312627,-52785.99496534668,-52785.99496534668,0.0,5813711.403457846,6158197.6906447895,344486.2871869439,29797.756568939145,314688.5306180048,8808,0,10,490.70635530897493,1915201.459680149,1951754.6058195643,36553.14613941517,7434.343919290936,29118.80222012423,666,165,18,1870.5288579329226,12,654,0,MPI-ESM1-2-LR,ssp126,2031_2050,historical_error_shorter_ice
conservative,lower,restricted,8601,6694,4400,15929814.759277975,15927245.368861608,-2569.390416366333,-2569.390416366333,0.0,3202969.1023642085,3570548.8852155143,367579.78285130585,45154.84227289366,322424.9405784122,6586,108,364,32918.96099714597,509591.82494149316,553705.9709839845,44114.14604249139,8629.508647610817,35484.63739488057,567,29,94,6152.449296321301,115,452,0,MPI-ESM1-2-LR,ssp126,2081_2100,central
conservative,lower,unadjusted,8601,6694,4443,15929814.759277975,15927245.368861608,-2569.390416366333,-2569.390416366333,0.0,3273091.2617936786,3643310.0587867033,370218.7969930248,46296.13282699762,323922.6641660272,6586,108,364,33482.58096398601,539273.7076754981,583545.9545619702,44272.246886472094,9034.75694730118,35237.48993917091,566,32,94,6389.090165333985,115,451,0,MPI-ESM1-2-LR,ssp126,2081_2100,central
conservative,upper,restricted,8601,6229,4400,15929814.759277975,15927245.368861608,-2569.390416366333,-2569.390416366333,0.0,3895880.8910473012,4247342.4680420095,351461.57699470833,61738.29108649418,289723.28590821417,6229,0,7,217.3063269479215,1291618.6509317972,1382490.821921786,90872.1709899888,22596.086178266276,68276.08481172253,1066,42,34,2063.7487897002306,28,1038,0,MPI-ESM1-2-LR,ssp126,2081_2100,central
conservative,upper,unadjusted,8601,6229,4443,15929814.759277975,15927245.368861608,-2569.390416366333,-2569.390416366333,0.0,3971569.075065822,4325431.155942066,353862.08087624336,63106.59455677935,290755.48631946405,6229,0,7,315.4031174228398,1368213.9412549762,1460564.3550232775,92350.4137683013,23779.90640060045,68570.50736770085,1069,45,32,2044.2227260463033,28,1041,0,MPI-ESM1-2-LR,ssp126,2081_2100,central
core,lower,restricted,8601,7287,4400,15929814.759277975,15927245.368861608,-2569.390416366333,-2569.390416366333,0.0,4472360.504987216,4879481.042777072,407120.5377898565,55937.73940470134,351182.79838515515,7162,125,412,38123.540403546205,748032.9891227153,801176.7652296164,53143.7761069011,12261.813635152657,40881.96247174844,646,35,98,6157.580579123266,119,527,0,MPI-ESM1-2-LR,ssp126,2081_2100,central
core,lower,unadjusted,8601,7287,4443,15929814.759277975,15927245.368861608,-2569.390416366333,-2569.390416366333,0.0,4576003.660295937,4986892.448991135,410888.7886951978,57888.88411249787,352999.90458269994,7162,125,412,38969.094134811516,791227.7108586599,845495.1167284502,54267.40586979026,13068.756425011787,41198.64944477847,644,38,98,6415.707679800511,119,525,0,MPI-ESM1-2-LR,ssp126,2081_2100,central
core,upper,restricted,8601,6762,4400,15929814.759277975,15927245.368861608,-2569.390416366333,-2569.390416366333,0.0,5288974.250412033,5676071.528381202,387097.27796917007,73721.83437166229,313375.4435975078,6762,0,12,316.1856158988437,1808964.2939372202,1911742.0916402075,102777.79770298713,28842.605509545756,73935.19219344135,1167,50,44,2155.526073018124,28,1139,0,MPI-ESM1-2-LR,ssp126,2081_2100,central
core,upper,unadjusted,8601,6762,4443,15929814.759277975,15927245.368861608,-2569.390416366333,-2569.390416366333,0.0,5398925.727422666,5789287.75613106,390362.0287083946,75916.93585413246,314445.09285426216,6762,0,12,414.282406373762,1913801.1222760326,2020161.0132643227,106359.8909882901,30692.809521872645,75667.08146641747,1169,53,42,2149.7831762742176,28,1141,0,MPI-ESM1-2-LR,ssp126,2081_2100,central
conservative,lower,restricted,8601,4607,4400,15929814.759277975,15927245.368861608,-2569.390416366333,-2569.390416366333,0.0,2901460.15674876,3162934.060834314,261473.90408555424,47168.30390074868,214305.60018480557,4541,66,364,33220.62190538326,504391.06578663195,550768.2589701505,46377.193183518524,8689.846894678776,37687.34628883974,613,24,94,6152.449296321301,162,451,0,MPI-ESM1-2-LR,ssp126,2081_2100,historical_error_longer_ice
conservative,lower,unadjusted,8601,4607,4443,15929814.759277975,15927245.368861608,-2569.390416366333,-2569.390416366333,0.0,2970463.011193683,3234328.704609326,263865.6934156433,48307.3557268128,215558.33768883048,4541,66,364,33784.241872223305,533582.9167920934,580268.9099024915,46685.99311039805,9100.940762627968,37585.05234777008,613,27,94,6389.090165333985,163,450,0,MPI-ESM1-2-LR,ssp126,2081_2100,historical_error_longer_ice
conservative,upper,restricted,8601,4226,4400,15929814.759277975,15927245.368861608,-2569.390416366333,-2569.390416366333,0.0,3594371.9454318527,3839727.6436608094,245355.69822895672,63751.752714349204,181603.9455146075,4226,0,49,518.9672351852141,1281810.9040482307,1378585.8348181224,96774.93076989167,22674.573126610194,74100.35764328147,1131,31,34,2063.7487897002306,94,1037,0,MPI-ESM1-2-LR,ssp126,2081_2100,historical_error_longer_ice
conservative,upper,unadjusted,8601,4226,4443,15929814.759277975,15927245.368861608,-2569.390416366333,-2569.390416366333,0.0,3668940.824465826,3916449.801764688,247508.97729886184,65117.81745659453,182391.1598422673,4226,0,49,617.0640256601325,1357653.7965674077,1456270.0734861519,98616.27691874422,23865.782078896864,74750.49483984735,1135,34,32,2044.2227260463033,95,1040,0,MPI-ESM1-2-LR,ssp126,2081_2100,historical_error_longer_ice
core,lower,restricted,8601,5154,4400,15929814.759277975,15927245.368861608,-2569.390416366333,-2569.390416366333,0.0,4135201.2663897565,4435552.909656015,300351.643266259,57924.46092001066,242427.18234624833,5076,78,412,38464.43662362694,742255.503977609,798229.9552350205,55974.451257411456,12321.973537898744,43652.47771951271,699,30,98,6157.580579123266,173,526,0,MPI-ESM1-2-LR,ssp126,2081_2100,historical_error_longer_ice
core,lower,unadjusted,8601,5154,4443,15929814.759277975,15927245.368861608,-2569.390416366333,-2569.390416366333,0.0,4237189.338551888,4541548.658663208,304359.3201113187,59876.088432152734,244483.23167916603,5076,78,412,39309.990354892245,784953.1065735702,842208.9740882096,57255.86751463942,13134.75225061756,44121.115264021864,698,33,98,6415.707679800511,174,524,0,MPI-ESM1-2-LR,ssp126,2081_2100,historical_error_longer_ice
core,upper,restricted,8601,4723,4400,15929814.759277975,15927245.368861608,-2569.390416366333,-2569.390416366333,0.0,4951815.011814574,5232143.395260146,280328.3834455726,75708.55588697162,204619.82755860095,4723,0,59,657.0818359795779,1798446.6406849008,1907797.4887007452,109350.84801584453,28920.470935594403,80430.37708025011,1240,39,44,2155.526073018124,102,1138,0,MPI-ESM1-2-LR,ssp126,2081_2100,historical_error_longer_ice
core,upper,unadjusted,8601,4723,4443,15929814.759277975,15927245.368861608,-2569.390416366333,-2569.390416366333,0.0,5060111.405678617,5343943.965803132,283832.5601245156,77904.14017378732,205928.41995072828,4723,0,59,755.1786264544962,1902512.6180741496,2015826.555403521,113313.9373293714,30778.006046987473,82535.93128238393,1243,42,42,2149.7831762742176,103,1140,0,MPI-ESM1-2-LR,ssp126,2081_2100,historical_error_longer_ice
conservative,lower,restricted,8601,8912,4400,15929814.759277975,15927245.368861608,-2569.390416366333,-2569.390416366333,0.0,3589920.5901038717,3978105.1609456944,388184.570841823,39968.851705813606,348215.7191360094,8801,111,364,32863.11563137634,510036.6767568044,553986.117831351,43949.44107454656,8621.940887093682,35327.50018745287,551,38,94,6152.449296321301,99,452,0,MPI-ESM1-2-LR,ssp126,2081_2100,historical_error_shorter_ice
conservative,lower,unadjusted,8601,8912,4443,15929814.759277975,15927245.368861608,-2569.390416366333,-2569.390416366333,0.0,3661269.9542284994,4052568.7637087936,391298.80948029406,41115.13950771346,350183.6699725806,8801,111,364,33426.735598216386,539761.8779957737,583842.4292025878,44080.55120681411,9026.55167483152,35053.99953198259,550,41,94,6389.090165333985,99,451,0,MPI-ESM1-2-LR,ssp126,2081_2100,historical_error_shorter_ice
conservative,upper,restricted,8601,8441,4400,15929814.759277975,15927245.368861608,-2569.390416366333,-2569.390416366333,0.0,4282832.378786964,4654898.74377219,372066.36498522543,56552.30051941413,315514.0644658113,8441,0,4,161.4609611782928,1292963.7965221866,1384146.8925081135,91183.09598592707,22574.608455389498,68608.48753053756,1047,55,34,2063.7487897002306,8,1039,0,MPI-ESM1-2-LR,ssp126,2081_2100,historical_error_shorter_ice
conservative,upper,unadjusted,8601,8441,4443,15929814.759277975,15927245.368861608,-2569.390416366333,-2569.390416366333,0.0,4359747.767500643,4734689.860864155,374942.09336351266,57925.60123749519,317016.49212601746,8441,0,4,259.5577516532111,1369607.1962361631,1462239.6426343557,92632.44639819242,23757.729249245735,68874.71714894669,1050,58,32,2044.2227260463033,8,1042,0,MPI-ESM1-2-LR,ssp126,2081_2100,historical_error_shorter_ice
core,lower,restricted,8601,9253,4400,15929814.759277975,15927245.368861608,-2569.390416366333,-2569.390416366333,0.0,4885914.716615793,5311088.89478818,425174.1781723861,50785.76514502466,374388.4130273614,9123,130,412,38033.535275996444,748484.0901347292,801456.9120769828,52972.8219422537,12254.077751100058,40718.74419115364,630,45,98,6157.580579123266,103,527,0,MPI-ESM1-2-LR,ssp126,2081_2100,historical_error_shorter_ice
core,lower,unadjusted,8601,9253,4443,15929814.759277975,15927245.368861608,-2569.390416366333,-2569.390416366333,0.0,4990789.336331117,5420244.987047437,429455.65071631974,52742.082944323665,376713.5677719961,9123,130,412,38879.089007261755,791722.963601865,845791.5913690677,54068.627767202706,13060.360612535269,41008.26715466743,628,48,98,6415.707679800511,103,525,0,MPI-ESM1-2-LR,ssp126,2081_2100,historical_error_shorter_ice
core,upper,restricted,8601,8718,4400,15929814.759277975,15927245.368861608,-2569.390416366333,-2569.390416366333,0.0,5702528.462040611,6107679.38039231,405150.91835169966,68569.86011198562,336581.05823971407,8718,0,7,226.1804883490833,1810315.6887243122,1913412.6126747204,103096.92395040818,28820.959663133515,74275.96428727466,1150,64,44,2155.526073018124,10,1140,0,MPI-ESM1-2-LR,ssp126,2081_2100,historical_error_shorter_ice
core,upper,unadjusted,8601,8718,4443,15929814.759277975,15927245.368861608,-2569.390416366333,-2569.390416366333,0.0,5813711.403457846,6222640.294187361,408928.89072951657,70770.13468595826,338158.7560435583,8718,0,7,324.2772788240016,1915201.459680149,2021851.69150636,106650.2318262108,30670.44183051107,75979.78999569974,1152,67,42,2149.7831762742176,10,1142,0,MPI-ESM1-2-LR,ssp126,2081_2100,historical_error_shorter_ice
conservative,lower,restricted,8524,8269,2200,15929814.759277975,15754169.639889617,-175645.11938835756,-175645.11938835756,0.0,3202969.1023642085,3594602.058840944,391632.95647673524,-15026.622078771377,406659.5785555066,8232,37,515,52131.90626883598,509591.82494149316,523920.8854937105,14329.060552217328,-3916.2998102337715,18245.3603624511,328,29,122,10396.33442505694,141,187,0,MPI-ESM1-2-LR,ssp585,2031_2050,central
conservative,lower,unadjusted,8524,8269,2221,15929814.759277975,15754169.639889617,-175645.11938835756,-175645.11938835756,0.0,3273091.2617936786,3666667.699791887,393576.4379982081,-15852.386244336398,409428.8242425445,8232,37,515,53903.229399277545,539273.7076754981,555218.5137872373,15944.806111739237,-4239.831556932742,20184.637668671978,329,29,122,11887.578608223299,141,188,0,MPI-ESM1-2-LR,ssp585,2031_2050,central
conservative,upper,restricted,8524,7726,2200,15929814.759277975,15754169.639889617,-175645.11938835756,-175645.11938835756,0.0,3895880.8910473012,4233121.071445436,337240.1803981348,-17621.682418784516,354861.86281691934,7726,0,9,334.1905302487324,1291618.6509317972,1292322.9624445003,704.3115127031131,-14119.487398571331,14823.798911274442,416,51,37,601.0777369321305,27,389,0,MPI-ESM1-2-LR,ssp585,2031_2050,central
conservative,upper,unadjusted,8524,7726,2221,15929814.759277975,15754169.639889617,-175645.11938835756,-175645.11938835756,0.0,3971569.075065822,4309109.32583089,337540.2507650678,-18417.23497213091,355957.48573719873,7726,0,9,431.8908939317538,1368213.9412549762,1368926.625388598,712.6841336219611,-14830.76849285932,15543.45262648128,416,53,36,537.5443419943736,27,389,0,MPI-ESM1-2-LR,ssp585,2031_2050,central
core,lower,restricted,8524,8977,2200,15929814.759277975,15754169.639889617,-175645.11938835756,-175645.11938835756,0.0,4472360.504987216,4900179.118751788,427818.6137645721,-11884.04590130853,439702.6596658806,8934,43,573,57921.98379017644,748032.9891227153,769672.1359584639,21639.146835748572,-1111.1595655202527,22750.306401268823,398,34,130,10669.35628226429,149,249,0,MPI-ESM1-2-LR,ssp585,2031_2050,central
core,lower,unadjusted,8524,8977,2221,15929814.759277975,15754169.639889617,-175645.11938835756,-175645.11938835756,0.0,4576003.660295937,5006301.997185027,430298.33688909013,-12448.414015487846,442746.75090457796,8934,43,573,59963.87263050544,791227.7108586599,815066.0256919024,23838.31483324244,-1210.2227414939634,25048.5375747364,402,34,130,12195.917330404536,149,253,0,MPI-ESM1-2-LR,ssp585,2031_2050,central
core,upper,restricted,8524,8374,2200,15929814.759277975,15754169.639889617,-175645.11938835756,-175645.11938835756,0.0,5288974.250412033,5656825.124963864,367850.8745518314,-14352.676088068709,382203.5506399001,8374,0,13,422.8747641959321,1808964.2939372202,1818694.5558506302,9730.261913409702,-10712.135158843592,20442.39707225329,498,60,44,717.438172479879,27,471,0,MPI-ESM1-2-LR,ssp585,2031_2050,central
core,upper,unadjusted,8524,8374,2221,15929814.759277975,15754169.639889617,-175645.11938835756,-175645.11938835756,0.0,5398925.727422666,5767345.294504619,368419.56708195346,-14883.88631999805,383303.4534019515,8374,0,13,520.5751278789535,1913801.1222760326,1925031.0346601985,11229.91238416589,-11123.673740680992,22353.58612484688,501,62,43,663.9464361951278,27,474,0,MPI-ESM1-2-LR,ssp585,2031_2050,central
conservative,lower,restricted,8524,6298,2200,15929814.759277975,15754169.639889617,-175645.11938835756,-175645.11938835756,0.0,2901460.15674876,3182955.375576822,281495.21882806224,-12821.330752473265,294316.5495805355,6270,28,515,52194.33693530737,504391.06578663195,520874.7360438419,16483.67025720997,-3890.7541891688174,20374.424446378787,389,26,122,10396.33442505694,204,185,0,MPI-ESM1-2-LR,ssp585,2031_2050,historical_error_longer_ice
conservative,lower,unadjusted,8524,6298,2221,15929814.759277975,15754169.639889617,-175645.11938835756,-175645.11938835756,0.0,2970463.011193683,3254098.8216005675,283635.8104068847,-13626.419891213283,297262.230298098,6270,28,515,53965.66006574893,533582.9167920934,551818.9075516846,18235.990759591205,-4210.886836922516,22446.877596513717,391,26,122,11887.578608223299,205,186,0,MPI-ESM1-2-LR,ssp585,2031_2050,historical_error_longer_ice
conservative,upper,restricted,8524,5773,2200,15929814.759277975,15754169.639889617,-175645.11938835756,-175645.11938835756,0.0,3594371.9454318527,3821474.3881813143,227102.44274946186,-15416.391092486403,242518.83384194828,5773,0,18,396.6211967201217,1281810.9040482307,1288351.0935511624,6540.189502931598,-14078.387798003198,20618.577300934794,504,44,37,601.0777369321305,117,387,0,MPI-ESM1-2-LR,ssp585,2031_2050,historical_error_longer_ice
conservative,upper,unadjusted,8524,5773,2221,15929814.759277975,15754169.639889617,-175645.11938835756,-175645.11938835756,0.0,3668940.824465826,3896540.4476395706,227599.6231737444,-16191.268619007798,243790.8917927522,5773,0,18,494.3215604031431,1357653.7965674077,1364552.2830175452,6898.48645013762,-14784.068239100601,21682.55468923822,505,46,36,537.5443419943736,118,387,0,MPI-ESM1-2-LR,ssp585,2031_2050,historical_error_longer_ice
core,lower,restricted,8524,6952,2200,15929814.759277975,15754169.639889617,-175645.11938835756,-175645.11938835756,0.0,4135201.2663897565,4454342.352894369,319141.08650461247,-9276.437193596188,328417.5236982086,6920,32,573,57997.1521171951,742255.503977609,766551.786831802,24296.28285419303,-1079.6751108964,25375.95796508943,465,31,130,10669.35628226429,218,247,0,MPI-ESM1-2-LR,ssp585,2031_2050,historical_error_longer_ice
core,lower,unadjusted,8524,6952,2221,15929814.759277975,15754169.639889617,-175645.11938835756,-175645.11938835756,0.0,4237189.338551888,4559509.269943342,322319.93139145273,-9809.200095805912,332129.13148725865,6920,32,573,60039.0409575241,784953.1065735702,811585.2337518845,26632.127178314353,-1175.2378041567097,27807.36498247106,470,31,130,12195.917330404536,219,251,0,MPI-ESM1-2-LR,ssp585,2031_2050,historical_error_longer_ice
core,upper,restricted,8524,6371,2200,15929814.759277975,15754169.639889617,-175645.11938835756,-175645.11938835756,0.0,4951815.011814574,5210988.359106446,259173.34729187176,-11745.067380356368,270918.41467222816,6371,0,24,498.0430912145956,1798446.6406849008,1814637.0811100288,16190.440425128143,-10664.520453882518,26854.960879010658,595,53,44,717.438172479879,126,469,0,MPI-ESM1-2-LR,ssp585,2031_2050,historical_error_longer_ice
core,upper,unadjusted,8524,6371,2221,15929814.759277975,15754169.639889617,-175645.11938835756,-175645.11938835756,0.0,5060111.405678617,5320552.567262933,260441.16158431608,-12244.672400316116,272685.83398463216,6371,0,24,595.743454897617,1902512.6180741496,1920564.1004142107,18051.482340061055,-11070.281806699144,29121.764146760197,599,55,43,663.9464361951278,127,472,0,MPI-ESM1-2-LR,ssp585,2031_2050,historical_error_longer_ice
conservative,lower,restricted,8524,10455,2200,15929814.759277975,15754169.639889617,-175645.11938835756,-175645.11938835756,0.0,3589920.5901038717,3972418.7407210544,382498.150617183,-19369.932809401216,401868.0834265842,10415,40,515,52019.65718709546,510036.6767568044,524417.3693025862,14380.692545781769,-3921.1805135316954,18301.873059313464,317,33,122,10396.33442505694,130,187,0,MPI-ESM1-2-LR,ssp585,2031_2050,historical_error_shorter_ice
conservative,lower,unadjusted,8524,10455,2221,15929814.759277975,15754169.639889617,-175645.11938835756,-175645.11938835756,0.0,3661269.9542284994,4046200.0150944376,384930.0608659385,-20212.86359530388,405142.92446124234,10415,40,515,53790.980317537025,539761.8779957737,555732.7677550071,15970.88975923346,-4245.456602583413,20216.34636181687,318,33,122,11887.578608223299,130,188,0,MPI-ESM1-2-LR,ssp585,2031_2050,historical_error_shorter_ice
conservative,upper,restricted,8524,9906,2200,15929814.759277975,15754169.639889617,-175645.11938835756,-175645.11938835756,0.0,4282832.378786964,4610937.753325547,328105.3745385826,-21964.993149414357,350070.36768799694,9906,0,6,221.94144850820942,1292963.7965221866,1294323.7965448657,1360.0000226792017,-14147.40314169479,15507.403164373989,401,55,37,601.0777369321305,12,389,0,MPI-ESM1-2-LR,ssp585,2031_2050,historical_error_shorter_ice
conservative,upper,unadjusted,8524,9906,2221,15929814.759277975,15754169.639889617,-175645.11938835756,-175645.11938835756,0.0,4359747.767500643,4688641.641133441,328893.87363279815,-22777.712323098393,351671.58595589653,9906,0,6,319.6418121912308,1369607.1962361631,1370947.5359528866,1340.3397167232843,-14859.497573009685,16199.837289732966,401,57,36,537.5443419943736,12,389,0,MPI-ESM1-2-LR,ssp585,2031_2050,historical_error_shorter_ice
core,lower,restricted,8524,10820,2200,15929814.759277975,15754169.639889617,-175645.11938835756,-175645.11938835756,0.0,4885914.716615793,5297567.681218302,411652.964602508,-16557.422403928886,428210.3870064369,10773,47,573,57784.47830833111,748484.0901347292,770174.7996685624,21690.709533833302,-1116.1095642978876,22806.81909813119,387,38,130,10669.35628226429,138,249,0,MPI-ESM1-2-LR,ssp585,2031_2050,historical_error_shorter_ice
core,lower,unadjusted,8524,10820,2221,15929814.759277975,15754169.639889617,-175645.11938835756,-175645.11938835756,0.0,4990789.336331117,5405467.86558715,414678.5292560329,-17138.93700811766,431817.4662641506,10773,47,573,59826.367148660116,791722.963601865,815587.2835477246,23864.319945859657,-1215.9263220216399,25080.246267881295,391,38,130,12195.917330404536,138,253,0,MPI-ESM1-2-LR,ssp585,2031_2050,historical_error_shorter_ice
core,upper,restricted,8524,10209,2200,15929814.759277975,15754169.639889617,-175645.11938835756,-175645.11938835756,0.0,5702528.462040611,6054213.687430378,351685.2253897673,-19026.052590689065,370711.27798045636,10209,0,9,285.3692823506078,1810315.6887243122,1820716.0499115414,10400.361187229217,-10740.120197446762,21140.481384675975,485,64,44,717.438172479879,14,471,0,MPI-ESM1-2-LR,ssp585,2031_2050,historical_error_shorter_ice
core,upper,unadjusted,8524,10209,2221,15929814.759277975,15754169.639889617,-175645.11938835756,-175645.11938835756,0.0,5813711.403457846,6166511.162906742,352799.7594488962,-19574.409312627864,372374.1687615241,10209,0,9,383.0696460336292,1915201.459680149,1927074.3842865885,11872.924606439414,-11152.481355708362,23025.40596214777,488,66,43,663.9464361951278,14,474,0,MPI-ESM1-2-LR,ssp585,2031_2050,historical_error_shorter_ice
conservative,lower,restricted,8754,33488,5175,15929814.759277975,15540341.119218068,-389473.6400599055,-389473.6400599055,0.0,3202969.1023642085,4419514.811524429,1216545.709160221,-3243.6864073773136,1219789.3955675983,33466,22,1015,92245.10051443028,509591.82494149316,553223.4495820472,43631.62464055402,1804.8262456512828,41826.79839490273,770,13,312,21571.060627134448,356,410,4,MPI-ESM1-2-LR,ssp585,2081_2100,central
conservative,lower,unadjusted,8754,33488,5229,15929814.759277975,15540341.119218068,-389473.6400599055,-389473.6400599055,0.0,3273091.2617936786,4497220.121847315,1224128.8600536364,-4123.047874494202,1228251.9079281306,33466,22,1015,94800.54969292616,539273.7076754981,585343.1843235571,46069.47664805888,1630.3087866434246,44439.167861415444,766,13,312,23434.63262510959,356,406,4,MPI-ESM1-2-LR,ssp585,2081_2100,central
conservative,upper,restricted,8754,32481,5175,15929814.759277975,15540341.119218068,-389473.6400599055,-389473.6400599055,0.0,3895880.8910473012,5020232.172167755,1124351.2811204535,-4177.987872371876,1128529.2689928254,32481,0,30,984.973939657215,1291618.6509317972,1341323.5017944323,49704.85086263509,-1837.9219542157912,51542.77281685087,916,30,51,2069.67125690255,64,847,5,MPI-ESM1-2-LR,ssp585,2081_2100,central
conservative,upper,unadjusted,8754,32481,5229,15929814.759277975,15540341.119218068,-389473.6400599055,-389473.6400599055,0.0,3971569.075065822,5100947.996570984,1129378.9215051623,-5143.407076609409,1134522.3285817716,32481,0,30,1070.9703465672321,1368213.9412549762,1418990.2558311608,50776.31457618457,-2517.0534028295738,53293.36797901414,918,30,50,2058.5553350481714,64,849,5,MPI-ESM1-2-LR,ssp585,2081_2100,central
core,lower,restricted,8754,34842,5175,15929814.759277975,15540341.119218068,-389473.6400599055,-389473.6400599055,0.0,4472360.504987216,5750062.423289705,1277701.9183024892,-1119.4454469921402,1278821.3637494815,34817,25,1119,99389.78031635308,748032.9891227153,802541.7735264939,54508.78440377866,6693.658272593694,47815.12613118496,875,15,329,22022.545432272156,373,498,4,MPI-ESM1-2-LR,ssp585,2081_2100,central
core,lower,unadjusted,8754,34842,5229,15929814.759277975,15540341.119218068,-389473.6400599055,-389473.6400599055,0.0,4576003.660295937,5861865.4302777685,1285861.769981831,-1741.86086171368,1287603.6308435448,34817,25,1119,102184.88503062086,791227.7108586599,848712.2009800011,57484.49012134125,6842.887840594672,50641.60228074657,866,15,329,23934.650683218504,373,489,4,MPI-ESM1-2-LR,ssp585,2081_2100,central
core,upper,restricted,8754,33741,5175,15929814.759277975,15540341.119218068,-389473.6400599055,-389473.6400599055,0.0,5288974.250412033,6468807.479852516,1179833.2294404837,-1184.3456550157598,1181017.5750954996,33741,0,43,1585.9916623712022,1808964.2939372202,1870192.1430153884,61227.84907816802,4366.66458713914,56861.18449102887,1040,35,60,2550.8198661248243,66,969,5,MPI-ESM1-2-LR,ssp585,2081_2100,central
core,upper,unadjusted,8754,33741,5229,15929814.759277975,15540341.119218068,-389473.6400599055,-389473.6400599055,0.0,5398925.727422666,6584124.089392984,1185198.3619703185,-1892.3719118868344,1187090.7338822053,33741,0,43,1671.9880692812192,1913801.1222760326,1977511.3759214906,63710.253645458026,4049.4469715057685,59660.806673952255,1036,35,59,2553.3087457489387,66,965,5,MPI-ESM1-2-LR,ssp585,2081_2100,central
conservative,lower,restricted,8754,25254,5175,15929814.759277975,15540341.119218068,-389473.6400599055,-389473.6400599055,0.0,2901460.15674876,4041019.762991599,1139559.606242839,1240.680813744466,1138318.9254290946,25238,16,1015,92324.35830485207,504391.06578663195,552988.6139119406,48597.548125308625,1907.3225825631343,46690.22554274549,880,9,312,21571.060627134448,466,404,10,MPI-ESM1-2-LR,ssp585,2081_2100,historical_error_longer_ice
conservative,lower,unadjusted,8754,25254,5229,15929814.759277975,15540341.119218068,-389473.6400599055,-389473.6400599055,0.0,2970463.011193683,4117905.5665003583,1147442.5553066751,394.6575042386064,1147047.8978024365,25238,16,1015,94879.80748334795,533582.9167920934,585085.9811628865,51503.06437079301,1743.406690845899,49759.6576799471,877,9,312,23434.63262510959,467,401,9,MPI-ESM1-2-LR,ssp585,2081_2100,historical_error_longer_ice
conservative,upper,restricted,8754,24259,5175,15929814.759277975,15540341.119218068,-389473.6400599055,-389473.6400599055,0.0,3594371.9454318527,4641737.123634924,1047365.1782030715,306.3793487499038,1047058.7988543215,24259,0,36,1064.2317300790048,1281810.9040482307,1340867.3344206526,59056.43037242187,-1635.460555365715,60691.89092778758,1074,25,51,2069.67125690255,222,838,14,MPI-ESM1-2-LR,ssp585,2081_2100,historical_error_longer_ice
conservative,upper,unadjusted,8754,24259,5229,15929814.759277975,15540341.119218068,-389473.6400599055,-389473.6400599055,0.0,3668940.824465826,4721633.441224027,1052692.616758201,-625.7016978766005,1053318.3184560777,24259,0,36,1150.2281369890218,1357653.7965674077,1418508.8235453581,60855.02697795047,-2295.779058937894,63150.80603688835,1077,25,50,2058.5553350481714,223,841,13,MPI-ESM1-2-LR,ssp585,2081_2100,historical_error_longer_ice
core,lower,restricted,8754,27083,5175,15929814.759277975,15540341.119218068,-389473.6400599055,-389473.6400599055,0.0,4135201.2663897565,5362235.831041253,1227034.5646514972,4143.266736427706,1222891.2979150694,27064,19,1119,99469.03810677487,742255.503977609,802306.9378563873,60051.43387877837,6813.920554558986,53237.51332421938,993,11,329,22022.545432272156,491,492,10,MPI-ESM1-2-LR,ssp585,2081_2100,historical_error_longer_ice
core,lower,unadjusted,8754,27083,5229,15929814.759277975,15540341.119218068,-389473.6400599055,-389473.6400599055,0.0,4237189.338551888,5473219.331215192,1236029.9926633025,3564.598247784574,1232465.394415518,27064,19,1119,102264.14282104265,784953.1065735702,848454.9978193307,63501.89124576047,6973.920178875456,56527.971066885,985,11,329,23934.650683218504,492,484,9,MPI-ESM1-2-LR,ssp585,2081_2100,historical_error_longer_ice
core,upper,restricted,8754,25994,5175,15929814.759277975,15540341.119218068,-389473.6400599055,-389473.6400599055,0.0,4951815.011814574,6080980.887604065,1129165.8757894917,4078.3665284040867,1125087.5092610875,25994,0,49,1665.2494527929919,1798446.6406849008,1869721.5222260049,71274.88154110403,4586.709246143366,66688.17229496065,1209,30,60,2550.8198661248243,235,960,14,MPI-ESM1-2-LR,ssp585,2081_2100,historical_error_longer_ice
core,upper,unadjusted,8754,25994,5229,15929814.759277975,15540341.119218068,-389473.6400599055,-389473.6400599055,0.0,5060111.405678617,6195477.990330406,1135366.5846517899,3414.08719761142,1131952.4974541783,25994,0,49,1751.2458597030088,1902512.6180741496,1977014.5506264544,74501.93255230474,4288.480847881933,70213.45170442281,1206,30,59,2553.3087457489387,236,957,13,MPI-ESM1-2-LR,ssp585,2081_2100,historical_error_longer_ice
conservative,lower,restricted,8754,37681,5175,15929814.759277975,15540341.119218068,-389473.6400599055,-389473.6400599055,0.0,3589920.5901038717,4705692.09982219,1115771.509718318,-9981.864464095583,1125753.3741824136,37648,33,1015,92189.46794411312,510036.6767568044,553237.5467853625,43200.87002855816,1793.0912914953171,41407.778737062836,734,16,312,21571.060627134448,320,414,0,MPI-ESM1-2-LR,ssp585,2081_2100,historical_error_shorter_ice
conservative,lower,unadjusted,8754,37681,5229,15929814.759277975,15540341.119218068,-389473.6400599055,-389473.6400599055,0.0,3661269.9542284994,4784210.181257369,1122940.2270288696,-10951.069523196817,1133891.2965520662,37648,33,1015,94744.917122609,539761.8779957737,585358.7919415133,45596.91394573971,1616.8273998282095,43980.086545911494,730,16,312,23434.63262510959,320,410,0,MPI-ESM1-2-LR,ssp585,2081_2100,historical_error_shorter_ice
conservative,upper,restricted,8754,36652,5175,15929814.759277975,15540341.119218068,-389473.6400599055,-389473.6400599055,0.0,4282832.378786964,5306409.460465515,1023577.0816785503,-10916.165929090144,1034493.2476076406,36652,0,19,929.341369340062,1292963.7965221866,1341337.5989977478,48373.802475561206,-1899.8109883634409,50273.61346392464,864,33,51,2069.67125690255,12,852,0,MPI-ESM1-2-LR,ssp585,2081_2100,historical_error_shorter_ice
conservative,upper,unadjusted,8754,36652,5229,15929814.759277975,15540341.119218068,-389473.6400599055,-389473.6400599055,0.0,4359747.767500643,5387938.055981038,1028190.2884803953,-11971.428725312024,1040161.7172057073,36652,0,19,1015.337776250079,1369607.1962361631,1419005.8634491172,49398.66721295388,-2580.9186330641296,51979.585846018,866,33,50,2058.5553350481714,12,854,0,MPI-ESM1-2-LR,ssp585,2081_2100,historical_error_shorter_ice
core,lower,restricted,8754,38499,5175,15929814.759277975,15540341.119218068,-389473.6400599055,-389473.6400599055,0.0,4885914.716615793,6046126.76465215,1160212.048036356,-8773.324952556693,1168985.3729889127,38457,42,1119,99289.4723763829,748484.0901347292,802555.8707298094,54071.780595080236,6681.7602927076405,47390.02030237259,839,19,329,22022.545432272156,337,502,0,MPI-ESM1-2-LR,ssp585,2081_2100,historical_error_shorter_ice
core,lower,unadjusted,8754,38499,5229,15929814.759277975,15540341.119218068,-389473.6400599055,-389473.6400599055,0.0,4990789.336331117,6158787.637371946,1167998.3010408294,-9485.773139065237,1177484.0741798945,38457,42,1119,102084.57709065067,791722.963601865,848727.8085979575,57004.84499609251,6829.221691285356,50175.623304807144,830,19,329,23934.650683218504,337,493,0,MPI-ESM1-2-LR,ssp585,2081_2100,historical_error_shorter_ice
core,upper,restricted,8754,37364,5175,15929814.759277975,15540341.119218068,-389473.6400599055,-389473.6400599055,0.0,5702528.462040611,6764871.821214962,1062343.3591743505,-8838.225160580312,1071181.5843349309,37364,0,26,1485.683722401006,1810315.6887243122,1870206.2402187039,59890.55149439158,4304.612527261403,55585.93896713017,988,39,60,2550.8198661248243,14,974,0,MPI-ESM1-2-LR,ssp585,2081_2100,historical_error_shorter_ice
core,upper,unadjusted,8754,37364,5229,15929814.759277975,15540341.119218068,-389473.6400599055,-389473.6400599055,0.0,5813711.403457846,6881046.296487162,1067334.8930293166,-9636.284189238391,1076971.177218555,37364,0,26,1571.680129311023,1915201.459680149,1977526.983539447,62325.52385929776,3985.396978777113,58340.12688052064,984,39,59,2553.3087457489387,14,970,0,MPI-ESM1-2-LR,ssp585,2081_2100,historical_error_shorter_ice
conservative,lower,restricted,8470,6477,7044,17984559.53491846,18237440.02961654,252880.49469808038,252880.49469808038,0.0,3464786.5400728397,3906977.388356406,442190.8482835662,100794.99173541667,341395.85654814955,6456,21,212,30992.375709120337,611962.4333615241,654309.0584813447,42346.62511982055,24959.4748646766,17387.150255143955,394,0,46,6461.833423516602,93,291,10,MRI-ESM2-0,ssp126,2031_2050,central
conservative,lower,unadjusted,8470,6477,7054,17984559.53491846,18237440.02961654,252880.49469808038,252880.49469808038,0.0,3537913.95154165,3985297.7042554845,447383.7527138342,102898.0739073575,344485.6788064767,6456,21,212,32570.437964392564,643522.4218309902,689257.3700312073,45734.94820021716,26021.136932924674,19713.811267292484,390,0,46,7908.723338098078,93,287,10,MRI-ESM2-0,ssp126,2031_2050,central
conservative,upper,restricted,8470,6263,7044,17984559.53491846,18237440.02961654,252880.49469808038,252880.49469808038,0.0,4206318.6527130045,4645882.191967582,439563.53925457795,128761.24746041816,310802.29179415974,6262,1,18,398.810955130563,1530950.978723923,1609182.65591595,78231.677192027,58845.524836661636,19386.15235536536,578,0,82,1084.1176531133513,78,489,11,MRI-ESM2-0,ssp126,2031_2050,central
conservative,upper,unadjusted,8470,6263,7054,17984559.53491846,18237440.02961654,252880.49469808038,252880.49469808038,0.0,4285251.894396489,4728890.566069031,443638.67167254275,131119.96988250638,312518.7017900364,6262,1,18,603.4609479522202,1612466.02614161,1694515.7850111022,82049.7588694922,61562.290664127206,20487.468205364992,573,0,82,1128.1501622116407,78,484,11,MRI-ESM2-0,ssp126,2031_2050,central
core,lower,restricted,8470,7038,7044,17984559.53491846,18237440.02961654,252880.49469808038,252880.49469808038,0.0,4827077.63548603,5343624.472660278,516546.83717424824,137485.39087146378,379061.44630278443,7014,24,272,37020.35207428394,890058.3480813954,956163.6872626564,66105.33918126095,36012.878967045945,30092.460214215003,837,0,55,6682.781009722704,101,724,12,MRI-ESM2-0,ssp126,2031_2050,central
core,lower,unadjusted,8470,7038,7054,17984559.53491846,18237440.02961654,252880.49469808038,252880.49469808038,0.0,4936071.889229732,5459430.432294487,523358.54306475585,140933.08965884717,382425.45340590866,7014,24,272,38867.336817195224,937239.0108704197,1008293.8361433842,71054.82527296462,37765.796590242004,33289.028682722615,835,0,55,8158.209448616155,101,722,12,MRI-ESM2-0,ssp126,2031_2050,central
core,upper,restricted,8470,6761,7044,17984559.53491846,18237440.02961654,252880.49469808038,252880.49469808038,0.0,5702881.585728482,6214556.829054374,511675.24332589214,169235.3381422611,342439.90518363105,6760,1,18,398.810955130563,2121651.5621161642,2233933.115928136,112281.55381197149,78207.38645227697,34074.16735969451,1131,0,132,2000.3652329516349,80,1040,11,MRI-ESM2-0,ssp126,2031_2050,central
core,upper,unadjusted,8470,6761,7054,17984559.53491846,18237440.02961654,252880.49469808038,252880.49469808038,0.0,5818403.531549376,6335539.751266946,517136.21971756965,172974.64218090402,344161.57753666566,6760,1,18,603.4609479522202,2235274.5500362385,2353517.1086018877,118242.55856564916,82126.56908455274,36115.98948109642,1128,0,132,2086.5026233313856,80,1037,11,MRI-ESM2-0,ssp126,2031_2050,central
conservative,lower,restricted,8470,5151,7044,17984559.53491846,18237440.02961654,252880.49469808038,252880.49469808038,0.0,3122481.5079363007,3479804.6147315037,357323.10679520277,95236.28923524043,262086.8175599623,5145,6,212,31124.129344065568,601887.3330156216,645263.3770199555,43376.04400433389,24654.160231071226,18721.88377326266,420,0,46,6461.833423516602,152,256,12,MRI-ESM2-0,ssp126,2031_2050,historical_error_longer_ice
conservative,lower,unadjusted,8470,5151,7054,17984559.53491846,18237440.02961654,252880.49469808038,252880.49469808038,0.0,3194304.195021353,3556564.6302288263,362260.43520747346,97327.37780858067,264933.05739889276,5145,6,212,32716.56723375127,632629.6964083306,679285.6692156965,46655.97280736598,25688.153373637513,20967.819433728462,416,0,46,7908.723338098078,152,252,12,MRI-ESM2-0,ssp126,2031_2050,historical_error_longer_ice
conservative,upper,restricted,8470,4965,7044,17984559.53491846,18237440.02961654,252880.49469808038,252880.49469808038,0.0,3864013.620576466,4218709.418342681,354695.79776621447,123202.54496024192,231493.25280597253,4965,0,32,530.5645900757931,1512694.1765394334,1595753.012297082,83058.83575764854,58308.75545642224,24750.08030122631,619,0,82,1084.1176531133513,161,447,11,MRI-ESM2-0,ssp126,2031_2050,historical_error_longer_ice
conservative,upper,unadjusted,8470,4965,7054,17984559.53491846,18237440.02961654,252880.49469808038,252880.49469808038,0.0,3941642.137876191,4300157.492042373,358515.354166182,125549.27378372956,232966.08038245243,4965,0,32,749.5902173109228,1592894.1518773346,1679911.8537512398,87017.70187390514,60978.86777260622,26038.83410129891,614,0,82,1128.1501622116407,161,442,11,MRI-ESM2-0,ssp126,2031_2050,historical_error_longer_ice
core,lower,restricted,8470,5736,7044,17984559.53491846,18237440.02961654,252880.49469808038,252880.49469808038,0.0,4443412.328984978,4873013.90072582,429601.57174084213,131363.67059254312,298237.90114829905,5730,6,271,36847.27161925108,879348.8738693106,947101.0444794146,67752.17061010392,35701.48973717952,32050.680872924393,869,0,55,6682.781009722704,166,689,14,MRI-ESM2-0,ssp126,2031_2050,historical_error_longer_ice
core,lower,unadjusted,8470,5736,7054,17984559.53491846,18237440.02961654,252880.49469808038,252880.49469808038,0.0,4550484.265613824,4987206.345697875,436722.0800840508,134797.60124306544,301924.47884098534,5730,6,271,38708.63199657583,925704.2615728196,998305.1740060208,72600.9124332012,37426.606556021514,35174.30587717968,867,0,55,8158.209448616155,166,687,14,MRI-ESM2-0,ssp126,2031_2050,historical_error_longer_ice
core,upper,restricted,8470,5495,7044,17984559.53491846,18237440.02961654,252880.49469808038,252880.49469808038,0.0,5319216.27922743,5743946.257119916,424729.9778924861,163113.61786334042,261616.36002914564,5494,1,35,225.73050009769722,2102493.309849074,2220329.4001923962,117836.09034332242,77661.36816424674,40174.722179075674,1180,0,132,2000.3652329516349,171,997,12,MRI-ESM2-0,ssp126,2031_2050,historical_error_longer_ice
core,upper,unadjusted,8470,5495,7054,17984559.53491846,18237440.02961654,252880.49469808038,252880.49469808038,0.0,5432815.907933469,5863315.664670334,430499.7567368646,166839.1537651223,263660.60297174234,5494,1,35,444.7561273328269,2214782.411943777,2338738.487651519,123956.07570774185,81533.56075412301,42422.51495361884,1177,0,132,2086.5026233313856,171,994,12,MRI-ESM2-0,ssp126,2031_2050,historical_error_longer_ice
conservative,lower,restricted,8470,7837,7044,17984559.53491846,18237440.02961654,252880.49469808038,252880.49469808038,0.0,3910050.37456268,4371130.859905102,461080.4853424229,103398.35535859705,357682.12998382584,7807,30,212,30886.542912440716,613351.450027591,654983.039036857,41631.589009266034,24984.663836204203,16646.92517306183,354,0,46,6461.833423516602,49,302,3,MRI-ESM2-0,ssp126,2031_2050,historical_error_shorter_ice
conservative,lower,unadjusted,8470,7837,7054,17984559.53491846,18237440.02961654,252880.49469808038,252880.49469808038,0.0,3984630.973336158,4451076.60518794,466445.6318517825,105499.71304366023,360945.9188081223,7807,30,212,32464.605167712944,644994.876868411,689973.7149394132,44978.83807100224,26048.43507167669,18930.40299932555,350,0,46,7908.723338098078,49,298,3,MRI-ESM2-0,ssp126,2031_2050,historical_error_shorter_ice
conservative,upper,restricted,8470,7605,7044,17984559.53491846,18237440.02961654,252880.49469808038,252880.49469808038,0.0,4651582.487202845,5110035.663516279,458453.1763134346,131364.61108359855,327088.56522983604,7604,1,9,292.9781584509416,1535886.5348877,1612135.9368774858,76249.4019897857,58910.41733920097,17338.984650584738,515,0,82,1084.1176531133513,8,507,0,MRI-ESM2-0,ssp126,2031_2050,historical_error_shorter_ice
conservative,upper,unadjusted,8470,7605,7054,17984559.53491846,18237440.02961654,252880.49469808038,252880.49469808038,0.0,4731968.916190996,5194669.467001487,462700.550810491,133721.6090188091,328978.9417916819,7604,1,9,497.6281512725988,1617507.4649998625,1697716.294751502,80208.82975163951,61629.91338590172,18578.9163657378,510,0,82,1128.1501622116407,8,502,0,MRI-ESM2-0,ssp126,2031_2050,historical_error_shorter_ice
core,lower,restricted,8470,8161,7044,17984559.53491846,18237440.02961654,252880.49469808038,252880.49469808038,0.0,5304011.85835387,5831727.837232922,527715.9788790522,140148.71727640618,387567.2616026461,8128,33,272,36914.51927760432,891462.8986071894,956845.276262694,65382.37765550463,36038.395054753484,29343.982600751144,796,0,55,6682.781009722704,56,735,5,MRI-ESM2-0,ssp126,2031_2050,historical_error_shorter_ice
core,lower,unadjusted,8470,8161,7054,17984559.53491846,18237440.02961654,252880.49469808038,252880.49469808038,0.0,5414464.554992287,5949212.526904246,534747.9719119584,143594.6983440213,391153.27356793714,8128,33,272,38761.504020515604,938727.9914602366,1009018.8039553857,70290.81249514909,37793.44461177515,32497.367883373943,794,0,55,8158.209448616155,56,733,5,MRI-ESM2-0,ssp126,2031_2050,historical_error_shorter_ice
core,upper,restricted,8470,7866,7044,17984559.53491846,18237440.02961654,252880.49469808038,252880.49469808038,0.0,6179815.808596322,6702660.1936270185,522844.38503069617,171898.6645472035,350945.7204834927,7865,1,9,292.9781584509416,2126763.724616339,2236917.055664158,110153.33104781887,78274.61860396192,31878.712443856944,1068,0,132,2000.3652329516349,10,1058,0,MRI-ESM2-0,ssp126,2031_2050,historical_error_shorter_ice
core,upper,unadjusted,8470,7866,7054,17984559.53491846,18237440.02961654,252880.49469808038,252880.49469808038,0.0,6296796.197311932,6825321.845876705,528525.6485647722,175636.25086607813,352889.3976986941,7865,1,9,497.6281512725988,2240494.574023883,2356751.4207165292,116256.84669264649,82196.57777957644,34060.26891307005,1065,0,132,2086.5026233313856,10,1055,0,MRI-ESM2-0,ssp126,2031_2050,historical_error_shorter_ice
conservative,lower,restricted,8503,3789,7813,17984559.53491846,18532715.557784725,548156.0228662647,548156.0228662647,0.0,3464786.5400728397,3854282.115332625,389495.57525978563,160541.58371197016,228953.99154781547,3681,108,170,26946.073741376833,611962.4333615241,672139.2484681462,60176.81510662201,38580.04032849156,21596.774778130453,509,0,43,6385.990348307755,68,425,16,MRI-ESM2-0,ssp126,2081_2100,central
conservative,lower,unadjusted,8503,3789,7811,17984559.53491846,18532715.557784725,548156.0228662647,548156.0228662647,0.0,3537913.95154165,3933424.24425622,395510.2927145695,164130.64407716566,231379.64863740382,3681,108,170,28525.240232448064,643522.4218309902,708288.6793287167,64766.257497726525,40333.96226752253,24432.295230203985,505,0,43,7832.001910785685,68,421,16,MRI-ESM2-0,ssp126,2081_2100,central
conservative,upper,restricted,8503,3606,7813,17984559.53491846,18532715.557784725,548156.0228662647,548156.0228662647,0.0,4206318.6527130045,4614816.6200196305,408497.96730662574,205349.50179135046,203148.46551527528,3524,82,13,1140.547708836657,1530950.978723923,1650282.6882253333,119331.70950141046,93675.90314137097,25655.80636003948,747,0,89,1178.4538802872514,54,675,18,MRI-ESM2-0,ssp126,2081_2100,central
conservative,upper,unadjusted,8503,3606,7811,17984559.53491846,18532715.557784725,548156.0228662647,548156.0228662647,0.0,4285251.894396489,4698677.310388826,413425.4159923375,209357.23573243743,204068.18025990005,3524,82,13,1213.771854944319,1612466.02614161,1738025.6059772978,125559.57983568775,98145.8167546534,27413.763081034358,742,0,89,1227.592272330705,54,670,18,MRI-ESM2-0,ssp126,2081_2100,central
core,lower,restricted,8503,4007,7813,17984559.53491846,18532715.557784725,548156.0228662647,548156.0228662647,0.0,4827077.63548603,5284915.892063291,457838.2565772614,207655.5549801578,250182.7015971036,3885,122,221,32344.333548119263,890058.3480813954,977218.495215861,87160.14713446554,52366.77513891362,34793.37199555193,967,0,54,6662.095384073175,77,871,19,MRI-ESM2-0,ssp126,2081_2100,central
core,lower,unadjusted,8503,4007,7811,17984559.53491846,18532715.557784725,548156.0228662647,548156.0228662647,0.0,4936071.889229732,5401964.337325225,465892.448095493,213067.9193556887,252824.52873980431,3885,122,221,34186.945111084,937239.0108704197,1030758.4167222418,93519.40585182213,54996.572787284145,38522.833064537976,964,0,54,8141.92147756967,77,868,19,MRI-ESM2-0,ssp126,2081_2100,central
core,upper,restricted,8503,3770,7813,17984559.53491846,18532715.557784725,548156.0228662647,548156.0228662647,0.0,5702881.585728482,6179310.608755503,476429.02302702086,257390.82672770732,219038.19629931354,3678,92,14,1199.8282503292128,2121651.5621161642,2281470.286535629,159818.72441946497,118508.29924928762,41310.425170177325,1318,0,142,2137.713537412562,56,1244,18,MRI-ESM2-0,ssp126,2081_2100,central
core,upper,unadjusted,8503,3770,7811,17984559.53491846,18532715.557784725,548156.0228662647,548156.0228662647,0.0,5818403.531549376,6301580.651700447,483177.12015107117,263266.484125914,219910.6360251572,3678,92,14,1273.0523964368751,2235274.5500362385,2403956.7099411474,168682.159904909,124588.29389805208,44093.866006856915,1314,0,142,2231.94895379479,56,1240,18,MRI-ESM2-0,ssp126,2081_2100,central
conservative,lower,restricted,8503,2885,7813,17984559.53491846,18532715.557784725,548156.0228662647,548156.0228662647,0.0,3122481.5079363007,3439919.4114624714,317437.9035261705,146828.584082369,170609.31944380153,2786,99,170,26976.321944838186,601887.3330156216,661534.2513853536,59646.91836973192,37953.96092499875,21692.957444733172,476,0,43,6385.990348307755,128,324,24,MRI-ESM2-0,ssp126,2081_2100,historical_error_longer_ice
conservative,lower,unadjusted,8503,2885,7811,17984559.53491846,18532715.557784725,548156.0228662647,548156.0228662647,0.0,3194304.195021353,3517297.068699403,322992.8736780502,150376.47959741496,172616.39408063525,2786,99,170,28555.488435909418,632629.6964083306,696599.6528433926,63969.956435062086,39650.26759200476,24319.688843057324,472,0,43,7832.001910785685,128,320,24,MRI-ESM2-0,ssp126,2081_2100,historical_error_longer_ice
conservative,upper,restricted,8503,2706,7813,17984559.53491846,18532715.557784725,548156.0228662647,548156.0228662647,0.0,3864013.620576466,4200453.916149477,336440.29557301063,191636.5021617493,144803.79341126134,2631,75,15,1170.795912298009,1512694.1765394334,1632034.6335837487,119340.45704431509,92575.28707570612,26765.169968608978,699,0,89,1178.4538802872514,129,546,24,MRI-ESM2-0,ssp126,2081_2100,historical_error_longer_ice
conservative,upper,unadjusted,8503,2706,7811,17984559.53491846,18532715.557784725,548156.0228662647,548156.0228662647,0.0,3941642.137876191,4282550.13483201,340907.9969558182,195603.07125268673,145304.9257031315,2631,75,15,1244.0200584056713,1592894.1518773346,1718294.9637579466,125400.81188061206,96951.2931156052,28449.51876500687,694,0,89,1227.592272330705,129,541,24,MRI-ESM2-0,ssp126,2081_2100,historical_error_longer_ice
core,lower,restricted,8503,3163,7813,17984559.53491846,18532715.557784725,548156.0228662647,548156.0228662647,0.0,4443412.328984978,4824925.887670161,381513.55868518335,192312.80659011516,189200.7520950682,3054,109,221,32428.66293232739,879348.8738693106,966520.3010734669,87171.42720415628,51725.48594694044,35445.94125721583,939,0,54,6662.095384073175,142,770,27,MRI-ESM2-0,ssp126,2081_2100,historical_error_longer_ice
core,lower,unadjusted,8503,3163,7811,17984559.53491846,18532715.557784725,548156.0228662647,548156.0228662647,0.0,4550484.265613824,4940130.373369964,389646.1077561392,197668.02073931094,191978.0870168282,3054,109,221,34271.27449529213,925704.2615728196,1018968.0526369327,93263.79106411319,54297.17779166068,38966.6132724525,936,0,54,8141.92147756967,142,767,27,MRI-ESM2-0,ssp126,2081_2100,historical_error_longer_ice
core,upper,restricted,8503,2932,7813,17984559.53491846,18532715.557784725,548156.0228662647,548156.0228662647,0.0,5319216.27922743,5719320.604362373,400104.32513494283,242048.07833766472,158056.24679727812,2850,82,17,1284.1576345373385,2102493.309849074,2262815.5287386817,160322.21888960758,117383.51001238142,42938.708877226156,1275,0,142,2137.713537412562,137,1113,25,MRI-ESM2-0,ssp126,2081_2100,historical_error_longer_ice
core,upper,unadjusted,8503,2932,7811,17984559.53491846,18532715.557784725,548156.0228662647,548156.0228662647,0.0,5432815.907933469,5839746.6877451865,406930.77981171734,247866.58550953623,159064.1943021811,2850,82,17,1357.3817806450006,2214782.411943777,2383795.4952070503,169013.08326327303,123368.58723169367,45644.49603157935,1271,0,142,2231.94895379479,137,1109,25,MRI-ESM2-0,ssp126,2081_2100,historical_error_longer_ice
conservative,lower,restricted,8503,6023,7813,17984559.53491846,18532715.557784725,548156.0228662647,548156.0228662647,0.0,3910050.37456268,4358163.890008531,448113.5154458506,173414.82151151157,274698.693934339,5944,79,170,26859.323182884047,613351.450027591,673267.1265618043,59915.6765342134,38646.56722714822,21269.109307065188,513,0,43,6385.990348307755,43,465,5,MRI-ESM2-0,ssp126,2081_2100,historical_error_shorter_ice
conservative,lower,unadjusted,8503,6023,7811,17984559.53491846,18532715.557784725,548156.0228662647,548156.0228662647,0.0,3984630.973336158,4439324.938852653,454693.96551649534,177052.6745618413,277641.29095465405,5944,79,170,28438.48967395528,644994.876868411,709532.2795069724,64537.40263856145,40406.69941207329,24130.70322648815,509,0,43,7832.001910785685,43,461,5,MRI-ESM2-0,ssp126,2081_2100,historical_error_shorter_ice
conservative,upper,restricted,8503,5828,7813,17984559.53491846,18532715.557784725,548156.0228662647,548156.0228662647,0.0,4651582.487202845,5118698.394695535,467115.9074926907,218222.73959089187,248893.16790179882,5781,47,7,1053.7971503438696,1535886.5348877,1652382.178610862,116495.64372316176,93838.05098321119,22657.59273995056,739,0,89,1178.4538802872514,6,733,0,MRI-ESM2-0,ssp126,2081_2100,historical_error_shorter_ice
conservative,upper,unadjusted,8503,5828,7811,17984559.53491846,18532715.557784725,548156.0228662647,548156.0228662647,0.0,4731968.916190996,5204578.004985259,472609.08879426337,222279.26621711307,250329.8225771503,5781,47,7,1127.021296451532,1617507.4649998625,1740265.2148961655,122757.74989630301,98315.8129549707,24441.936941332315,734,0,89,1227.592272330705,6,728,0,MRI-ESM2-0,ssp126,2081_2100,historical_error_shorter_ice
core,lower,restricted,8503,6226,7813,17984559.53491846,18532715.557784725,548156.0228662647,548156.0228662647,0.0,5304011.85835387,5818130.242537908,514118.38418403873,221344.6767253813,292773.70745865745,6136,90,221,32257.582989626477,891462.8986071894,978354.1772676618,86891.27866047234,52433.96379270285,34457.31486776948,970,0,54,6662.095384073175,51,911,8,MRI-ESM2-0,ssp126,2081_2100,historical_error_shorter_ice
core,lower,unadjusted,8503,6226,7811,17984559.53491846,18532715.557784725,548156.0228662647,548156.0228662647,0.0,5414464.554992287,5937290.492295273,522825.937302985,226806.0930704114,296019.84423257364,6136,90,221,34100.194552591216,938727.9914602366,1032010.8613863925,93282.86992615592,55070.02052205097,38212.849404104956,967,0,54,8141.92147756967,51,908,8,MRI-ESM2-0,ssp126,2081_2100,historical_error_shorter_ice
core,upper,restricted,8503,5977,7813,17984559.53491846,18532715.557784725,548156.0228662647,548156.0228662647,0.0,6179815.808596322,6712524.95923012,532709.1506337982,271079.9484729309,261629.2021608674,5923,54,8,1113.0776918364254,2126763.724616339,2283601.268872138,156837.54425579926,118675.16298820633,38162.38126759293,1310,0,142,2137.713537412562,8,1302,0,MRI-ESM2-0,ssp126,2081_2100,historical_error_shorter_ice
core,upper,unadjusted,8503,5977,7811,17984559.53491846,18532715.557784725,548156.0228662647,548156.0228662647,0.0,6296796.197311932,6836906.806670495,540110.6093585632,277004.6578406367,263105.95151792647,5923,54,8,1186.3018379440878,2240494.574023883,2406231.0526697948,165736.4786459117,124763.11686589716,40973.36178001455,1306,0,142,2231.94895379479,8,1298,0,MRI-ESM2-0,ssp126,2081_2100,historical_error_shorter_ice
conservative,lower,restricted,8687,11995,16742,17984559.53491846,17785972.587336298,-198586.94758215957,-198586.94758215957,0.0,3464786.5400728397,4096873.315291994,632086.7752191542,21066.057847172884,611020.7173719814,11863,132,489,51313.97237766907,611962.4333615241,642736.4894845804,30774.056123056132,7545.032494602012,23229.02362845412,439,2,133,14179.868806666886,192,236,11,MRI-ESM2-0,ssp585,2031_2050,central
conservative,lower,unadjusted,8687,11995,16788,17984559.53491846,17785972.587336298,-198586.94758215957,-198586.94758215957,0.0,3537913.95154165,4174855.5148507766,636941.5633091263,21357.481289507265,615584.0820196191,11863,132,489,53197.964080328005,643522.4218309902,677037.7618788512,33515.34004786099,7910.7548427706215,25604.585205090367,437,2,133,15773.307960198126,192,234,11,MRI-ESM2-0,ssp585,2031_2050,central
conservative,upper,restricted,8687,11403,16742,17984559.53491846,17785972.587336298,-198586.94758215957,-198586.94758215957,0.0,4206318.6527130045,4793780.283356585,587461.6306435802,26935.151401845942,560526.4792417343,11403,0,29,819.7342474220251,1530950.978723923,1557833.3637701734,26882.38504625056,13088.409910591461,13793.975135659102,479,4,51,726.6256899348795,93,378,8,MRI-ESM2-0,ssp585,2031_2050,central
conservative,upper,unadjusted,8687,11403,16788,17984559.53491846,17785972.587336298,-198586.94758215957,-198586.94758215957,0.0,4285251.894396489,4876028.602572465,590776.7081759769,27278.224179030407,563498.4839969465,11403,0,29,1112.3660576554555,1612466.02614161,1641103.6812774935,28637.655135883542,13873.040620267031,14764.614515616518,476,4,51,766.6482546217072,93,375,8,MRI-ESM2-0,ssp585,2031_2050,central
core,lower,restricted,8687,12895,16742,17984559.53491846,17785972.587336298,-198586.94758215957,-198586.94758215957,0.0,4827077.63548603,5527788.688204278,700711.0527182485,37334.83970764054,663376.213010608,12748,147,562,57305.1030246764,890058.3480813954,937757.8539952979,47699.505913902525,14117.209747445024,33582.296166457505,791,2,145,14457.722513518689,206,574,11,MRI-ESM2-0,ssp585,2031_2050,central
core,lower,unadjusted,8687,12895,16788,17984559.53491846,17785972.587336298,-198586.94758215957,-198586.94758215957,0.0,4936071.889229732,5642620.043182315,706548.1539525837,38326.4843544222,668221.6695981615,12748,147,562,59449.914257124634,937239.0108704197,988964.3264879611,51725.3156175414,14968.86308708672,36756.452530454684,792,2,145,16080.704202418929,206,575,11,MRI-ESM2-0,ssp585,2031_2050,central
core,upper,restricted,8687,12218,16742,17984559.53491846,17785972.587336298,-198586.94758215957,-198586.94758215957,0.0,5702881.585728482,6354477.895360029,651596.3096315475,44606.75554727101,606989.5540842765,12218,0,32,918.4440983449582,2121651.5621161642,2169380.5507358415,47728.98861967719,22591.82363040189,25137.164989275305,904,5,91,1423.8654229443546,95,801,8,MRI-ESM2-0,ssp585,2031_2050,central
core,upper,unadjusted,8687,12218,16788,17984559.53491846,17785972.587336298,-198586.94758215957,-198586.94758215957,0.0,5818403.531549376,6474055.493925594,655651.9623762169,45669.131126601715,609982.8312496152,12218,0,32,1211.0759085783886,2235274.5500362385,2286325.4188838075,51050.86884756885,24102.392554869723,26948.47629269913,904,5,91,1502.6997930962305,95,801,8,MRI-ESM2-0,ssp585,2031_2050,central
conservative,lower,restricted,8687,8927,16742,17984559.53491846,17785972.587336298,-198586.94758215957,-198586.94758215957,0.0,3122481.5079363007,3642529.3209510217,520047.8130147211,22844.848778058506,497202.96423666255,8861,66,489,52013.36953406324,601887.3330156216,639386.3970639377,37499.064048316075,7419.609939189141,30079.45410912693,525,0,133,14179.868806666886,295,210,20,MRI-ESM2-0,ssp585,2031_2050,historical_error_longer_ice
conservative,lower,unadjusted,8687,8927,16788,17984559.53491846,17785972.587336298,-198586.94758215957,-198586.94758215957,0.0,3194304.195021353,3718257.5239769453,523953.3289555924,23153.14602519826,500800.1829303942,8861,66,489,53910.83929514134,632629.6964083306,673304.1506326104,40674.45422427991,7769.000692855331,32905.45353142458,523,0,133,15773.307960198126,295,208,20,MRI-ESM2-0,ssp585,2031_2050,historical_error_longer_ice
conservative,upper,restricted,8687,8467,16742,17984559.53491846,17785972.587336298,-198586.94758215957,-198586.94758215957,0.0,3864013.620576466,4339436.289015613,475422.66843914706,28713.942332731567,446708.7261064155,8467,0,95,1519.1314038161922,1512694.1765394334,1553163.9051664416,40469.72862700815,12902.306416689687,27567.42221031847,617,0,51,726.6256899348795,255,346,16,MRI-ESM2-0,ssp585,2031_2050,historical_error_longer_ice
conservative,upper,unadjusted,8687,8467,16788,17984559.53491846,17785972.587336298,-198586.94758215957,-198586.94758215957,0.0,3941642.137876191,4419430.611698634,477788.47382244305,29073.8889147214,448714.5849077216,8467,0,95,1825.2412724687917,1592894.1518773346,1636017.1449861785,43122.993108844,13660.464818463088,29462.52829038092,614,0,51,766.6482546217072,255,343,16,MRI-ESM2-0,ssp585,2031_2050,historical_error_longer_ice
core,lower,restricted,8687,9741,16742,17984559.53491846,17785972.587336298,-198586.94758215957,-198586.94758215957,0.0,4443412.328984978,5038336.601696539,594924.2727115608,39407.60990686526,555516.6628046955,9668,73,562,58128.46172214345,879348.8738693106,934384.0552245224,55035.1813552117,13991.382014845809,41043.7993403659,882,0,145,14457.722513518689,314,548,20,MRI-ESM2-0,ssp585,2031_2050,historical_error_longer_ice
core,lower,unadjusted,8687,9741,16788,17984559.53491846,17785972.587336298,-198586.94758215957,-198586.94758215957,0.0,4550484.265613824,5150856.594244833,600372.3286310089,40428.54731956312,559943.7813114458,9668,73,562,60286.75101301086,925704.2615728196,985206.0295011249,59501.76792830535,14826.504632235718,44675.26329606964,883,0,145,16080.704202418929,314,549,20,MRI-ESM2-0,ssp585,2031_2050,historical_error_longer_ice
core,upper,restricted,8687,9212,16742,17984559.53491846,17785972.587336298,-198586.94758215957,-198586.94758215957,0.0,5319216.27922743,5865025.80885229,545809.5296248599,46679.52574649573,499130.00387836416,9212,0,106,1741.8027958120124,2102493.309849074,2164682.4124773173,62189.10262824334,22408.17651868693,39780.926109556414,1052,0,91,1423.8654229443546,267,769,16,MRI-ESM2-0,ssp585,2031_2050,historical_error_longer_ice
core,upper,unadjusted,8687,9212,16788,17984559.53491846,17785972.587336298,-198586.94758215957,-198586.94758215957,0.0,5432815.907933469,5982292.044988112,549476.1370546422,47771.19409174263,501704.9429628996,9212,0,106,2047.912664464612,2214782.411943777,2281209.2235472375,66426.8116034605,23892.11360730296,42534.69799615756,1052,0,91,1502.6997930962305,267,769,16,MRI-ESM2-0,ssp585,2031_2050,historical_error_longer_ice
conservative,lower,restricted,8687,15473,16742,17984559.53491846,17785972.587336298,-198586.94758215957,-198586.94758215957,0.0,3910050.37456268,4505405.5642713765,595355.1897086973,11205.5190623738,584149.6706463235,15330,143,489,51116.26446814526,613351.450027591,643225.8079856477,29874.35795805677,7533.385574685197,22340.972383371573,382,4,133,14179.868806666886,135,240,7,MRI-ESM2-0,ssp585,2031_2050,historical_error_shorter_ice
conservative,lower,unadjusted,8687,15473,16788,17984559.53491846,17785972.587336298,-198586.94758215957,-198586.94758215957,0.0,3984630.973336158,4585128.28594276,600497.3126066027,11477.244849856133,589020.0677567465,15330,143,489,53000.25617080419,644994.876868411,677548.2362409362,32553.359372525152,7900.39219911239,24652.967173412762,380,4,133,15773.307960198126,135,238,7,MRI-ESM2-0,ssp585,2031_2050,historical_error_shorter_ice
conservative,upper,restricted,8687,14859,16742,17984559.53491846,17785972.587336298,-198586.94758215957,-198586.94758215957,0.0,4651582.487202845,5202312.532335968,550730.0451331233,17074.61261704686,533655.4325160765,14859,0,18,622.026337898209,1535886.5348877,1560654.254527611,24767.719639910738,12987.793632077724,11779.926007833015,401,15,51,726.6256899348795,15,386,0,MRI-ESM2-0,ssp585,2031_2050,historical_error_shorter_ice
conservative,upper,unadjusted,8687,14859,16788,17984559.53491846,17785972.587336298,-198586.94758215957,-198586.94758215957,0.0,4731968.916190996,5286301.373664449,554332.4574734533,17397.987739379274,536934.469734074,14859,0,18,914.6581481316395,1617507.4649998625,1644138.2492165752,26630.78421671258,13774.092498258566,12856.691718454018,398,15,51,766.6482546217072,15,383,0,MRI-ESM2-0,ssp585,2031_2050,historical_error_shorter_ice
core,lower,restricted,8687,15922,16742,17984559.53491846,17785972.587336298,-198586.94758215957,-198586.94758215957,0.0,5304011.85835387,5956248.579042544,652236.7206886741,26830.152584651383,625406.5681040228,15763,159,562,57079.73625113193,891462.8986071894,938247.1724963653,46784.27388917591,14105.312725480744,32678.961163695167,732,4,145,14457.722513518689,147,578,7,MRI-ESM2-0,ssp585,2031_2050,historical_error_shorter_ice
core,lower,unadjusted,8687,15922,16788,17984559.53491846,17785972.587336298,-198586.94758215957,-198586.94758215957,0.0,5414464.554992287,6072895.461258714,658430.9062664263,27801.958155691154,630628.9481107352,15763,159,562,59224.547483580165,938727.9914602366,989474.800850046,50746.80938980944,14958.238039174485,35788.571350634964,733,4,145,16080.704202418929,147,579,7,MRI-ESM2-0,ssp585,2031_2050,historical_error_shorter_ice
core,upper,restricted,8687,15221,16742,17984559.53491846,17785972.587336298,-198586.94758215957,-198586.94758215957,0.0,6179815.808596322,6782937.786198295,603121.9776019732,34102.06842428186,569019.9091776913,15221,0,20,693.0773248004881,2126763.724616339,2172223.84884328,45460.12422694098,22485.908241758145,22974.215985182836,826,17,91,1423.8654229443546,17,809,0,MRI-ESM2-0,ssp585,2031_2050,historical_error_shorter_ice
core,upper,unadjusted,8687,15221,16788,17984559.53491846,17785972.587336298,-198586.94758215957,-198586.94758215957,0.0,6296796.197311932,6904330.912001992,607534.7146900595,35144.60492787067,572390.1097621889,15221,0,20,985.7091350339185,2240494.574023883,2289384.468542037,48889.894518154055,23998.141890401235,24891.75262775283,826,17,91,1502.6997930962305,17,809,0,MRI-ESM2-0,ssp585,2031_2050,historical_error_shorter_ice
conservative,lower,restricted,8726,29700,24851,17984559.53491846,17346317.768174633,-638241.766743827,-638241.766743827,0.0,3464786.5400728397,4734429.607898916,1269643.0678260769,15321.412043307033,1254321.65578277,29605,95,1017,97330.79800645982,611962.4333615241,655100.9347412452,43138.501379721114,13862.063048101536,29276.438331619578,559,3,310,23465.99822710079,370,167,22,MRI-ESM2-0,ssp585,2081_2100,central
conservative,lower,unadjusted,8726,29700,24921,17984559.53491846,17346317.768174633,-638241.766743827,-638241.766743827,0.0,3537913.95154165,4817970.144335209,1280056.192793559,15991.58619758353,1264064.6065959756,29605,95,1017,100047.09713207856,643522.4218309902,689633.7756659257,46111.35383493553,14457.730174795372,31653.623660140154,557,3,310,25391.263688120707,370,165,22,MRI-ESM2-0,ssp585,2081_2100,central
conservative,upper,restricted,8726,28669,24851,17984559.53491846,17346317.768174633,-638241.766743827,-638241.766743827,0.0,4206318.6527130045,5391500.380363671,1185181.727650666,26767.348174309478,1158414.3794763566,28669,0,81,1423.5217000464381,1530950.978723923,1572495.1845966694,41544.20587274655,30987.977442061438,10556.228430685109,427,5,61,747.9162332199837,116,311,0,MRI-ESM2-0,ssp585,2081_2100,central
conservative,upper,unadjusted,8726,28669,24921,17984559.53491846,17346317.768174633,-638241.766743827,-638241.766743827,0.0,4285251.894396489,5478290.716552813,1193038.8221563245,27514.939897521752,1165523.8822588027,28669,0,81,1506.3727949057572,1612466.02614161,1656128.6335057404,43662.60736413046,32514.98389893776,11147.623465192699,424,5,61,763.8426148952346,116,308,0,MRI-ESM2-0,ssp585,2081_2100,central
core,lower,restricted,8726,30930,24851,17984559.53491846,17346317.768174633,-638241.766743827,-638241.766743827,0.0,4827077.63548603,6170649.637630125,1343572.0021440946,20723.664732895275,1322848.3374111992,30820,110,1127,103957.0499463146,890058.3480813954,944054.6191731334,53996.27109173796,18144.520967734912,35851.75012400305,767,3,331,24035.576374516495,389,352,26,MRI-ESM2-0,ssp585,2081_2100,central
core,lower,unadjusted,8726,30930,24921,17984559.53491846,17346317.768174633,-638241.766743827,-638241.766743827,0.0,4936071.889229732,6291102.455800781,1355030.5665710496,22081.895581501045,1332948.6709895486,30820,110,1127,106938.49165178448,937239.0108704197,995047.2126283735,57808.2017579539,19172.678537782354,38635.523220171555,766,3,331,26016.291142946477,389,351,26,MRI-ESM2-0,ssp585,2081_2100,central
core,upper,restricted,8726,29789,24851,17984559.53491846,17346317.768174633,-638241.766743827,-638241.766743827,0.0,5702881.585728482,6958129.985481854,1255248.3997533717,33107.64284635857,1222140.756907013,29789,0,96,3249.4694421284375,2121651.5621161642,2175433.0073514814,53781.44523531684,36104.64010134274,17676.805133974092,686,6,99,1546.2080789819165,121,565,0,MRI-ESM2-0,ssp585,2081_2100,central
core,upper,unadjusted,8726,29789,24921,17984559.53491846,17346317.768174633,-638241.766743827,-638241.766743827,0.0,5818403.531549376,7082312.810109758,1263909.278560381,34566.778685629186,1229342.4998747518,29789,0,96,3332.320536987757,2235274.5500362385,2292297.8889532643,57023.33891702588,38346.51959928434,18676.819317741545,684,6,99,1599.6187431219066,121,563,0,MRI-ESM2-0,ssp585,2081_2100,central
conservative,lower,restricted,8726,20608,24851,17984559.53491846,17346317.768174633,-638241.766743827,-638241.766743827,0.0,3122481.5079363007,4277671.047719291,1155189.5397829905,25501.010188467793,1129688.5295945227,20582,26,1017,98157.65304719693,601887.3330156216,654242.270606643,52354.93759102141,13895.84332837284,38459.09426264857,710,1,310,23465.99822710079,523,153,34,MRI-ESM2-0,ssp585,2081_2100,historical_error_longer_ice
conservative,lower,unadjusted,8726,20608,24921,17984559.53491846,17346317.768174633,-638241.766743827,-638241.766743827,0.0,3194304.195021353,4360600.401596834,1166296.206575481,26226.567842306846,1140069.6387331742,20582,26,1017,100873.95217281565,632629.6964083306,688679.467576718,56049.77116838741,14485.80527130332,41563.96589708409,708,1,310,25391.263688120707,523,151,34,MRI-ESM2-0,ssp585,2081_2100,historical_error_longer_ice
conservative,upper,restricted,8726,19715,24851,17984559.53491846,17346317.768174633,-638241.766743827,-638241.766743827,0.0,3864013.620576466,4934741.8201840455,1070728.1996075795,36946.94631947023,1033781.2532881092,19715,0,150,2250.3767407835367,1512694.1765394334,1571150.0728633273,58455.896323893816,31086.589301969547,27369.30702192426,647,1,61,747.9162332199837,340,292,15,MRI-ESM2-0,ssp585,2081_2100,historical_error_longer_ice
conservative,upper,unadjusted,8726,19715,24921,17984559.53491846,17346317.768174633,-638241.766743827,-638241.766743827,0.0,3941642.137876191,5020920.973814437,1079278.8359382465,37749.921542245065,1041528.9143960014,19715,0,150,2333.227835642856,1592894.1518773346,1654660.9205484716,61766.76867113704,32604.29789164697,29162.47077949007,644,1,61,763.8426148952346,340,289,15,MRI-ESM2-0,ssp585,2081_2100,historical_error_longer_ice
core,lower,restricted,8726,22046,24851,17984559.53491846,17346317.768174633,-638241.766743827,-638241.766743827,0.0,4443412.328984978,5698907.124818204,1255494.7958332265,32292.88472385815,1223201.9111093683,22018,28,1127,105869.20322266301,879348.8738693106,943188.9846226264,63840.11075331579,18200.899261640316,45639.21149167547,925,1,331,24035.576374516495,549,338,38,MRI-ESM2-0,ssp585,2081_2100,historical_error_longer_ice
core,lower,unadjusted,8726,22046,24921,17984559.53491846,17346317.768174633,-638241.766743827,-638241.766743827,0.0,4550484.265613824,5818748.760430111,1268264.4948162867,33738.54789210906,1234525.9469241777,22018,28,1127,108850.6449281329,925704.2615728196,994085.0047344737,68380.74316165414,19223.343734296624,49157.39942735752,924,1,331,26016.291142946477,549,337,38,MRI-ESM2-0,ssp585,2081_2100,historical_error_longer_ice
core,upper,restricted,8726,21069,24851,17984559.53491846,17346317.768174633,-638241.766743827,-638241.766743827,0.0,5319216.27922743,6486387.472669934,1167171.1934425037,44676.862837321445,1122494.3306051823,21069,0,178,5161.62271847685,2102493.309849074,2174059.113327595,71565.8034785209,36231.163033239965,35334.64044528094,916,1,99,1546.2080789819165,355,546,15,MRI-ESM2-0,ssp585,2081_2100,historical_error_longer_ice
core,upper,unadjusted,8726,21069,24921,17984559.53491846,17346317.768174633,-638241.766743827,-638241.766743827,0.0,5432815.907933469,6609959.114739087,1177143.206805618,46223.430996237206,1130919.775809381,21069,0,178,5244.47381333617,2214782.411943777,2290798.47038115,76016.0584373728,38463.685353846726,37552.37308352607,914,1,99,1599.6187431219066,355,544,15,MRI-ESM2-0,ssp585,2081_2100,historical_error_longer_ice
conservative,lower,restricted,8726,35456,24851,17984559.53491846,17346317.768174633,-638241.766743827,-638241.766743827,0.0,3910050.37456268,5129112.918258683,1219062.5436960035,-9903.309967956764,1228965.8536639602,35334,122,1017,96990.9760436192,613351.450027591,655121.6429419956,41770.19291440474,13811.563422701549,27958.629491703192,482,5,310,23465.99822710079,293,167,22,MRI-ESM2-0,ssp585,2081_2100,historical_error_shorter_ice
conservative,lower,unadjusted,8726,35456,24921,17984559.53491846,17346317.768174633,-638241.766743827,-638241.766743827,0.0,3984630.973336158,5213297.472606345,1228666.499270187,-9327.477015847417,1237993.9762860346,35334,122,1017,99707.27516923794,644994.876868411,689656.8366793883,44661.959810977314,14406.579026673233,30255.380784304078,480,5,310,25391.263688120707,293,165,22,MRI-ESM2-0,ssp585,2081_2100,historical_error_shorter_ice
conservative,upper,restricted,8726,34371,24851,17984559.53491846,17346317.768174633,-638241.766743827,-638241.766743827,0.0,4651582.487202845,5786183.690723438,1134601.2035205925,1542.6261630456804,1133058.577357547,34371,0,54,1083.6997372058127,1535886.5348877,1572531.066270404,36644.531382703804,30744.341018822513,5900.190363881287,319,17,61,747.9162332199837,8,311,0,MRI-ESM2-0,ssp585,2081_2100,historical_error_shorter_ice
conservative,upper,unadjusted,8726,34371,24921,17984559.53491846,17346317.768174633,-638241.766743827,-638241.766743827,0.0,4731968.916190996,5873618.044823948,1141649.1286329525,2195.8766840908047,1139453.2519488616,34371,0,54,1166.5508320651318,1617507.4649998625,1656168.8911219183,38661.4261220559,32270.466119586425,6390.960002469475,316,17,61,763.8426148952346,8,308,0,MRI-ESM2-0,ssp585,2081_2100,historical_error_shorter_ice
core,lower,restricted,8726,36218,24851,17984559.53491846,17346317.768174633,-638241.766743827,-638241.766743827,0.0,5304011.85835387,6574303.212350013,1270291.3539961432,-6285.2758892982665,1276576.6298854414,36080,138,1127,103611.57404272504,891462.8986071894,944075.3273738838,52612.42876669433,18093.25264850606,34519.17611818827,688,5,331,24035.576374516495,310,352,26,MRI-ESM2-0,ssp585,2081_2100,historical_error_shorter_ice
core,lower,unadjusted,8726,36218,24921,17984559.53491846,17346317.768174633,-638241.766743827,-638241.766743827,0.0,5414464.554992287,6695442.775084363,1280978.220092076,-5021.876750959232,1286000.0968430354,36080,138,1127,106593.01574819491,938727.9914602366,995070.2736418361,56342.28218159957,19120.696391949787,37221.585789649784,687,5,331,26016.291142946477,310,351,26,MRI-ESM2-0,ssp585,2081_2100,historical_error_shorter_ice
core,upper,restricted,8726,35021,24851,17984559.53491846,17346317.768174633,-638241.766743827,-638241.766743827,0.0,6179815.808596322,7361783.560201743,1181967.7516054204,6098.7022241650275,1175869.0493812552,35021,0,68,2903.9935385388785,2126763.724616339,2175468.8890252155,48705.16440887668,35850.17838122132,12854.986027655352,575,19,99,1546.2080789819165,10,565,0,MRI-ESM2-0,ssp585,2081_2100,historical_error_shorter_ice
core,upper,unadjusted,8726,35021,24921,17984559.53491846,17346317.768174633,-638241.766743827,-638241.766743827,0.0,6296796.197311932,7486653.12939334,1189856.9320814076,7463.006353168909,1182393.9257282387,35021,0,68,2986.844633398198,2240494.574023883,2292338.1465694425,51843.57254555947,38091.099711892435,13752.472833667038,573,19,99,1599.6187431219066,10,563,0,MRI-ESM2-0,ssp585,2081_2100,historical_error_shorter_ice
conservative,lower,restricted,8707,16545,3717,17504917.56653298,17738593.97219567,233676.40566268915,233676.40566268915,0.0,3398775.865850229,4270572.41290079,871796.5470505608,78240.05304930231,793556.4940012585,16407,138,785,80332.72505002435,608353.5383643239,657326.3649986729,48972.826634348894,17511.987411423863,31460.839222925035,507,0,206,20264.673277871265,301,201,5,UKESM1-0-LL,ssp126,2031_2050,central
conservative,lower,unadjusted,8707,16545,3720,17504917.56653298,17738593.97219567,233676.40566268915,233676.40566268915,0.0,3471120.970714203,4349198.232129022,878077.2614148188,79630.6511033656,798446.6103114531,16407,138,785,82354.13314773543,640281.3194939074,692328.087215656,52046.76772174848,18173.54676782735,33873.22095392114,506,0,206,21900.313351377994,301,200,5,UKESM1-0-LL,ssp126,2031_2050,central
conservative,upper,restricted,8707,15679,3717,17504917.56653298,17738593.97219567,233676.40566268915,233676.40566268915,0.0,4129210.2327329544,4941919.868446201,812709.6357132461,98422.54619637548,714287.0895168706,15679,0,57,1063.3205656364132,1517565.919810303,1591344.5508510857,73778.63104078267,43109.717429528304,30668.913611254364,537,0,34,250.95424882170107,151,382,4,UKESM1-0-LL,ssp126,2031_2050,central
conservative,upper,unadjusted,8707,15679,3720,17504917.56653298,17738593.97219567,233676.40566268915,233676.40566268915,0.0,4207343.253057446,5024597.384791869,817254.1317344226,99999.82701003428,717254.3047243884,15679,0,57,1161.8275606706015,1599819.3513596042,1676498.6681725502,76679.3168129462,44836.18930568677,31843.127507259436,538,0,34,267.4528782148368,151,383,4,UKESM1-0-LL,ssp126,2031_2050,central
core,lower,restricted,8707,17584,3717,17504917.56653298,17738593.97219567,233676.40566268915,233676.40566268915,0.0,4741607.108867146,5700176.030044242,958568.9211770962,109385.26202799342,849183.6591491029,17436,148,869,87106.2914592075,881587.5038037435,944444.0805145652,62856.576710821646,25347.888223554688,37508.68848726696,695,0,219,20555.582529005474,314,374,7,UKESM1-0-LL,ssp126,2031_2050,central
core,lower,unadjusted,8707,17584,3720,17504917.56653298,17738593.97219567,233676.40566268915,233676.40566268915,0.0,4848114.738331839,5814212.506841727,966097.7685098872,111673.73709200283,854424.0314178843,17436,148,869,89389.13192667329,928683.4692005541,995523.0112473954,66839.54204684126,26404.35219036461,40435.18985647666,699,0,219,22227.694984603455,314,378,7,UKESM1-0-LL,ssp126,2031_2050,central
core,upper,restricted,8707,16627,3717,17504917.56653298,17738593.97219567,233676.40566268915,233676.40566268915,0.0,5603563.457667249,6499384.375942156,895820.918274907,132580.51602087772,763240.4022540293,16627,0,60,1163.034564133931,2094550.8380633597,2190745.864727068,96195.02666370838,58179.69138985729,38015.335273851095,799,0,80,740.4211237811226,154,641,4,UKESM1-0-LL,ssp126,2031_2050,central
core,upper,unadjusted,8707,16627,3720,17504917.56653298,17738593.97219567,233676.40566268915,233676.40566268915,0.0,5716580.667216583,6617951.044696425,901370.3774798422,135073.93642946298,766296.4410503792,16627,0,60,1261.5415591681194,2208151.352356545,2308604.679396195,100453.32703964967,60668.41704203788,39784.90999761179,805,0,80,796.8315859934136,154,647,4,UKESM1-0-LL,ssp126,2031_2050,central
conservative,lower,restricted,8707,12027,3717,17504917.56653298,17738593.97219567,233676.40566268915,233676.40566268915,0.0,3065695.8064371324,3883562.6619708454,817866.8555337131,72956.53202134733,744910.3235123657,11950,77,785,80895.5546642254,596934.272681613,654302.5284228575,57368.25574124449,17377.872479243455,39990.383262001036,633,0,206,20264.673277871265,441,173,19,UKESM1-0-LL,ssp126,2031_2050,historical_error_longer_ice
conservative,lower,unadjusted,8707,12027,3720,17504917.56653298,17738593.97219567,233676.40566268915,233676.40566268915,0.0,3136813.4017703957,3961410.5232658195,824597.1214954235,74315.53080418188,750281.5906912417,11950,77,785,82916.96276193648,627911.8716785838,689011.0159130604,61099.1442344765,18032.381014392682,43066.76322008383,632,0,206,21900.313351377994,441,172,19,UKESM1-0-LL,ssp126,2031_2050,historical_error_longer_ice
conservative,upper,restricted,8707,11283,3717,17504917.56653298,17738593.97219567,233676.40566268915,233676.40566268915,0.0,3796130.173319858,4554910.117516256,758779.9441963983,93139.0251684205,665640.9190279777,11283,0,118,1626.150179837462,1497293.5410876933,1582522.4615056794,85228.92041798618,42843.41558417653,42385.504833809646,711,0,34,250.95424882170107,348,340,23,UKESM1-0-LL,ssp126,2031_2050,historical_error_longer_ice
conservative,upper,unadjusted,8707,11283,3720,17504917.56653298,17738593.97219567,233676.40566268915,233676.40566268915,0.0,3873035.6841136385,4636809.675928666,763773.9918150274,94684.70671085056,669089.2851041768,11283,0,118,1724.6571748716503,1578037.4672307572,1667147.6191020503,89110.15187129319,44562.72738017444,44547.424491118756,712,0,34,267.4528782148368,348,341,23,UKESM1-0-LL,ssp126,2031_2050,historical_error_longer_ice
core,lower,restricted,8707,12976,3717,17504917.56653298,17738593.97219567,233676.40566268915,233676.40566268915,0.0,4369359.376306814,5276350.71053839,906991.3342315762,103516.80312181973,803474.5311097564,12894,82,869,87724.75501964125,869557.7079432118,941413.4728643944,71855.76492118266,25221.101632571997,46634.66328861068,828,0,219,20555.582529005474,461,346,21,UKESM1-0-LL,ssp126,2031_2050,historical_error_longer_ice
core,lower,unadjusted,8707,12976,3720,17504917.56653298,17738593.97219567,233676.40566268915,233676.40566268915,0.0,4474043.268152547,5389479.178458203,915435.9103056553,105764.01116392971,809671.8991417256,12894,82,869,90007.59548710706,915695.4267320591,992198.2660605303,76502.83932847128,26270.426972963625,50232.41235550766,832,0,219,22227.694984603455,461,350,21,UKESM1-0-LL,ssp126,2031_2050,historical_error_longer_ice
core,upper,restricted,8707,12151,3717,17504917.56653298,17738593.97219567,233676.40566268915,233676.40566268915,0.0,5231315.725106917,6075559.056436304,844243.3313293869,126712.05711470405,717531.2742146829,12151,0,126,1781.4981245676925,2073405.937902198,2181917.0043073064,108511.06640510846,57919.4903643497,50591.576040758766,987,0,80,740.4211237811226,365,598,24,UKESM1-0-LL,ssp126,2031_2050,historical_error_longer_ice
core,upper,unadjusted,8707,12151,3720,17504917.56653298,17738593.97219567,233676.40566268915,233676.40566268915,0.0,5342509.197037291,6193217.716312901,850708.5192756103,129164.21050138987,721544.3087742205,12151,0,126,1880.0051196018808,2185461.9815105353,2299245.9564414257,113783.9749308904,60400.90653731786,53383.068393572554,993,0,80,796.8315859934136,365,604,24,UKESM1-0-LL,ssp126,2031_2050,historical_error_longer_ice
conservative,lower,restricted,8707,21791,3717,17504917.56653298,17738593.97219567,233676.40566268915,233676.40566268915,0.0,3827500.603414221,4732354.818207838,904854.2147936169,84853.91181067063,820000.3029829463,21648,143,785,80134.43228495235,611569.5198986529,657698.5530466641,46129.03314801129,17544.862355936522,28584.17079207477,422,3,206,20264.673277871265,216,203,3,UKESM1-0-LL,ssp126,2031_2050,historical_error_shorter_ice
conservative,lower,unadjusted,8707,21791,3720,17504917.56653298,17738593.97219567,233676.40566268915,233676.40566268915,0.0,3901167.6070012855,4813494.102483064,912326.4954817786,86253.33028662538,826073.1651951533,21648,143,785,82155.84038266342,643820.2009658027,692723.6238582769,48903.42289247418,18209.27600345848,30694.146889015705,421,3,206,21900.313351377994,216,202,3,UKESM1-0-LL,ssp126,2031_2050,historical_error_shorter_ice
conservative,upper,restricted,8707,20915,3717,17504917.56653298,17738593.97219567,233676.40566268915,233676.40566268915,0.0,4557934.970296946,5403702.273753249,845767.303456302,105036.40495774378,740730.8984985583,20915,0,52,865.027800564406,1524415.2176622767,1591884.7973216067,67469.57965933009,43182.932894299796,24286.64676503029,406,3,34,250.95424882170107,19,385,2,UKESM1-0-LL,ssp126,2031_2050,historical_error_shorter_ice
conservative,upper,unadjusted,8707,20915,3720,17504917.56653298,17738593.97219567,233676.40566268915,233676.40566268915,0.0,4637389.889344528,5488893.255145911,851503.3658013825,106622.50619329406,744880.8596080885,20915,0,52,963.5347955985942,1607020.0618078215,1677067.0185663793,70046.95675855775,44912.75999201,25134.196766547746,407,3,34,267.4528782148368,19,386,2,UKESM1-0-LL,ssp126,2031_2050,historical_error_shorter_ice
core,lower,restricted,8707,22363,3717,17504917.56653298,17738593.97219567,233676.40566268915,233676.40566268915,0.0,5198530.14253387,6174129.851949852,975599.7094159814,116571.90102923778,859027.8083867437,22208,155,869,86870.00654739553,884818.7889754642,944816.2685625565,59997.47958709231,25381.08485425092,34616.3947328414,608,3,219,20555.582529005474,227,376,5,UKESM1-0-LL,ssp126,2031_2050,historical_error_shorter_ice
core,lower,unadjusted,8707,22363,3720,17504917.56653298,17738593.97219567,233676.40566268915,233676.40566268915,0.0,5306364.238529681,6290679.79379433,984315.5552646487,118869.24759670641,865446.3076679424,22208,155,869,89152.84701486133,932238.5387393493,995918.5478900163,63680.00915066695,26440.42149258508,37239.58765808188,612,3,219,22227.694984603455,227,380,5,UKESM1-0-LL,ssp126,2031_2050,historical_error_shorter_ice
core,upper,restricted,8707,21392,3717,17504917.56653298,17738593.97219567,233676.40566268915,233676.40566268915,0.0,6060486.491333974,6973338.197847765,912851.7065137922,139767.15502212208,773084.5514916701,21392,0,53,926.7496523219756,2101574.9836149514,2191309.406714531,89734.42309957971,58255.42922344926,31478.99387613045,667,3,80,740.4211237811226,21,644,2,UKESM1-0-LL,ssp126,2031_2050,historical_error_shorter_ice
core,upper,unadjusted,8707,21392,3720,17504917.56653298,17738593.97219567,233676.40566268915,233676.40566268915,0.0,6174830.167414425,7094418.331649029,919588.1642346038,142269.44693416657,777318.7173004372,21392,0,53,1025.256647356164,2215528.787586395,2309198.412760907,93669.6251745115,60747.56502870376,32922.06014580775,673,3,80,796.8315859934136,21,650,2,UKESM1-0-LL,ssp126,2031_2050,historical_error_shorter_ice
conservative,lower,restricted,9301,26314,5526,17504917.56653298,17852939.880473506,348022.313940527,348022.313940527,0.0,3398775.865850229,4661628.104537231,1262852.2386870016,118202.13179184149,1144650.1068951602,25916,398,852,79192.41453839096,608353.5383643239,670344.9280792604,61991.3897149365,26380.496232875645,35610.893482060856,581,2,238,23045.76628046055,340,233,8,UKESM1-0-LL,ssp126,2081_2100,central
conservative,lower,unadjusted,9301,26314,5534,17504917.56653298,17852939.880473506,348022.313940527,348022.313940527,0.0,3471120.970714203,4745080.632111302,1273959.6613970986,120716.2107036167,1153243.4506934818,25916,398,852,81462.25641011336,640281.3194939074,705916.7393225555,65635.41982864804,27471.32243123262,38164.09739741542,581,2,238,24765.487374241304,340,233,8,UKESM1-0-LL,ssp126,2081_2100,central
conservative,upper,restricted,9301,25136,5526,17504917.56653298,17852939.880473506,348022.313940527,348022.313940527,0.0,4129210.2327329544,5349268.696615279,1220058.4638823243,151009.33117844153,1069049.1327038826,25136,0,72,3591.4403471134215,1517565.919810303,1617207.384078276,99641.46426797302,66597.54064691384,33043.92362105918,597,0,38,381.86913585846975,164,428,5,UKESM1-0-LL,ssp126,2081_2100,central
conservative,upper,unadjusted,9301,25136,5534,17504917.56653298,17852939.880473506,348022.313940527,348022.313940527,0.0,4207343.253057446,5436731.274138471,1229388.021081025,153826.22926856903,1075561.7918124557,25136,0,72,3780.5975290873375,1599819.3513596042,1703671.8442679585,103852.49290835457,69577.56297956385,34274.92992879072,599,0,38,398.5491906272744,164,430,5,UKESM1-0-LL,ssp126,2081_2100,central
core,lower,restricted,9301,27689,5526,17504917.56653298,17852939.880473506,348022.313940527,348022.313940527,0.0,4741607.108867146,6100927.588033419,1359320.4791662733,156725.47818536055,1202595.0009809127,27153,536,937,81605.30264387623,881587.5038037435,961360.0374801573,79772.53367641375,35676.63584505564,44095.89783135811,866,2,251,23382.124738497318,353,503,10,UKESM1-0-LL,ssp126,2081_2100,central
core,lower,unadjusted,9301,27689,5534,17504917.56653298,17852939.880473506,348022.313940527,348022.313940527,0.0,4848114.738331839,6220088.890183035,1371974.151851196,160446.25830276444,1211527.8935484316,27153,536,937,84124.2878911293,928683.4692005541,1013409.7730339612,84726.30383340709,37269.00566307895,47457.29817032814,874,2,251,25139.54590135778,353,511,10,UKESM1-0-LL,ssp126,2081_2100,central
core,upper,restricted,9301,26299,5526,17504917.56653298,17852939.880473506,348022.313940527,348022.313940527,0.0,5603563.457667249,6923744.842177165,1320181.3845099153,193875.0208945585,1126306.3636153569,26299,0,83,5316.665278320347,2094550.8380633597,2222960.581762748,128409.74369938804,85291.96548041025,43117.77821897779,973,0,86,928.974836609701,169,799,5,UKESM1-0-LL,ssp126,2081_2100,central
core,upper,unadjusted,9301,26299,5534,17504917.56653298,17852939.880473506,348022.313940527,348022.313940527,0.0,5716580.667216583,7047423.652147947,1330842.9849313635,197933.5568137668,1132909.4281175965,26299,0,83,5505.822460294264,2208151.352356545,2342714.290636502,134562.9382799568,89300.26515073262,45262.6731292242,983,0,86,989.8883600252398,169,809,5,UKESM1-0-LL,ssp126,2081_2100,central
conservative,lower,restricted,9301,17938,5526,17504917.56653298,17852939.880473506,348022.313940527,348022.313940527,0.0,3065695.8064371324,4206404.408687187,1140708.6022500547,109818.30888059112,1030890.2933694636,17804,134,852,83073.49943121,596934.272681613,669025.253263192,72090.98058157899,26203.406800091525,45887.57378148746,759,2,238,23045.76628046055,520,205,34,UKESM1-0-LL,ssp126,2081_2100,historical_error_longer_ice
conservative,lower,unadjusted,9301,17938,5534,17504917.56653298,17852939.880473506,348022.313940527,348022.313940527,0.0,3136813.4017703957,4287859.685922071,1151046.2841516759,112282.43865953595,1038763.8454921398,17804,134,852,85412.60395709633,627911.8716785838,704453.1357466371,76541.26406805328,27282.11350581598,49259.1505622373,759,2,238,24765.487374241304,520,205,34,UKESM1-0-LL,ssp126,2081_2100,historical_error_longer_ice
conservative,upper,restricted,9301,17288,5526,17504917.56653298,17852939.880473506,348022.313940527,348022.313940527,0.0,3796130.173319858,4894045.000765235,1097914.8274453774,142625.50826719115,955289.3191781861,17288,0,336,7472.525239932468,1497293.5410876933,1614686.2108915679,117392.66980387447,66254.61497276713,51138.054831107336,853,0,38,381.86913585846975,423,386,44,UKESM1-0-LL,ssp126,2081_2100,historical_error_longer_ice
conservative,upper,unadjusted,9301,17288,5534,17504917.56653298,17852939.880473506,348022.313940527,348022.313940527,0.0,3873035.6841136385,4979510.327949241,1106474.643835602,145392.4572244883,961082.1866111138,17288,0,336,7730.945076070306,1578037.4672307572,1700974.2047438086,122936.7375130513,69220.2833570504,53716.454156000895,855,0,38,398.5491906272744,423,388,44,UKESM1-0-LL,ssp126,2081_2100,historical_error_longer_ice
core,lower,restricted,9301,19250,5526,17504917.56653298,17852939.880473506,348022.313940527,348022.313940527,0.0,4369359.376306814,5627601.191927075,1258241.8156202615,147376.46815786994,1110865.3474623915,19091,159,937,89286.60173124333,869557.7079432118,960033.5652409812,90475.85729776946,35513.33780313101,54962.51949463845,1051,2,251,23382.124738497318,540,475,36,UKESM1-0-LL,ssp126,2081_2100,historical_error_longer_ice
core,lower,unadjusted,9301,19250,5534,17504917.56653298,17852939.880473506,348022.313940527,348022.313940527,0.0,4474043.268152547,5744765.243737505,1270721.9755849577,151035.22155559005,1119686.7540293678,19091,159,937,91889.23781646231,915695.4267320591,1011938.4657118542,96243.03897979515,37093.42212143886,59149.61685835629,1059,2,251,25139.54590135778,540,483,36,UKESM1-0-LL,ssp126,2081_2100,historical_error_longer_ice
core,upper,restricted,9301,18614,5526,17504917.56653298,17852939.880473506,348022.313940527,348022.313940527,0.0,5231315.725106917,6450418.446070821,1219102.7209639035,184526.01086706785,1034576.7100968357,18614,0,460,12997.96436568743,2073405.937902198,2220417.289155802,147011.35125360446,84960.45561825794,62050.895635346526,1241,0,86,928.974836609701,440,756,45,UKESM1-0-LL,ssp126,2081_2100,historical_error_longer_ice
core,upper,unadjusted,9301,18614,5534,17504917.56653298,17852939.880473506,348022.313940527,348022.313940527,0.0,5342509.197037291,6572100.005702416,1229590.8086651252,188522.52006659243,1041068.2885985328,18614,0,460,13270.772385627282,2185461.9815105353,2339992.596232695,154530.6147221599,88954.03533079325,65576.57939136663,1251,0,86,989.8883600252398,440,766,45,UKESM1-0-LL,ssp126,2081_2100,historical_error_longer_ice
conservative,lower,restricted,9301,33909,5526,17504917.56653298,17852939.880473506,348022.313940527,348022.313940527,0.0,3827500.603414221,5155317.090236339,1327816.486822118,129832.43634177567,1197984.0504803425,33481,428,852,77950.63591515608,611569.5198986529,670575.0905716136,59005.570672960755,26425.65018769193,32579.920485268827,493,5,238,23045.76628046055,247,235,11,UKESM1-0-LL,ssp126,2081_2100,historical_error_shorter_ice
conservative,lower,unadjusted,9301,33909,5534,17504917.56653298,17852939.880473506,348022.313940527,348022.313940527,0.0,3901167.6070012855,5239406.111082809,1338238.504081524,132371.19348636738,1205867.3105951564,33481,428,852,80182.76863741176,643820.2009658027,706156.1212866779,62335.920320875186,27520.720907691186,34815.199413184004,493,5,238,24765.487374241304,247,235,11,UKESM1-0-LL,ssp126,2081_2100,historical_error_shorter_ice
conservative,upper,restricted,9301,32671,5526,17504917.56653298,17852939.880473506,348022.313940527,348022.313940527,0.0,4557934.970296946,5842957.6823143875,1285022.7120174407,162639.6357283757,1122383.076289065,32671,0,42,2349.6617238785343,1524415.2176622767,1617483.2040972172,93067.98643494057,66695.7288197222,26372.257615218376,460,3,38,381.86913585846975,21,431,8,UKESM1-0-LL,ssp126,2081_2100,historical_error_shorter_ice
conservative,upper,unadjusted,9301,32671,5534,17504917.56653298,17852939.880473506,348022.313940527,348022.313940527,0.0,4637389.889344528,5931056.7531099785,1293666.8637654502,165481.21205131974,1128185.6517141305,32671,0,42,2501.1097563857334,1607020.0618078215,1703959.3430642406,96939.28125641916,69680.608733357,27258.67252306215,462,3,38,398.5491906272744,21,433,8,UKESM1-0-LL,ssp126,2081_2100,historical_error_shorter_ice
core,lower,restricted,9301,34746,5526,17504917.56653298,17852939.880473506,348022.313940527,348022.313940527,0.0,5198530.14253387,6605981.695098704,1407451.5525648338,169387.76638568807,1238063.7861791456,34176,570,937,80255.43983903328,884818.7889754642,961590.1999725105,76771.41099704629,35722.131580983754,41049.279416062534,776,5,251,23382.124738497318,258,505,13,UKESM1-0-LL,ssp126,2081_2100,historical_error_shorter_ice
core,lower,unadjusted,9301,34746,5534,17504917.56653298,17852939.880473506,348022.313940527,348022.313940527,0.0,5306364.238529681,6725792.682199326,1419428.4436696449,173133.45078591898,1246294.992883726,34176,570,937,82736.71593681962,932238.5387393493,1013649.1549980836,81410.61625873423,37318.76781422207,44091.84844451216,784,5,251,25139.54590135778,258,513,13,UKESM1-0-LL,ssp126,2081_2100,historical_error_shorter_ice
core,upper,restricted,9301,33288,5526,17504917.56653298,17852939.880473506,348022.313940527,348022.313940527,0.0,6060486.491333974,7428798.949242449,1368312.4579084758,206537.309094886,1161775.1488135897,33288,0,49,3966.8024734773967,2101574.9836149514,2223244.264125796,121669.28051084484,85392.66763332648,36276.61287751837,833,3,86,928.974836609701,23,802,8,UKESM1-0-LL,ssp126,2081_2100,historical_error_shorter_ice
core,upper,unadjusted,9301,33288,5534,17504917.56653298,17852939.880473506,348022.313940527,348022.313940527,0.0,6174830.167414425,7553127.444164237,1378297.2767498123,210620.74929692136,1167676.527452891,33288,0,49,4118.250505984596,2215528.787586395,2343010.7000894393,127481.91250304376,89405.883262039,38076.029241004755,843,3,86,989.8883600252398,23,812,8,UKESM1-0-LL,ssp126,2081_2100,historical_error_shorter_ice
conservative,lower,restricted,8625,23721,3547,17504917.56653298,17444365.87985129,-60551.68668168876,-60551.68668168876,0.0,3398775.865850229,4462096.556244673,1063320.6903944442,22866.999815871506,1040453.6905785727,23649,72,772,71794.30650164223,608353.5383643239,635457.7650520978,27104.22668777385,5122.8018116961175,21981.424876077737,381,14,196,16061.77784149746,298,82,1,UKESM1-0-LL,ssp585,2031_2050,central
conservative,lower,unadjusted,8625,23721,3568,17504917.56653298,17444365.87985129,-60551.68668168876,-60551.68668168876,0.0,3471120.970714203,4541319.003754095,1070198.0330398916,23005.481066381715,1047192.55197351,23649,72,772,73758.51707967641,640281.3194939074,669491.7300108713,29210.41051696391,5252.486472206528,23957.92404475739,380,14,196,17668.82631725735,298,81,1,UKESM1-0-LL,ssp585,2031_2050,central
conservative,upper,restricted,8625,22920,3547,17504917.56653298,17444365.87985129,-60551.68668168876,-60551.68668168876,0.0,4129210.2327329544,5128190.6171588125,998980.3844258583,29701.956972385527,969278.4274534727,22920,0,43,619.0433765423601,1517565.919810303,1545748.4396435374,28182.51983323427,10370.736500407776,17811.783332826493,336,13,16,115.78139534466085,158,178,0,UKESM1-0-LL,ssp585,2031_2050,central
conservative,upper,unadjusted,8625,22920,3568,17504917.56653298,17444365.87985129,-60551.68668168876,-60551.68668168876,0.0,4207343.253057446,5211442.935805609,1004099.6827481636,29949.676005933467,974150.0067422302,22920,0,43,715.9718483966102,1599819.3513596042,1628826.9956711454,29007.644311541317,10748.428784919292,18259.215526622025,337,13,16,123.54976797542449,158,179,0,UKESM1-0-LL,ssp585,2031_2050,central
core,lower,restricted,8625,24923,3547,17504917.56653298,17444365.87985129,-60551.68668168876,-60551.68668168876,0.0,4741607.108867146,5879975.370226856,1138368.2613597107,40003.41247568516,1098364.8488840256,24828,95,856,77105.49934778888,881587.5038037435,916158.4134313104,34570.909627566914,10206.955132512945,24363.95449505397,442,15,205,16312.047230652905,308,132,2,UKESM1-0-LL,ssp585,2031_2050,central
core,lower,unadjusted,8625,24923,3568,17504917.56653298,17444365.87985129,-60551.68668168876,-60551.68668168876,0.0,4848114.738331839,5994310.847563985,1146196.1092321451,40782.21664092988,1105413.8925912152,24828,95,856,79327.89763023911,928683.4692005541,965988.7139024732,37305.244701919146,10647.614879148023,26657.629822771127,445,15,205,17953.232868388168,308,135,2,UKESM1-0-LL,ssp585,2031_2050,central
core,upper,restricted,8625,24024,3547,17504917.56653298,17444365.87985129,-60551.68668168876,-60551.68668168876,0.0,5603563.457667249,6674306.739294881,1070743.281627632,48641.82911990842,1022101.4525077236,24024,0,52,842.1029714869643,2094550.8380633597,2134525.818106649,39974.98004328956,19399.203255631935,20575.776787657618,439,13,40,284.290390262778,162,277,0,UKESM1-0-LL,ssp585,2031_2050,central
core,upper,unadjusted,8625,24024,3568,17504917.56653298,17444365.87985129,-60551.68668168876,-60551.68668168876,0.0,5716580.667216583,6793193.203377054,1076612.5361604707,49539.61945922794,1027072.9167012428,24024,0,52,986.9217402666131,2208151.352356545,2249799.4595794603,41648.107222914965,20323.916250062673,21324.190972852288,444,13,40,304.30705732425935,162,282,0,UKESM1-0-LL,ssp585,2031_2050,central
conservative,lower,restricted,8625,16569,3547,17504917.56653298,17444365.87985129,-60551.68668168876,-60551.68668168876,0.0,3065695.8064371324,4024616.400149414,958920.5937122816,23307.48324973897,935613.1104625425,16507,62,772,71902.07720910563,596934.272681613,634418.0492369543,37483.77655534126,5280.6597182305795,32203.116837110683,571,5,196,16068.406898912186,488,82,1,UKESM1-0-LL,ssp585,2031_2050,historical_error_longer_ice
conservative,lower,unadjusted,8625,16569,3568,17504917.56653298,17444365.87985129,-60551.68668168876,-60551.68668168876,0.0,3136813.4017703957,4103055.196741255,966241.794970859,23429.945176782698,942811.8497940763,16507,62,772,73866.28778713981,627911.8716785838,668344.9041859417,40433.03250735782,5429.196929603535,35003.83557775429,570,5,196,17675.455374672074,488,81,1,UKESM1-0-LL,ssp585,2031_2050,historical_error_longer_ice
conservative,upper,restricted,8625,15788,3547,17504917.56653298,17444365.87985129,-60551.68668168876,-60551.68668168876,0.0,3796130.173319858,4690710.461063554,894580.2877436957,30142.440406252994,864437.8473374427,15788,0,53,726.8140840057551,1497293.5410876933,1543569.5658490362,46276.02476134277,10601.727799994826,35674.296961347936,608,2,17,122.4104527593853,430,178,0,UKESM1-0-LL,ssp585,2031_2050,historical_error_longer_ice
conservative,upper,unadjusted,8625,15788,3568,17504917.56653298,17444365.87985129,-60551.68668168876,-60551.68668168876,0.0,3873035.6841136385,4773179.128792769,900143.4446791309,30374.140116334445,869769.3045627965,15788,0,53,823.7425558600054,1578037.4672307572,1626516.4396673315,48478.97243657432,11011.135456696056,37467.83697987826,609,2,17,130.17882539014894,430,179,0,UKESM1-0-LL,ssp585,2031_2050,historical_error_longer_ice
core,lower,restricted,8625,17834,3547,17504917.56653298,17444365.87985129,-60551.68668168876,-60551.68668168876,0.0,4369359.376306814,5418241.718933052,1048882.3426262385,40406.16971678689,1008476.1729094516,17760,74,856,78192.59938716485,869557.7079432118,915112.0484630187,45554.34051980699,10383.474427334908,35170.86609247209,639,6,205,16318.676288067629,505,132,2,UKESM1-0-LL,ssp585,2031_2050,historical_error_longer_ice
core,lower,unadjusted,8625,17834,3568,17504917.56653298,17444365.87985129,-60551.68668168876,-60551.68668168876,0.0,4474043.268152547,5531779.838224297,1057736.57007175,41167.379956903394,1016569.1901148467,17760,74,856,80414.99766961508,915695.4267320591,964834.3523706424,49138.925638583256,10843.101070313132,38295.82456827012,642,6,205,17959.861925802892,505,135,2,UKESM1-0-LL,ssp585,2031_2050,historical_error_longer_ice
core,upper,restricted,8625,16977,3547,17504917.56653298,17444365.87985129,-60551.68668168876,-60551.68668168876,0.0,5231315.725106917,6212573.088001077,981257.36289416,49044.586361010144,932212.7765331498,16977,0,73,1929.2030108629388,2073405.937902198,2132332.738193398,58926.800291199914,19651.140764200034,39275.65952699988,724,2,41,290.91944767750243,447,277,0,UKESM1-0-LL,ssp585,2031_2050,historical_error_longer_ice
core,upper,unadjusted,8625,16977,3568,17504917.56653298,17444365.87985129,-60551.68668168876,-60551.68668168876,0.0,5342509.197037291,6330662.194037367,988152.9970000758,49924.78277520145,938228.2142248743,16977,0,73,2074.0217796425877,2185461.9815105353,2247473.810903143,62011.82939260797,20608.023635316855,41403.805757291106,729,2,41,310.9361147389838,447,282,0,UKESM1-0-LL,ssp585,2031_2050,historical_error_longer_ice
conservative,lower,restricted,8625,30477,3547,17504917.56653298,17444365.87985129,-60551.68668168876,-60551.68668168876,0.0,3827500.603414221,4932122.600590418,1104621.997176197,21702.467750260606,1082919.5294259363,30400,77,772,71729.07484018923,611569.5198986529,635614.685879329,24045.16598067616,5070.74577546689,18974.420205209273,287,17,196,16061.77784149746,204,82,1,UKESM1-0-LL,ssp585,2031_2050,historical_error_shorter_ice
conservative,lower,unadjusted,8625,30477,3568,17504917.56653298,17444365.87985129,-60551.68668168876,-60551.68668168876,0.0,3901167.6070012855,5013181.962365695,1112014.3553644093,21849.493203710164,1090164.8621606992,30400,77,772,73693.28541822342,643820.2009658027,669669.1381139916,25848.937148188867,5193.628517492283,20655.308630696585,286,17,196,17668.82631725735,204,81,1,UKESM1-0-LL,ssp585,2031_2050,historical_error_shorter_ice
conservative,upper,restricted,8625,29666,3547,17504917.56653298,17444365.87985129,-60551.68668168876,-60551.68668168876,0.0,4557934.970296946,5598216.661504558,1040281.6912076111,28537.424906774628,1011744.2663008365,29666,0,38,553.8117150893694,1524415.2176622767,1545931.5536027213,21516.33594044467,10305.895337029764,11210.440603414905,193,16,16,115.78139534466085,15,178,0,UKESM1-0-LL,ssp585,2031_2050,historical_error_shorter_ice
conservative,upper,unadjusted,8625,29666,3568,17504917.56653298,17444365.87985129,-60551.68668168876,-60551.68668168876,0.0,4637389.889344528,5683305.89441721,1045916.0050726813,28793.688143261916,1017122.3169294194,29666,0,38,650.7401869436195,1607020.0618078215,1629034.0893238122,22014.027515990503,10676.434907035251,11337.59260895525,194,16,16,123.54976797542449,15,179,0,UKESM1-0-LL,ssp585,2031_2050,historical_error_shorter_ice
core,lower,restricted,8625,31149,3547,17504917.56653298,17444365.87985129,-60551.68668168876,-60551.68668168876,0.0,5198530.14253387,6362708.587214728,1164178.4446808582,39117.29977347228,1125061.1449073858,31046,103,856,77018.79133613614,884818.7889754642,916315.3342585417,31496.545283077496,10155.030140090155,21341.515142987344,346,18,205,16312.047230652905,212,132,2,UKESM1-0-LL,ssp585,2031_2050,historical_error_shorter_ice
core,lower,unadjusted,8625,31149,3568,17504917.56653298,17444365.87985129,-60551.68668168876,-60551.68668168876,0.0,5306364.238529681,6478885.4050625255,1172521.1665328448,39904.67873195256,1132616.487800892,31046,103,856,79241.18961858637,932238.5387393493,966166.1220055935,33927.58326624409,10588.89009248502,23338.693173759075,349,18,205,17953.232868388168,212,135,2,UKESM1-0-LL,ssp585,2031_2050,historical_error_shorter_ice
core,upper,restricted,8625,30234,3547,17504917.56653298,17444365.87985129,-60551.68668168876,-60551.68668168876,0.0,6060486.491333974,7157039.956282753,1096553.4649487794,47755.71641769554,1048797.748531084,30234,0,44,755.3949598342325,2101574.9836149514,2134724.203264281,33149.21964932972,19333.752425070033,13815.467224259684,294,16,40,284.290390262778,17,277,0,UKESM1-0-LL,ssp585,2031_2050,historical_error_shorter_ice
core,upper,unadjusted,8625,30234,3568,17504917.56653298,17444365.87985129,-60551.68668168876,-60551.68668168876,0.0,6174830.167414425,7277767.760875595,1102937.5934611703,48662.08155025062,1054275.5119109196,30234,0,44,900.2137286138814,2215528.787586395,2250023.8605903676,34495.07300397243,20251.32022817268,14243.752775799745,299,16,40,304.30705732425935,17,282,0,UKESM1-0-LL,ssp585,2031_2050,historical_error_shorter_ice
conservative,lower,restricted,9209,87234,11046,17504917.56653298,17083108.555673584,-421809.0108593942,-421809.0108593942,0.0,3398775.865850229,6223949.334896668,2825173.4690464395,5669.867321329068,2819503.6017251103,87231,3,1466,140699.9200027282,608353.5383643239,658675.0933795706,50321.55501524668,4638.549338298845,45683.00567694784,735,64,453,35458.66794627686,507,202,26,UKESM1-0-LL,ssp585,2081_2100,central
conservative,lower,unadjusted,9209,87234,11089,17504917.56653298,17083108.555673584,-421809.0108593942,-421809.0108593942,0.0,3471120.970714203,6308870.85162311,2837749.8809089065,5923.712501189915,2831826.1684077163,87231,3,1466,144441.88276186047,640281.3194939074,693363.9694816129,53082.64998770552,4703.5428268466285,48379.1071608589,735,64,453,37727.95947476123,507,202,26,UKESM1-0-LL,ssp585,2081_2100,central
conservative,upper,restricted,9209,86443,11046,17504917.56653298,17083108.555673584,-421809.0108593942,-421809.0108593942,0.0,4129210.2327329544,6833604.88311787,2704394.6503849165,12431.914030603788,2691962.7363543124,86443,0,678,13159.054631930323,1517565.919810303,1554882.0474241395,37316.12761383648,10490.368881081507,26825.75873275497,525,90,67,595.7805168295957,125,400,0,UKESM1-0-LL,ssp585,2081_2100,central
conservative,upper,unadjusted,9209,86443,11089,17504917.56653298,17083108.555673584,-421809.0108593942,-421809.0108593942,0.0,4207343.253057446,6921300.407420243,2713957.1543627977,12702.576251428878,2701254.5781113687,86443,0,678,13870.29246551278,1599819.3513596042,1638045.1904517459,38225.83909214193,10898.634141963397,27327.204950178533,527,90,67,627.41923878931,125,402,0,UKESM1-0-LL,ssp585,2081_2100,central
core,lower,restricted,9209,90180,11046,17504917.56653298,17083108.555673584,-421809.0108593942,-421809.0108593942,0.0,4741607.108867146,7699920.430669154,2958313.3218020075,17250.172735474895,2941063.1490665325,90177,3,1600,149214.6008556101,881587.5038037435,944346.7364225851,62759.23261884158,6842.6308320276385,55916.60178681395,1105,64,473,35957.37876243906,523,550,32,UKESM1-0-LL,ssp585,2081_2100,central
core,lower,unadjusted,9209,90180,11089,17504917.56653298,17083108.555673584,-421809.0108593942,-421809.0108593942,0.0,4848114.738331839,7820740.6112337485,2972625.872901909,18448.944325800778,2954176.928576108,90177,3,1600,153391.70794404036,928683.4692005541,995482.7717631102,66799.30256255611,7337.47291365841,59461.82964889771,1114,64,473,38275.6074630615,523,559,32,UKESM1-0-LL,ssp585,2081_2100,central
core,upper,restricted,9209,89262,11046,17504917.56653298,17083108.555673584,-421809.0108593942,-421809.0108593942,0.0,5603563.457667249,8435201.292866563,2831637.8351993146,26489.688585389507,2805148.146613925,89262,0,685,13299.598403002674,2094550.8380633597,2146655.145722172,52104.30765881257,14463.644800580554,37640.66285823201,990,92,124,1353.4108940898675,130,860,0,UKESM1-0-LL,ssp585,2081_2100,central
core,upper,unadjusted,9209,89262,11089,17504917.56653298,17083108.555673584,-421809.0108593942,-421809.0108593942,0.0,5716580.667216583,8559101.34391555,2842520.676698968,27724.61983031477,2814796.056868653,89262,0,685,14010.83623658513,2208151.352356545,2262815.681963036,54664.32960649059,15655.777983188405,39008.551623302184,1001,92,124,1434.6153128703031,130,871,0,UKESM1-0-LL,ssp585,2081_2100,central
conservative,lower,restricted,9209,77535,11046,17504917.56653298,17083108.555673584,-421809.0108593942,-421809.0108593942,0.0,3065695.8064371324,5916394.35007698,2850698.5436398475,15288.228374194732,2835410.3152656527,77534,1,1466,140720.03188030762,596934.272681613,658675.0933795706,61740.82069795762,5280.167069258457,56460.65362869917,985,21,453,35458.66794627686,757,202,26,UKESM1-0-LL,ssp585,2081_2100,historical_error_longer_ice
conservative,lower,unadjusted,9209,77535,11089,17504917.56653298,17083108.555673584,-421809.0108593942,-421809.0108593942,0.0,3136813.4017703957,6000528.787087207,2863715.385316811,15543.395322849918,2848171.9899939615,77534,1,1466,144482.1065170193,627911.8716785838,693363.9694816129,65452.0978030291,5403.566044307198,60048.53175872191,985,21,453,37727.95947476123,757,202,26,UKESM1-0-LL,ssp585,2081_2100,historical_error_longer_ice
conservative,upper,restricted,9209,76748,11046,17504917.56653298,17083108.555673584,-421809.0108593942,-421809.0108593942,0.0,3796130.173319858,6526049.8982981825,2729919.7249783245,22050.275083469453,2707869.4498948553,76748,0,680,13179.16650950974,1497293.5410876933,1554882.0474241395,57588.5063364462,11531.560068093346,46056.94626835285,877,31,67,595.7805168295957,477,400,0,UKESM1-0-LL,ssp585,2081_2100,historical_error_longer_ice
conservative,upper,unadjusted,9209,76748,11089,17504917.56653298,17083108.555673584,-421809.0108593942,-421809.0108593942,0.0,3873035.6841136385,6612958.342884341,2739922.6587707023,22322.25907308888,2717600.3996976134,76748,0,680,13910.516220671612,1578037.4672307572,1638045.1904517459,60007.723220988795,12031.776607988915,47975.94661299988,879,31,67,627.41923878931,477,402,0,UKESM1-0-LL,ssp585,2081_2100,historical_error_longer_ice
core,lower,restricted,9209,80246,11046,17504917.56653298,17083108.555673584,-421809.0108593942,-421809.0108593942,0.0,4369359.376306814,7371822.511996183,3002463.135689368,27401.9020421778,2975061.2336471905,80245,1,1600,149234.71273318952,869557.7079432118,944346.7364225851,74789.02847937337,7532.951879645098,67256.07659972829,1363,21,473,35957.37876243906,781,550,32,UKESM1-0-LL,ssp585,2081_2100,historical_error_longer_ice
core,lower,unadjusted,9209,80246,11089,17504917.56653298,17083108.555673584,-421809.0108593942,-421809.0108593942,0.0,4474043.268152547,7491806.46651786,3017763.1983653125,28617.97852634212,2989145.2198389703,80245,1,1600,153431.93169919917,915695.4267320591,995482.7717631102,79787.34503105117,8086.708449312869,71700.6365817383,1372,21,473,38275.6074630615,781,559,32,UKESM1-0-LL,ssp585,2081_2100,historical_error_longer_ice
core,upper,restricted,9209,79332,11046,17504917.56653298,17083108.555673584,-421809.0108593942,-421809.0108593942,0.0,5231315.725106917,8107103.374193593,2875787.6490866756,36641.41789209242,2839146.231194583,79332,0,687,13319.71028058209,2073405.937902198,2146655.145722172,73249.20781997428,15564.436579657739,57684.77124031654,1356,32,124,1353.4108940898675,496,860,0,UKESM1-0-LL,ssp585,2081_2100,historical_error_longer_ice
core,upper,unadjusted,9209,79332,11089,17504917.56653298,17083108.555673584,-421809.0108593942,-421809.0108593942,0.0,5342509.197037291,8230167.199199663,2887658.0021623713,37893.654030856116,2849764.348131515,79332,0,687,14051.059991743963,2185461.9815105353,2262815.681963036,77353.70045250069,16850.294421788487,60503.406030712205,1367,32,124,1434.6153128703031,496,871,0,UKESM1-0-LL,ssp585,2081_2100,historical_error_longer_ice
conservative,lower,restricted,9209,85001,11046,17504917.56653298,17083108.555673584,-421809.0108593942,-421809.0108593942,0.0,3827500.603414221,6375020.65045105,2547520.047036829,-6793.314140270814,2554313.3611770994,84973,28,1466,140018.36277787213,611569.5198986529,658675.0933795706,47105.573480917774,4433.877291269789,42671.69618964799,663,99,453,35458.66794627686,435,202,26,UKESM1-0-LL,ssp585,2081_2100,historical_error_shorter_ice
conservative,lower,unadjusted,9209,85001,11089,17504917.56653298,17083108.555673584,-421809.0108593942,-421809.0108593942,0.0,3901167.6070012855,6460374.9362725755,2559207.32927129,-6534.793756798411,2565742.1230280884,84973,28,1466,143495.25622487502,643820.2009658027,693363.9694816129,49543.768515810276,4475.594199397183,45068.1743164131,663,99,453,37727.95947476123,435,202,26,UKESM1-0-LL,ssp585,2081_2100,historical_error_shorter_ice
conservative,upper,restricted,9209,84160,11046,17504917.56653298,17083108.555673584,-421809.0108593942,-421809.0108593942,0.0,4557934.970296946,6984676.198672253,2426741.2283753054,-31.267430996094365,2426772.495806302,84160,0,653,12477.497407074256,1524415.2176622767,1554882.0474241395,30466.82976186289,10150.406011186376,20316.423750676506,413,137,67,595.7805168295957,13,400,0,UKESM1-0-LL,ssp585,2081_2100,historical_error_shorter_ice
conservative,upper,unadjusted,9209,84160,11089,17504917.56653298,17083108.555673584,-421809.0108593942,-421809.0108593942,0.0,4637389.889344528,7072804.49206971,2435414.6027251813,244.06999344055245,2435170.5327317407,84160,0,653,12923.665928527338,1607020.0618078215,1638045.1904517459,31025.12864392444,10533.91807425155,20491.21056967289,415,137,67,627.41923878931,13,402,0,UKESM1-0-LL,ssp585,2081_2100,historical_error_shorter_ice
core,lower,restricted,9209,88503,11046,17504917.56653298,17083108.555673584,-421809.0108593942,-421809.0108593942,0.0,5198530.14253387,7870016.200604963,2671486.0580710927,5077.106109617513,2666408.951961475,88475,28,1600,148533.04363075402,884818.7889754642,944346.7364225851,59527.947447120954,6637.398105008497,52890.54934211246,1031,99,473,35957.37876243906,449,550,32,UKESM1-0-LL,ssp585,2081_2100,historical_error_shorter_ice
core,lower,unadjusted,9209,88503,11089,17504917.56653298,17083108.555673584,-421809.0108593942,-421809.0108593942,0.0,5306364.238529681,7991376.831140328,2685012.592610647,6280.746039602307,2678731.8465710445,88475,28,1600,152445.0814070549,932238.5387393493,995482.7717631102,63244.233023760855,7108.926041967652,56135.30698179321,1040,99,473,38275.6074630615,449,559,32,UKESM1-0-LL,ssp585,2081_2100,historical_error_shorter_ice
core,upper,restricted,9209,87535,11046,17504917.56653298,17083108.555673584,-421809.0108593942,-421809.0108593942,0.0,6060486.491333974,8605297.062802373,2544810.5714684,14316.621959532125,2530493.9495088677,87535,0,660,12618.041178146606,2101574.9836149514,2146655.145722172,45080.16210722099,14117.972699374008,30962.18940784698,875,140,124,1353.4108940898675,15,860,0,UKESM1-0-LL,ssp585,2081_2100,historical_error_shorter_ice
core,upper,unadjusted,9209,87535,11089,17504917.56653298,17083108.555673584,-421809.0108593942,-421809.0108593942,0.0,6174830.167414425,8729737.56382213,2554907.3964077057,15556.421544116298,2539350.9748635893,87535,0,660,13064.209699599689,2215528.787586395,2262815.681963036,47286.894376640594,15285.286733722367,32001.60764291823,886,140,124,1434.6153128703031,15,871,0,UKESM1-0-LL,ssp585,2081_2100,historical_error_shorter_ice
