protection,endpoint,arm,strength,missing_case,waterbodies,L1_TWh,L2_TWh,L3_TWh,L2_fraction_L1,L3_fraction_L1,environmental_candidates,L3_positive_waterbodies,cost_excluded_after_access,model,experiment,period,ice_error_case
core,lower,codex_primary,0.0,unadjusted,199976,16712.988951423074,6581.837272128915,1447.3921967161764,0.3938156897763333,0.08660283333657887,48846,8045,3039,current_reference,current,POWER_2019_2023,current_inventory
core,lower,codex_primary,0.0,restricted,199976,16712.988951423074,6581.837272128915,1447.3921967161764,0.3938156897763333,0.08660283333657887,48846,8045,3039,current_reference,current,POWER_2019_2023,current_inventory
core,lower,codex_primary,0.25,unadjusted,199976,16712.988951423074,5694.173666526119,1125.906388122265,0.34070349014628365,0.06736714727657357,48846,7790,3294,current_reference,current,POWER_2019_2023,current_inventory
core,lower,codex_primary,0.25,restricted,199976,16712.988951423074,5641.934179045461,1098.1233696801528,0.33757780822113587,0.06570478643119368,48846,7770,3314,current_reference,current,POWER_2019_2023,current_inventory
core,lower,codex_primary,0.5,unadjusted,199976,16712.988951423074,4806.510060923321,843.0912199609053,0.28759129051623394,0.05044526879132041,48846,7480,3604,current_reference,current,POWER_2019_2023,current_inventory
core,lower,codex_primary,0.5,restricted,199976,16712.988951423074,4702.031085962009,797.1210209068657,0.28133992666593854,0.04769470160147462,48846,7424,3660,current_reference,current,POWER_2019_2023,current_inventory
core,lower,codex_primary,0.75,unadjusted,199976,16712.988951423074,3918.8464553205235,603.9922435163675,0.2344790908861842,0.03613909189265268,48846,7189,3895,current_reference,current,POWER_2019_2023,current_inventory
core,lower,codex_primary,0.75,restricted,199976,16712.988951423074,3762.127992878556,548.3247587318284,0.2251020451107412,0.0328083001984597,48846,7098,3986,current_reference,current,POWER_2019_2023,current_inventory
core,lower,no_ecology,0.5,unadjusted,199976,16712.988951423074,6581.837272128915,1123.8403248235102,0.3938156897763333,0.0672435270608982,48846,7480,3604,current_reference,current,POWER_2019_2023,current_inventory
core,lower,no_ecology,0.5,restricted,199976,16712.988951423074,6581.837272128915,1088.923866699786,0.3938156897763333,0.06515434611156531,48846,7424,3660,current_reference,current,POWER_2019_2023,current_inventory
core,lower,no_maintenance,0.5,unadjusted,199976,16712.988951423074,4806.510060923321,881.1116035388659,0.28759129051623394,0.05272016909122896,48846,8045,3039,current_reference,current,POWER_2019_2023,current_inventory
core,lower,no_maintenance,0.5,restricted,199976,16712.988951423074,4702.031085962009,835.3549934239533,0.28133992666593854,0.04998238171831165,48846,8045,3039,current_reference,current,POWER_2019_2023,current_inventory
core,lower,no_institutions,0.5,unadjusted,199976,16712.988951423074,4806.510060923321,1039.5582377048538,0.28759129051623394,0.062200617778565434,48846,7480,3604,current_reference,current,POWER_2019_2023,current_inventory
core,lower,no_institutions,0.5,restricted,199976,16712.988951423074,4702.031085962009,1010.4937650261021,0.28133992666593854,0.06046158278229824,48846,7424,3660,current_reference,current,POWER_2019_2023,current_inventory
core,upper,codex_primary,0.0,unadjusted,199976,16712.988951423074,7347.522433030213,3261.880556821272,0.43962946749896503,0.19517038910885715,56543,16239,4154,current_reference,current,POWER_2019_2023,current_inventory
core,upper,codex_primary,0.0,restricted,199976,16712.988951423074,7347.522433030213,3261.880556821272,0.43962946749896503,0.19517038910885715,56543,16239,4154,current_reference,current,POWER_2019_2023,current_inventory
core,upper,codex_primary,0.25,unadjusted,199976,16712.988951423074,6364.489542052018,2535.59068854213,0.38081097047037155,0.15171377758412447,56543,15631,4762,current_reference,current,POWER_2019_2023,current_inventory
core,upper,codex_primary,0.25,restricted,199976,16712.988951423074,6312.031856838556,2474.474923438677,0.37767223296710795,0.1480569951090634,56543,15596,4797,current_reference,current,POWER_2019_2023,current_inventory
core,upper,codex_primary,0.5,unadjusted,199976,16712.988951423074,5381.456651073825,1905.5270915480014,0.3219924734417781,0.11401474009744678,56543,15090,5303,current_reference,current,POWER_2019_2023,current_inventory
core,upper,codex_primary,0.5,restricted,199976,16712.988951423074,5276.541280646899,1802.8795395251577,0.31571499843525075,0.10787295706143853,56543,15007,5386,current_reference,current,POWER_2019_2023,current_inventory
core,upper,codex_primary,0.75,unadjusted,199976,16712.988951423074,4398.423760095631,1371.6871134828618,0.26317397641318463,0.08207311794854419,56543,14593,5800,current_reference,current,POWER_2019_2023,current_inventory
core,upper,codex_primary,0.75,restricted,199976,16712.988951423074,4241.050704455244,1246.3095392028367,0.2537577639033937,0.07457131353495666,56543,14467,5926,current_reference,current,POWER_2019_2023,current_inventory
core,upper,no_ecology,0.5,unadjusted,199976,16712.988951423074,7347.522433030213,2538.671230320665,0.43962946749896503,0.15189809780281718,56543,15090,5303,current_reference,current,POWER_2019_2023,current_inventory
core,upper,no_ecology,0.5,restricted,199976,16712.988951423074,7347.522433030213,2458.1729919239883,0.43962946749896503,0.14708159019722683,56543,15007,5386,current_reference,current,POWER_2019_2023,current_inventory
core,upper,no_maintenance,0.5,unadjusted,199976,16712.988951423074,5381.456651073825,1982.8546829655793,0.3219924734417781,0.11864153615662766,56543,16239,4154,current_reference,current,POWER_2019_2023,current_inventory
core,upper,no_maintenance,0.5,restricted,199976,16712.988951423074,5276.541280646899,1880.506434571576,0.31571499843525075,0.11251766156474692,56543,16239,4154,current_reference,current,POWER_2019_2023,current_inventory
core,upper,no_institutions,0.5,unadjusted,199976,16712.988951423074,5381.456651073825,2357.0973929806023,0.3219924734417781,0.14103386293329062,56543,15090,5303,current_reference,current,POWER_2019_2023,current_inventory
core,upper,no_institutions,0.5,restricted,199976,16712.988951423074,5276.541280646899,2296.5803865371877,0.31571499843525075,0.13741290640544812,56543,15007,5386,current_reference,current,POWER_2019_2023,current_inventory
conservative,lower,codex_primary,0.0,unadjusted,199976,16712.988951423074,4782.767215022281,1003.2311290603949,0.2861706681505966,0.06002703238638663,40093,6527,2022,current_reference,current,POWER_2019_2023,current_inventory
conservative,lower,codex_primary,0.0,restricted,199976,16712.988951423074,4782.767215022281,1003.2311290603949,0.2861706681505966,0.06002703238638663,40093,6527,2022,current_reference,current,POWER_2019_2023,current_inventory
conservative,lower,codex_primary,0.25,unadjusted,199976,16712.988951423074,4135.302189698079,776.2594289266424,0.24743043878731022,0.04644647532424447,40093,6295,2254,current_reference,current,POWER_2019_2023,current_inventory
conservative,lower,codex_primary,0.25,restricted,199976,16712.988951423074,4099.585121493696,756.9023816112308,0.24529335437301447,0.045288271524093975,40093,6277,2272,current_reference,current,POWER_2019_2023,current_inventory
conservative,lower,codex_primary,0.5,unadjusted,199976,16712.988951423074,3487.837164373878,583.3650279426419,0.20869020942402383,0.03490488922347846,40093,6034,2515,current_reference,current,POWER_2019_2023,current_inventory
conservative,lower,codex_primary,0.5,restricted,199976,16712.988951423074,3416.4030279651092,551.2325337933557,0.20441604059543222,0.03298228314489608,40093,5990,2559,current_reference,current,POWER_2019_2023,current_inventory
conservative,lower,codex_primary,0.75,unadjusted,199976,16712.988951423074,2840.372139049677,421.9944379514742,0.16994998006073747,0.025249489434715524,40093,5800,2749,current_reference,current,POWER_2019_2023,current_inventory
conservative,lower,codex_primary,0.75,restricted,199976,16712.988951423074,2733.2209344365247,382.68757347105645,0.16353872681785006,0.022897614219895206,40093,5728,2821,current_reference,current,POWER_2019_2023,current_inventory
conservative,lower,no_ecology,0.5,unadjusted,199976,16712.988951423074,4782.767215022281,778.7054104801708,0.2861706681505966,0.04659282745555012,40093,6034,2515,current_reference,current,POWER_2019_2023,current_inventory
conservative,lower,no_ecology,0.5,restricted,199976,16712.988951423074,4782.767215022281,754.5508117335638,0.2861706681505966,0.04514756839286461,40093,5990,2559,current_reference,current,POWER_2019_2023,current_inventory
conservative,lower,no_maintenance,0.5,unadjusted,199976,16712.988951423074,3487.837164373878,613.9618444998991,0.20869020942402383,0.03673561002669254,40093,6527,2022,current_reference,current,POWER_2019_2023,current_inventory
conservative,lower,no_maintenance,0.5,restricted,199976,16712.988951423074,3416.4030279651092,582.0971640146689,0.20441604059543222,0.03482902823106962,40093,6527,2022,current_reference,current,POWER_2019_2023,current_inventory
conservative,lower,no_institutions,0.5,unadjusted,199976,16712.988951423074,3487.837164373878,715.0299061491668,0.20869020942402383,0.04278288630641879,40093,6034,2515,current_reference,current,POWER_2019_2023,current_inventory
conservative,lower,no_institutions,0.5,restricted,199976,16712.988951423074,3416.4030279651092,694.5697524794965,0.20441604059543222,0.041558679569422885,40093,5990,2559,current_reference,current,POWER_2019_2023,current_inventory
conservative,upper,codex_primary,0.0,unadjusted,199976,16712.988951423074,5397.197873563869,2313.999043215553,0.3229343290569404,0.13845512911791405,47036,13558,2931,current_reference,current,POWER_2019_2023,current_inventory
conservative,upper,codex_primary,0.0,restricted,199976,16712.988951423074,5397.197873563869,2313.999043215553,0.3229343290569404,0.13845512911791405,47036,13558,2931,current_reference,current,POWER_2019_2023,current_inventory
conservative,upper,codex_primary,0.25,unadjusted,199976,16712.988951423074,4673.0902118319555,1795.1944186587516,0.27960828702839846,0.10741312782989033,47036,12989,3500,current_reference,current,POWER_2019_2023,current_inventory
conservative,upper,codex_primary,0.25,restricted,199976,16712.988951423074,4637.212220958527,1751.0704017717267,0.27746157401508237,0.10477302455361384,47036,12957,3532,current_reference,current,POWER_2019_2023,current_inventory
conservative,upper,codex_primary,0.5,unadjusted,199976,16712.988951423074,3948.982550100039,1350.5853265396147,0.23628224499985634,0.08081051991748103,47036,12513,3976,current_reference,current,POWER_2019_2023,current_inventory
conservative,upper,codex_primary,0.5,restricted,199976,16712.988951423074,3877.226568353184,1276.0968765550194,0.2319888189732242,0.07635360020066086,47036,12446,4043,current_reference,current,POWER_2019_2023,current_inventory
conservative,upper,codex_primary,0.75,unadjusted,199976,16712.988951423074,3224.874888368124,977.772960423585,0.1929562029713143,0.058503775911389555,47036,12100,4389,current_reference,current,POWER_2019_2023,current_inventory
conservative,upper,codex_primary,0.75,restricted,199976,16712.988951423074,3117.240915747842,886.112394322817,0.18651606393136613,0.053019384916625965,47036,11999,4490,current_reference,current,POWER_2019_2023,current_inventory
conservative,upper,no_ecology,0.5,unadjusted,199976,16712.988951423074,5397.197873563869,1799.078862597225,0.3229343290569404,0.10764554849083637,47036,12513,3976,current_reference,current,POWER_2019_2023,current_inventory
conservative,upper,no_ecology,0.5,restricted,199976,16712.988951423074,5397.197873563869,1741.7972820713696,0.3229343290569404,0.10421817947310133,47036,12446,4043,current_reference,current,POWER_2019_2023,current_inventory
conservative,upper,no_maintenance,0.5,unadjusted,199976,16712.988951423074,3948.982550100039,1416.9387802818549,0.23628224499985634,0.08478069269358343,47036,13558,2931,current_reference,current,POWER_2019_2023,current_inventory
conservative,upper,no_maintenance,0.5,restricted,199976,16712.988951423074,3877.226568353184,1342.8974575419809,0.2319888189732242,0.08035052625506799,47036,13558,2931,current_reference,current,POWER_2019_2023,current_inventory
conservative,upper,no_institutions,0.5,unadjusted,199976,16712.988951423074,3948.982550100039,1659.8306106110695,0.23628224499985634,0.09931381008121462,47036,12513,3976,current_reference,current,POWER_2019_2023,current_inventory
conservative,upper,no_institutions,0.5,restricted,199976,16712.988951423074,3877.226568353184,1615.3086051239277,0.2319888189732242,0.09664989367365003,47036,12446,4043,current_reference,current,POWER_2019_2023,current_inventory
core,lower,codex_primary,0.0,unadjusted,199976,15929.814759277977,6264.135063309462,1337.5706971543207,0.3932333902163584,0.08396649410974986,45362,6799,3638,MPI-ESM1-2-LR,historical,1995_2014,central
core,lower,codex_primary,0.0,restricted,199976,15929.814759277977,6264.135063309462,1337.5706971543207,0.3932333902163584,0.08396649410974986,45362,6799,3638,MPI-ESM1-2-LR,historical,1995_2014,central
core,lower,codex_primary,0.25,unadjusted,199976,15929.814759277977,5420.0693618027,1048.4671903957235,0.34024685432364477,0.06581791478680356,45362,6625,3812,MPI-ESM1-2-LR,historical,1995_2014,central
core,lower,codex_primary,0.25,restricted,199976,15929.814759277977,5368.24778414834,1022.890954098965,0.33699373566297874,0.06421235711502572,45362,6602,3835,MPI-ESM1-2-LR,historical,1995_2014,central
core,lower,codex_primary,0.5,unadjusted,199976,15929.814759277977,4576.003660295937,791.2277108586599,0.2872603184309311,0.049669611531284526,45362,6425,4012,MPI-ESM1-2-LR,historical,1995_2014,central
core,lower,codex_primary,0.5,restricted,199976,15929.814759277977,4472.360504987216,748.0329891227153,0.280754081109599,0.04695804693441521,45362,6387,4050,MPI-ESM1-2-LR,historical,1995_2014,central
core,lower,codex_primary,0.75,unadjusted,199976,15929.814759277977,3731.9379587891754,565.3304408404254,0.23427378253821743,0.03548882704434217,45362,6167,4270,MPI-ESM1-2-LR,historical,1995_2014,central
core,lower,codex_primary,0.75,restricted,199976,15929.814759277977,3576.4732258260924,513.1490940070555,0.22451442655621923,0.0322131237407003,45362,6095,4342,MPI-ESM1-2-LR,historical,1995_2014,central
core,lower,no_ecology,0.5,unadjusted,199976,15929.814759277977,6264.135063309462,1054.0294960313552,0.3932333902163584,0.06616709057570544,45362,6425,4012,MPI-ESM1-2-LR,historical,1995_2014,central
core,lower,no_ecology,0.5,restricted,199976,15929.814759277977,6264.135063309462,1021.0958623286858,0.3932333902163584,0.06409966956671424,45362,6387,4050,MPI-ESM1-2-LR,historical,1995_2014,central
core,lower,no_maintenance,0.5,unadjusted,199976,15929.814759277977,4576.003660295937,809.9695709438203,0.2872603184309311,0.05084613871432943,45362,6799,3638,MPI-ESM1-2-LR,historical,1995_2014,central
core,lower,no_maintenance,0.5,restricted,199976,15929.814759277977,4472.360504987216,767.4535935743236,0.280754081109599,0.048177182545536934,45362,6799,3638,MPI-ESM1-2-LR,historical,1995_2014,central
core,lower,no_institutions,0.5,unadjusted,199976,15929.814759277977,4576.003660295937,981.6338783326937,0.2872603184309311,0.061622428958940795,45362,6425,4012,MPI-ESM1-2-LR,historical,1995_2014,central
core,lower,no_institutions,0.5,restricted,199976,15929.814759277977,4472.360504987216,953.5439091055218,0.280754081109599,0.05985907077482811,45362,6387,4050,MPI-ESM1-2-LR,historical,1995_2014,central
core,upper,codex_primary,0.0,unadjusted,199976,15929.814759277977,7374.3711595872455,3212.007606827316,0.46292887086412615,0.2016349628269564,56459,15140,5302,MPI-ESM1-2-LR,historical,1995_2014,central
core,upper,codex_primary,0.0,restricted,199976,15929.814759277977,7374.3711595872455,3212.007606827316,0.46292887086412615,0.2016349628269564,56459,15140,5302,MPI-ESM1-2-LR,historical,1995_2014,central
core,upper,codex_primary,0.25,unadjusted,199976,15929.814759277977,6386.648443504957,2523.5670536091125,0.40092421286852636,0.1584178530474948,56459,14824,5618,MPI-ESM1-2-LR,historical,1995_2014,central
core,upper,codex_primary,0.25,restricted,199976,15929.814759277977,6331.67270499964,2461.958932084571,0.39747309059648,0.15455038048390715,56459,14795,5647,MPI-ESM1-2-LR,historical,1995_2014,central
core,upper,codex_primary,0.5,unadjusted,199976,15929.814759277977,5398.925727422667,1913.8011222760326,0.33891955487292647,0.12013957168970722,56459,14451,5991,MPI-ESM1-2-LR,historical,1995_2014,central
core,upper,codex_primary,0.5,restricted,199976,15929.814759277977,5288.974250412033,1808.9642939372202,0.3320173103288338,0.11355840110341697,56459,14396,6046,MPI-ESM1-2-LR,historical,1995_2014,central
core,upper,codex_primary,0.75,unadjusted,199976,15929.814759277977,4411.203011340375,1381.7235586501388,0.27691489687732657,0.08673820628362196,56459,13951,6491,MPI-ESM1-2-LR,historical,1995_2014,central
core,upper,codex_primary,0.75,restricted,199976,15929.814759277977,4246.2757958244265,1253.3310123611122,0.2665615300611876,0.07867831681037826,56459,13852,6590,MPI-ESM1-2-LR,historical,1995_2014,central
core,upper,no_ecology,0.5,unadjusted,199976,15929.814759277977,7374.3711595872455,2549.026935926487,0.46292887086412615,0.1600161065552794,56459,14451,5991,MPI-ESM1-2-LR,historical,1995_2014,central
core,upper,no_ecology,0.5,restricted,199976,15929.814759277977,7374.3711595872455,2467.945161557432,0.46292887086412615,0.15492616824812924,56459,14396,6046,MPI-ESM1-2-LR,historical,1995_2014,central
core,upper,no_maintenance,0.5,unadjusted,199976,15929.814759277977,5398.925727422667,1947.4803360850362,0.33891955487292647,0.12225379676501061,56459,15140,5302,MPI-ESM1-2-LR,historical,1995_2014,central
core,upper,no_maintenance,0.5,restricted,199976,15929.814759277977,5288.974250412033,1843.3593951741807,0.3320173103288338,0.1157175662761901,56459,15140,5302,MPI-ESM1-2-LR,historical,1995_2014,central
core,upper,no_institutions,0.5,unadjusted,199976,15929.814759277977,5398.925727422667,2371.7278723536706,0.33891955487292647,0.1488860924118599,56459,14451,5991,MPI-ESM1-2-LR,historical,1995_2014,central
core,upper,no_institutions,0.5,restricted,199976,15929.814759277977,5288.974250412033,2308.7566449082774,0.3320173103288338,0.14493305037107176,56459,14396,6046,MPI-ESM1-2-LR,historical,1995_2014,central
conservative,lower,codex_primary,0.0,unadjusted,199976,15929.814759277977,4486.606725827579,909.2511905874935,0.2816483928800523,0.05707857902477615,36828,5419,2514,MPI-ESM1-2-LR,historical,1995_2014,central
conservative,lower,codex_primary,0.0,restricted,199976,15929.814759277977,4486.606725827579,909.2511905874935,0.2816483928800523,0.05707857902477615,36828,5419,2514,MPI-ESM1-2-LR,historical,1995_2014,central
conservative,lower,codex_primary,0.25,unadjusted,199976,15929.814759277977,3879.848993810629,713.1343725393375,0.24355895234443292,0.0447672733999614,36828,5281,2652,MPI-ESM1-2-LR,historical,1995_2014,central
conservative,lower,codex_primary,0.25,restricted,199976,15929.814759277977,3844.7879140958935,695.7603847907501,0.2413579801269553,0.04367661490762279,36828,5264,2669,MPI-ESM1-2-LR,historical,1995_2014,central
conservative,lower,codex_primary,0.5,unadjusted,199976,15929.814759277977,3273.0912617936788,539.2737076754981,0.20546951180881357,0.033853106004350104,36828,5121,2812,MPI-ESM1-2-LR,historical,1995_2014,central
conservative,lower,codex_primary,0.5,restricted,199976,15929.814759277977,3202.9691023642085,509.5918249414932,0.2010675673738584,0.03198981486239144,36828,5092,2841,MPI-ESM1-2-LR,historical,1995_2014,central
conservative,lower,codex_primary,0.75,unadjusted,199976,15929.814759277977,2666.333529776729,386.2753458041899,0.1673800712731942,0.024248577377788537,36828,4908,3025,MPI-ESM1-2-LR,historical,1995_2014,central
conservative,lower,codex_primary,0.75,restricted,199976,15929.814759277977,2561.1502906325245,350.3822816959308,0.16077715462076153,0.02199537703298516,36828,4852,3081,MPI-ESM1-2-LR,historical,1995_2014,central
conservative,lower,no_ecology,0.5,unadjusted,199976,15929.814759277977,4486.606725827579,719.2116795947397,0.2816483928800523,0.045148778593037335,36828,5121,2812,MPI-ESM1-2-LR,historical,1995_2014,central
conservative,lower,no_ecology,0.5,restricted,199976,15929.814759277977,4486.606725827579,696.3639549094893,0.2816483928800523,0.0437145042445586,36828,5092,2841,MPI-ESM1-2-LR,historical,1995_2014,central
conservative,lower,no_maintenance,0.5,unadjusted,199976,15929.814759277977,3273.0912617936788,552.9017607699353,0.20546951180881357,0.03470861206643408,36828,5419,2514,MPI-ESM1-2-LR,historical,1995_2014,central
conservative,lower,no_maintenance,0.5,restricted,199976,15929.814759277977,3202.9691023642085,523.9963463388333,0.2010675673738584,0.03289406400872571,36828,5419,2514,MPI-ESM1-2-LR,historical,1995_2014,central
conservative,lower,no_institutions,0.5,unadjusted,199976,15929.814759277977,3273.0912617936788,665.3325065683998,0.20546951180881357,0.04176649362359291,36828,5121,2812,MPI-ESM1-2-LR,historical,1995_2014,central
conservative,lower,no_institutions,0.5,restricted,199976,15929.814759277977,3202.9691023642085,646.031395603503,0.2010675673738584,0.040554859260195475,36828,5092,2841,MPI-ESM1-2-LR,historical,1995_2014,central
conservative,upper,codex_primary,0.0,unadjusted,199976,15929.814759277977,5430.520049582034,2279.7702382266093,0.3409029001055486,0.143113417994946,46972,12627,3912,MPI-ESM1-2-LR,historical,1995_2014,central
conservative,upper,codex_primary,0.0,restricted,199976,15929.814759277977,5430.520049582034,2279.7702382266093,0.3409029001055486,0.143113417994946,46972,12627,3912,MPI-ESM1-2-LR,historical,1995_2014,central
conservative,upper,codex_primary,0.25,unadjusted,199976,15929.814759277977,4701.0445623239275,1794.3689552306598,0.29510980719885055,0.11264217333008021,46972,12358,4181,MPI-ESM1-2-LR,historical,1995_2014,central
conservative,upper,codex_primary,0.25,restricted,199976,15929.814759277977,4663.200470314667,1749.7082832419292,0.2927341303575854,0.1098385831651212,46972,12336,4203,MPI-ESM1-2-LR,historical,1995_2014,central
conservative,upper,codex_primary,0.5,unadjusted,199976,15929.814759277977,3971.569075065822,1368.2139412549761,0.24931671429215252,0.08589013506626557,46972,12043,4496,MPI-ESM1-2-LR,historical,1995_2014,central
conservative,upper,codex_primary,0.5,restricted,199976,15929.814759277977,3895.8808910473017,1291.6186509317974,0.24456536060962228,0.08108183745071625,46972,12001,4538,MPI-ESM1-2-LR,historical,1995_2014,central
conservative,upper,codex_primary,0.75,unadjusted,199976,15929.814759277977,3242.0935878077166,994.1192146934708,0.20352362138545455,0.062406200556379195,46972,11623,4916,MPI-ESM1-2-LR,historical,1995_2014,central
conservative,upper,codex_primary,0.75,restricted,199976,15929.814759277977,3128.5613117799357,899.6382356759192,0.19639659086165911,0.056475122232789575,46972,11546,4993,MPI-ESM1-2-LR,historical,1995_2014,central
conservative,upper,no_ecology,0.5,unadjusted,199976,15929.814759277977,5430.520049582034,1821.86254148592,0.3409029001055486,0.11436809335305143,46972,12043,4496,MPI-ESM1-2-LR,historical,1995_2014,central
conservative,upper,no_ecology,0.5,restricted,199976,15929.814759277977,5430.520049582034,1763.6279385059397,0.3409029001055486,0.11071239466100839,46972,12001,4538,MPI-ESM1-2-LR,historical,1995_2014,central
conservative,upper,no_maintenance,0.5,unadjusted,199976,15929.814759277977,3971.569075065822,1392.4783702779184,0.24931671429215252,0.08741334355234102,46972,12627,3912,MPI-ESM1-2-LR,historical,1995_2014,central
conservative,upper,no_maintenance,0.5,restricted,199976,15929.814759277977,3895.8808910473017,1316.674630144969,0.24456536060962228,0.08265473579208447,46972,12627,3912,MPI-ESM1-2-LR,historical,1995_2014,central
conservative,upper,no_institutions,0.5,unadjusted,199976,15929.814759277977,3971.569075065822,1683.2523086411484,0.24931671429215252,0.10566678483569775,46972,12043,4496,MPI-ESM1-2-LR,historical,1995_2014,central
conservative,upper,no_institutions,0.5,restricted,199976,15929.814759277977,3895.8808910473017,1636.643143324948,0.24456536060962228,0.10274087728306573,46972,12001,4538,MPI-ESM1-2-LR,historical,1995_2014,central
core,lower,codex_primary,0.0,unadjusted,199976,15929.814759277977,5780.139686599642,1324.9222756411207,0.36285040183741774,0.08317248478168576,36270,6640,3090,MPI-ESM1-2-LR,historical,1995_2014,historical_error_longer_ice
core,lower,codex_primary,0.0,restricted,199976,15929.814759277977,5780.139686599642,1324.9222756411207,0.36285040183741774,0.08317248478168576,36270,6640,3090,MPI-ESM1-2-LR,historical,1995_2014,historical_error_longer_ice
core,lower,codex_primary,0.25,unadjusted,199976,15929.814759277977,5008.664512575765,1039.8522138161495,0.3144207630950998,0.06527710645288641,36270,6476,3254,MPI-ESM1-2-LR,historical,1995_2014,historical_error_longer_ice
core,lower,codex_primary,0.25,restricted,199976,15929.814759277977,4957.6704764947,1014.554662837371,0.3112195936620802,0.06368904335478638,36270,6453,3277,MPI-ESM1-2-LR,historical,1995_2014,historical_error_longer_ice
core,lower,codex_primary,0.5,unadjusted,199976,15929.814759277977,4237.189338551888,784.95310657357,0.2659911243527818,0.04927572093180751,36270,6283,3447,MPI-ESM1-2-LR,historical,1995_2014,historical_error_longer_ice
core,lower,codex_primary,0.5,restricted,199976,15929.814759277977,4135.201266389757,742.2555039776089,0.2595887854867426,0.046595363172399616,36270,6246,3484,MPI-ESM1-2-LR,historical,1995_2014,historical_error_longer_ice
core,lower,codex_primary,0.75,unadjusted,199976,15929.814759277977,3465.714164528012,561.1514848355027,0.21756148561046396,0.03522649153899748,36270,6031,3699,MPI-ESM1-2-LR,historical,1995_2014,historical_error_longer_ice
core,lower,codex_primary,0.75,restricted,199976,15929.814759277977,3312.732056284814,509.5547592233141,0.207957977311405,0.0319874880482546,36270,5960,3770,MPI-ESM1-2-LR,historical,1995_2014,historical_error_longer_ice
core,lower,no_ecology,0.5,unadjusted,199976,15929.814759277977,5780.139686599642,1045.2687385344645,0.36285040183741774,0.06561713079090706,36270,6283,3447,MPI-ESM1-2-LR,historical,1995_2014,historical_error_longer_ice
core,lower,no_ecology,0.5,restricted,199976,15929.814759277977,5780.139686599642,1012.8944420109862,0.36285040183741774,0.0635848223797485,36270,6246,3484,MPI-ESM1-2-LR,historical,1995_2014,historical_error_longer_ice
core,lower,no_maintenance,0.5,unadjusted,199976,15929.814759277977,4237.189338551888,802.7605712433353,0.2659911243527818,0.05039359109783651,36270,6640,3090,MPI-ESM1-2-LR,historical,1995_2014,historical_error_longer_ice
core,lower,no_maintenance,0.5,restricted,199976,15929.814759277977,4135.201266389757,760.7162396155022,0.2595887854867426,0.04775424266452562,36270,6640,3090,MPI-ESM1-2-LR,historical,1995_2014,historical_error_longer_ice
core,lower,no_institutions,0.5,unadjusted,199976,15929.814759277977,4237.189338551888,973.6986408326535,0.2659911243527818,0.06112429149658151,36270,6283,3447,MPI-ESM1-2-LR,historical,1995_2014,historical_error_longer_ice
core,lower,no_institutions,0.5,restricted,199976,15929.814759277977,4135.201266389757,945.7838318785228,0.2595887854867426,0.059371929063247356,36270,6246,3484,MPI-ESM1-2-LR,historical,1995_2014,historical_error_longer_ice
core,upper,codex_primary,0.0,unadjusted,199976,15929.814759277977,6890.375782877426,3189.543527162847,0.43254588248518555,0.20022477193623148,47367,14904,4630,MPI-ESM1-2-LR,historical,1995_2014,historical_error_longer_ice
core,upper,codex_primary,0.0,restricted,199976,15929.814759277977,6890.375782877426,3189.543527162847,0.43254588248518555,0.20022477193623148,47367,14904,4630,MPI-ESM1-2-LR,historical,1995_2014,historical_error_longer_ice
core,upper,codex_primary,0.25,unadjusted,199976,15929.814759277977,5975.243594278022,2507.912262652265,0.3750981216399814,0.1574351177681828,47367,14611,4923,MPI-ESM1-2-LR,historical,1995_2014,historical_error_longer_ice
core,upper,codex_primary,0.25,restricted,199976,15929.814759277977,5921.095397346,2446.752307964905,0.3716989485955815,0.15359577904318358,47367,14582,4952,MPI-ESM1-2-LR,historical,1995_2014,historical_error_longer_ice
core,upper,codex_primary,0.5,unadjusted,199976,15929.814759277977,5060.111405678616,1902.5126180741497,0.3176503607947772,0.11943093167270337,47367,14250,5284,MPI-ESM1-2-LR,historical,1995_2014,historical_error_longer_ice
core,upper,codex_primary,0.5,restricted,199976,15929.814759277977,4951.815011814574,1798.4466406849008,0.31085201470597745,0.11289815153923459,47367,14196,5338,MPI-ESM1-2-LR,historical,1995_2014,historical_error_longer_ice
core,upper,codex_primary,0.75,unadjusted,199976,15929.814759277977,4144.9792170792125,1374.244256960485,0.2602025999495731,0.086268690360011,47367,13762,5772,MPI-ESM1-2-LR,historical,1995_2014,historical_error_longer_ice
core,upper,codex_primary,0.75,restricted,199976,15929.814759277977,3982.534626283147,1246.757078567034,0.25000508081637335,0.07826563569051467,47367,13664,5870,MPI-ESM1-2-LR,historical,1995_2014,historical_error_longer_ice
core,upper,no_ecology,0.5,unadjusted,199976,15929.814759277977,6890.375782877426,2533.09079497048,0.43254588248518555,0.1590157094259452,47367,14250,5284,MPI-ESM1-2-LR,historical,1995_2014,historical_error_longer_ice
core,upper,no_ecology,0.5,restricted,199976,15929.814759277977,6890.375782877426,2452.959546684729,0.43254588248518555,0.15398544074444154,47367,14196,5338,MPI-ESM1-2-LR,historical,1995_2014,historical_error_longer_ice
core,upper,no_maintenance,0.5,unadjusted,199976,15929.814759277977,5060.111405678616,1934.8391055528675,0.3176503607947772,0.12146023885343439,47367,14904,4630,MPI-ESM1-2-LR,historical,1995_2014,historical_error_longer_ice
core,upper,no_maintenance,0.5,restricted,199976,15929.814759277977,4951.815011814574,1831.4701439072112,0.31085201470597745,0.11497121414048528,47367,14904,4630,MPI-ESM1-2-LR,historical,1995_2014,historical_error_longer_ice
core,upper,no_institutions,0.5,unadjusted,199976,15929.814759277977,5060.111405678616,2357.4275252527987,0.3176503607947772,0.14798838284542926,47367,14250,5284,MPI-ESM1-2-LR,historical,1995_2014,historical_error_longer_ice
core,upper,no_institutions,0.5,restricted,199976,15929.814759277977,4951.815011814574,2294.6314580804465,0.31085201470597745,0.14404633655541962,47367,14196,5338,MPI-ESM1-2-LR,historical,1995_2014,historical_error_longer_ice
conservative,lower,codex_primary,0.0,unadjusted,199976,15929.814759277977,4054.0258666962686,897.5606324631894,0.2544929698153011,0.05634469992442471,28471,5268,2019,MPI-ESM1-2-LR,historical,1995_2014,historical_error_longer_ice
conservative,lower,codex_primary,0.0,restricted,199976,15929.814759277977,4054.0258666962686,897.5606324631894,0.2544929698153011,0.05634469992442471,28471,5268,2019,MPI-ESM1-2-LR,historical,1995_2014,historical_error_longer_ice
conservative,lower,codex_primary,0.25,unadjusted,199976,15929.814759277977,3512.2444389449765,705.2793936933465,0.2204824407577838,0.04427417420422743,28471,5140,2147,MPI-ESM1-2-LR,historical,1995_2014,historical_error_longer_ice
conservative,lower,codex_primary,0.25,restricted,199976,15929.814759277977,3477.7430117225144,688.1797881915079,0.21831660093203395,0.04320074015868216,28471,5123,2164,MPI-ESM1-2-LR,historical,1995_2014,historical_error_longer_ice
conservative,lower,codex_primary,0.5,unadjusted,199976,15929.814759277977,2970.463011193683,533.5829167920934,0.1864719117002664,0.03349586450660511,28471,4987,2300,MPI-ESM1-2-LR,historical,1995_2014,historical_error_longer_ice
conservative,lower,codex_primary,0.5,restricted,199976,15929.814759277977,2901.46015674876,504.3910657866319,0.18214023204876673,0.03166333528723931,28471,4959,2328,MPI-ESM1-2-LR,historical,1995_2014,historical_error_longer_ice
conservative,lower,codex_primary,0.75,unadjusted,199976,15929.814759277977,2428.68158344239,382.5257001924688,0.152461382642749,0.024013191990802964,28471,4780,2507,MPI-ESM1-2-LR,historical,1995_2014,historical_error_longer_ice
conservative,lower,codex_primary,0.75,restricted,199976,15929.814759277977,2325.177301775005,347.20890428476514,0.1459638631654995,0.021796167094946337,28471,4725,2562,MPI-ESM1-2-LR,historical,1995_2014,historical_error_longer_ice
conservative,lower,no_ecology,0.5,unadjusted,199976,15929.814759277977,4054.0258666962686,711.2466248602539,0.2544929698153011,0.044648769342782446,28471,4987,2300,MPI-ESM1-2-LR,historical,1995_2014,historical_error_longer_ice
conservative,lower,no_ecology,0.5,restricted,199976,15929.814759277977,4054.0258666962686,688.9481124807083,0.2544929698153011,0.04324897199946694,28471,4959,2328,MPI-ESM1-2-LR,historical,1995_2014,historical_error_longer_ice
conservative,lower,no_maintenance,0.5,unadjusted,199976,15929.814759277977,2970.463011193683,546.2765744711354,0.1864719117002664,0.03429271355167319,28471,5268,2019,MPI-ESM1-2-LR,historical,1995_2014,historical_error_longer_ice
conservative,lower,no_maintenance,0.5,restricted,199976,15929.814759277977,2901.46015674876,517.835718370257,0.18214023204876673,0.032507328314577845,28471,5268,2019,MPI-ESM1-2-LR,historical,1995_2014,historical_error_longer_ice
conservative,lower,no_institutions,0.5,unadjusted,199976,15929.814759277977,2970.463011193683,658.0998804497069,0.1864719117002664,0.04131246284997827,28471,4987,2300,MPI-ESM1-2-LR,historical,1995_2014,historical_error_longer_ice
conservative,lower,no_institutions,0.5,restricted,199976,15929.814759277977,2901.46015674876,638.9739297578511,0.18214023204876673,0.04011182423735935,28471,4959,2328,MPI-ESM1-2-LR,historical,1995_2014,historical_error_longer_ice
conservative,upper,codex_primary,0.0,unadjusted,199976,15929.814759277977,4997.939190450724,2258.715564851108,0.3137474770407975,0.14179170310411598,38615,12405,3300,MPI-ESM1-2-LR,historical,1995_2014,historical_error_longer_ice
conservative,upper,codex_primary,0.0,restricted,199976,15929.814759277977,4997.939190450724,2258.715564851108,0.3137474770407975,0.14179170310411598,38615,12405,3300,MPI-ESM1-2-LR,historical,1995_2014,historical_error_longer_ice
conservative,upper,codex_primary,0.25,unadjusted,199976,15929.814759277977,4333.4400074582745,1779.6716214001053,0.2720332956122014,0.11171954277519605,38615,12158,3547,MPI-ESM1-2-LR,historical,1995_2014,historical_error_longer_ice
conservative,upper,codex_primary,0.25,restricted,199976,15929.814759277977,4296.155567941289,1735.4479255191818,0.26969275116266406,0.10894338394665937,38615,12136,3569,MPI-ESM1-2-LR,historical,1995_2014,historical_error_longer_ice
conservative,upper,codex_primary,0.5,unadjusted,199976,15929.814759277977,3668.9408244658257,1357.6537965674077,0.23031911418360532,0.08522721808655505,38615,11855,3850,MPI-ESM1-2-LR,historical,1995_2014,historical_error_longer_ice
conservative,upper,codex_primary,0.5,restricted,199976,15929.814759277977,3594.3719454318525,1281.8109040482304,0.22563802528453059,0.08046615252080488,38615,11814,3891,MPI-ESM1-2-LR,historical,1995_2014,historical_error_longer_ice
conservative,upper,codex_primary,0.75,unadjusted,199976,15929.814759277977,3004.4416414733773,987.1687682919624,0.18860493275500928,0.06196988371864194,38615,11447,4258,MPI-ESM1-2-LR,historical,1995_2014,historical_error_longer_ice
conservative,upper,codex_primary,0.75,restricted,199976,15929.814759277977,2892.588322922417,893.5713699214214,0.18158329940639711,0.05609427249623101,38615,11371,4334,MPI-ESM1-2-LR,historical,1995_2014,historical_error_longer_ice
conservative,upper,no_ecology,0.5,unadjusted,199976,15929.814759277977,4997.939190450724,1806.92694553485,0.3137474770407975,0.11343050580562741,38615,11855,3850,MPI-ESM1-2-LR,historical,1995_2014,historical_error_longer_ice
conservative,upper,no_ecology,0.5,restricted,199976,15929.814759277977,4997.939190450724,1749.6165588662416,0.3137474770407975,0.1098328251335889,38615,11814,3891,MPI-ESM1-2-LR,historical,1995_2014,historical_error_longer_ice
conservative,upper,no_maintenance,0.5,unadjusted,199976,15929.814759277977,3668.9408244658257,1380.6858990967892,0.23031911418360532,0.086673066822239,38615,12405,3300,MPI-ESM1-2-LR,historical,1995_2014,historical_error_longer_ice
conservative,upper,no_maintenance,0.5,restricted,199976,15929.814759277977,3594.3719454318525,1305.6156850834777,0.22563802528453059,0.08196050643483158,38615,12405,3300,MPI-ESM1-2-LR,historical,1995_2014,historical_error_longer_ice
conservative,upper,no_institutions,0.5,unadjusted,199976,15929.814759277977,3668.9408244658257,1669.8367374021154,0.23031911418360532,0.10482461740049771,38615,11855,3850,MPI-ESM1-2-LR,historical,1995_2014,historical_error_longer_ice
conservative,upper,no_institutions,0.5,restricted,199976,15929.814759277977,3594.3719454318525,1623.4027323589567,0.22563802528453059,0.10190970559864425,38615,11814,3891,MPI-ESM1-2-LR,historical,1995_2014,historical_error_longer_ice
core,lower,codex_primary,0.0,unadjusted,199976,15929.814759277977,6861.986070255877,1338.6668544457054,0.4307637077988783,0.08403530578822505,58776,6846,3879,MPI-ESM1-2-LR,historical,1995_2014,historical_error_shorter_ice
core,lower,codex_primary,0.0,restricted,199976,15929.814759277977,6861.986070255877,1338.6668544457054,0.4307637077988783,0.08403530578822505,58776,6846,3879,MPI-ESM1-2-LR,historical,1995_2014,historical_error_shorter_ice
core,lower,codex_primary,0.25,unadjusted,199976,15929.814759277977,5926.387703293497,1049.2142294210885,0.3720311750544243,0.06586481043729628,58776,6668,4057,MPI-ESM1-2-LR,historical,1995_2014,historical_error_shorter_ice
core,lower,codex_primary,0.25,restricted,199976,15929.814759277977,5873.950393435835,1023.61097339469,0.368739403577476,0.06425755659201937,58776,6645,4080,MPI-ESM1-2-LR,historical,1995_2014,historical_error_shorter_ice
core,lower,codex_primary,0.5,unadjusted,199976,15929.814759277977,4990.789336331117,791.722963601865,0.31329864230997034,0.04970070120499945,58776,6466,4259,MPI-ESM1-2-LR,historical,1995_2014,historical_error_shorter_ice
core,lower,codex_primary,0.5,restricted,199976,15929.814759277977,4885.914716615794,748.4840901347291,0.30671509935607366,0.04698636496691153,58776,6428,4297,MPI-ESM1-2-LR,historical,1995_2014,historical_error_shorter_ice
core,lower,codex_primary,0.75,unadjusted,199976,15929.814759277977,4055.190969368737,565.5512096470318,0.25456610956551634,0.035502685887645914,58776,6197,4528,MPI-ESM1-2-LR,historical,1995_2014,historical_error_shorter_ice
core,lower,codex_primary,0.75,restricted,199976,15929.814759277977,3897.879039795752,513.3217215637891,0.24469079513467137,0.03222396049927799,58776,6125,4600,MPI-ESM1-2-LR,historical,1995_2014,historical_error_shorter_ice
core,lower,no_ecology,0.5,unadjusted,199976,15929.814759277977,6861.986070255877,1054.73364736289,0.4307637077988783,0.06621129393539138,58776,6466,4259,MPI-ESM1-2-LR,historical,1995_2014,historical_error_shorter_ice
core,lower,no_ecology,0.5,restricted,199976,15929.814759277977,6861.986070255877,1021.7485194318275,0.4307637077988783,0.06414064035721019,58776,6428,4297,MPI-ESM1-2-LR,historical,1995_2014,historical_error_shorter_ice
core,lower,no_maintenance,0.5,unadjusted,199976,15929.814759277977,4990.789336331117,810.5207334508751,0.31329864230997034,0.05088073814410207,58776,6846,3879,MPI-ESM1-2-LR,historical,1995_2014,historical_error_shorter_ice
core,lower,no_maintenance,0.5,restricted,199976,15929.814759277977,4885.914716615794,767.9586047951515,0.30671509935607366,0.04820888481128574,58776,6846,3879,MPI-ESM1-2-LR,historical,1995_2014,historical_error_shorter_ice
core,lower,no_institutions,0.5,unadjusted,199976,15929.814759277977,4990.789336331117,982.3302158601876,0.31329864230997034,0.061666141804194594,58776,6466,4259,MPI-ESM1-2-LR,historical,1995_2014,historical_error_shorter_ice
core,lower,no_institutions,0.5,restricted,199976,15929.814759277977,4885.914716615794,954.2306540042398,0.30671509935607366,0.059902181439270584,58776,6428,4297,MPI-ESM1-2-LR,historical,1995_2014,historical_error_shorter_ice
core,upper,codex_primary,0.0,unadjusted,199976,15929.814759277977,7972.222166533661,3215.276802103573,0.500459188446646,0.20184018776683543,69873,15206,5642,MPI-ESM1-2-LR,historical,1995_2014,historical_error_shorter_ice
core,upper,codex_primary,0.0,restricted,199976,15929.814759277977,7972.222166533661,3215.276802103573,0.500459188446646,0.20184018776683543,69873,15206,5642,MPI-ESM1-2-LR,historical,1995_2014,historical_error_shorter_ice
core,upper,codex_primary,0.25,unadjusted,199976,15929.814759277977,6892.966784995753,2525.4843019319896,0.4327085335993059,0.15853820901847435,69873,14884,5964,MPI-ESM1-2-LR,historical,1995_2014,historical_error_shorter_ice
core,upper,codex_primary,0.25,restricted,199976,15929.814759277977,6837.375314287136,2463.8458970299325,0.4292187585109773,0.15466883540468784,69873,14855,5993,MPI-ESM1-2-LR,historical,1995_2014,historical_error_shorter_ice
core,upper,codex_primary,0.5,unadjusted,199976,15929.814759277977,5813.711403457845,1915.2014596801491,0.36495787875196567,0.12022747838700895,69873,14508,6340,MPI-ESM1-2-LR,historical,1995_2014,historical_error_shorter_ice
core,upper,codex_primary,0.5,restricted,199976,15929.814759277977,5702.528462040612,1810.3156887243122,0.3579783285753086,0.11364323540987398,69873,14453,6395,MPI-ESM1-2-LR,historical,1995_2014,historical_error_shorter_ice
core,upper,codex_primary,0.75,unadjusted,199976,15929.814759277977,4734.456021919937,1382.5562287561288,0.29720722390462545,0.08679047745680085,69873,13993,6855,MPI-ESM1-2-LR,historical,1995_2014,historical_error_shorter_ice
core,upper,codex_primary,0.75,restricted,199976,15929.814759277977,4567.6816097940855,1254.1098948160686,0.2867378986396397,0.07872721144391459,69873,13894,6954,MPI-ESM1-2-LR,historical,1995_2014,historical_error_shorter_ice
core,upper,no_ecology,0.5,unadjusted,199976,15929.814759277977,7972.222166533661,2551.0259907670475,0.500459188446646,0.16014159796059507,69873,14508,6340,MPI-ESM1-2-LR,historical,1995_2014,historical_error_shorter_ice
core,upper,no_ecology,0.5,restricted,199976,15929.814759277977,7972.222166533661,2469.88587804698,0.500459188446646,0.15504799744193185,69873,14453,6395,MPI-ESM1-2-LR,historical,1995_2014,historical_error_shorter_ice
core,upper,no_maintenance,0.5,unadjusted,199976,15929.814759277977,5813.711403457845,1949.3593622466685,0.36495787875196567,0.12237175332571311,69873,15206,5642,MPI-ESM1-2-LR,historical,1995_2014,historical_error_shorter_ice
core,upper,no_maintenance,0.5,restricted,199976,15929.814759277977,5702.528462040612,1845.1868946295544,0.3579783285753086,0.11583228822889263,69873,15206,5642,MPI-ESM1-2-LR,historical,1995_2014,historical_error_shorter_ice
core,upper,no_institutions,0.5,unadjusted,199976,15929.814759277977,5813.711403457845,2373.432067683673,0.36495787875196567,0.14899307390259,69873,14508,6340,MPI-ESM1-2-LR,historical,1995_2014,historical_error_shorter_ice
core,upper,no_institutions,0.5,restricted,199976,15929.814759277977,5702.528462040612,2310.4512476095038,0.3579783285753086,0.14503942968099057,69873,14453,6395,MPI-ESM1-2-LR,historical,1995_2014,historical_error_shorter_ice
conservative,lower,codex_primary,0.0,unadjusted,199976,15929.814759277977,5046.143171082051,910.3314769031257,0.31677349971336194,0.0571463943968917,49440,5465,2737,MPI-ESM1-2-LR,historical,1995_2014,historical_error_shorter_ice
conservative,lower,codex_primary,0.0,restricted,199976,15929.814759277977,5046.143171082051,910.3314769031257,0.31677349971336194,0.0571463943968917,49440,5465,2737,MPI-ESM1-2-LR,historical,1995_2014,historical_error_shorter_ice
conservative,lower,codex_primary,0.25,unadjusted,199976,15929.814759277977,4353.706562655276,713.8703663575144,0.2733055360935414,0.044813475683496945,49440,5323,2879,MPI-ESM1-2-LR,historical,1995_2014,historical_error_shorter_ice
conservative,lower,codex_primary,0.25,restricted,199976,15929.814759277977,4318.031880592961,696.4698647666393,0.2710660447622604,0.04372115277492448,49440,5306,2896,MPI-ESM1-2-LR,historical,1995_2014,historical_error_shorter_ice
conservative,lower,codex_primary,0.5,unadjusted,199976,15929.814759277977,3661.269954228499,539.7618779957737,0.22983757247372077,0.03388375107635204,49440,5161,3041,MPI-ESM1-2-LR,historical,1995_2014,historical_error_shorter_ice
conservative,lower,codex_primary,0.5,restricted,199976,15929.814759277977,3589.9205901038717,510.0366767568044,0.22535858981115897,0.032017740599258666,49440,5132,3070,MPI-ESM1-2-LR,historical,1995_2014,historical_error_shorter_ice
conservative,lower,codex_primary,0.75,unadjusted,199976,15929.814759277977,2968.8333458017237,386.4921319878184,0.18636960885390025,0.024262186210465154,49440,4937,3265,MPI-ESM1-2-LR,historical,1995_2014,historical_error_shorter_ice
conservative,lower,codex_primary,0.75,restricted,199976,15929.814759277977,2861.809299614782,350.551908646311,0.1796511348600575,0.022006025427391714,49440,4881,3321,MPI-ESM1-2-LR,historical,1995_2014,historical_error_shorter_ice
conservative,lower,no_ecology,0.5,unadjusted,199976,15929.814759277977,5046.143171082051,719.9057131792325,0.31677349971336194,0.04519234680741902,49440,5161,3041,MPI-ESM1-2-LR,historical,1995_2014,historical_error_shorter_ice
conservative,lower,no_ecology,0.5,restricted,199976,15929.814759277977,5046.143171082051,697.0076845887702,0.31677349971336194,0.04375491461272725,49440,5132,3070,MPI-ESM1-2-LR,historical,1995_2014,historical_error_shorter_ice
conservative,lower,no_maintenance,0.5,unadjusted,199976,15929.814759277977,3661.269954228499,553.4458408540604,0.22983757247372077,0.03474276689449372,49440,5465,2737,MPI-ESM1-2-LR,historical,1995_2014,historical_error_shorter_ice
conservative,lower,no_maintenance,0.5,restricted,199976,15929.814759277977,3589.9205901038717,524.4951083629586,0.22535858981115897,0.03292537397884541,49440,5465,2737,MPI-ESM1-2-LR,historical,1995_2014,historical_error_shorter_ice
conservative,lower,no_institutions,0.5,unadjusted,199976,15929.814759277977,3661.269954228499,666.0177344128671,0.22983757247372077,0.04180950905439496,49440,5161,3041,MPI-ESM1-2-LR,historical,1995_2014,historical_error_shorter_ice
conservative,lower,no_institutions,0.5,restricted,199976,15929.814759277977,3589.9205901038717,646.7070308191942,0.22535858981115897,0.040597272510186196,49440,5132,3070,MPI-ESM1-2-LR,historical,1995_2014,historical_error_shorter_ice
conservative,upper,codex_primary,0.0,unadjusted,199976,15929.814759277977,5990.056494836505,2283.0235625271134,0.37602800693885824,0.14331764662846538,59584,12692,4231,MPI-ESM1-2-LR,historical,1995_2014,historical_error_shorter_ice
conservative,upper,codex_primary,0.0,restricted,199976,15929.814759277977,5990.056494836505,2283.0235625271134,0.37602800693885824,0.14331764662846538,59584,12692,4231,MPI-ESM1-2-LR,historical,1995_2014,historical_error_shorter_ice
conservative,upper,codex_primary,0.25,unadjusted,199976,15929.814759277977,5174.902131168573,1796.2751583463491,0.32485639094795893,0.11276183593410259,59584,12417,4506,MPI-ESM1-2-LR,historical,1995_2014,historical_error_shorter_ice
conservative,upper,codex_primary,0.25,restricted,199976,15929.814759277977,5136.444436811734,1751.5847088674543,0.32244219499289045,0.1099563764762099,59584,12395,4528,MPI-ESM1-2-LR,historical,1995_2014,historical_error_shorter_ice
conservative,upper,codex_primary,0.5,unadjusted,199976,15929.814759277977,4359.747767500643,1369.6071962361632,0.2736847749570598,0.08597759716185431,59584,12099,4824,MPI-ESM1-2-LR,historical,1995_2014,historical_error_shorter_ice
conservative,upper,codex_primary,0.5,restricted,199976,15929.814759277977,4282.832378786963,1292.9637965221866,0.2688563830469227,0.08116627946154413,59584,12057,4866,MPI-ESM1-2-LR,historical,1995_2014,historical_error_shorter_ice
conservative,upper,codex_primary,0.75,unadjusted,199976,15929.814759277977,3544.593403832712,994.9479021764829,0.2225131589661606,0.06245822171893097,59584,11664,5259,MPI-ESM1-2-LR,historical,1995_2014,historical_error_shorter_ice
conservative,upper,codex_primary,0.75,restricted,199976,15929.814759277977,3429.2203207621938,900.4141175245223,0.2152705711009551,0.056523828502154774,59584,11587,5336,MPI-ESM1-2-LR,historical,1995_2014,historical_error_shorter_ice
conservative,upper,no_ecology,0.5,unadjusted,199976,15929.814759277977,5990.056494836505,1823.8514785794375,0.37602800693885824,0.1144929496130628,59584,12099,4824,MPI-ESM1-2-LR,historical,1995_2014,historical_error_shorter_ice
conservative,upper,no_ecology,0.5,restricted,199976,15929.814759277977,5990.056494836505,1765.5597275716257,0.37602800693885824,0.11083366343248365,59584,12057,4866,MPI-ESM1-2-LR,historical,1995_2014,historical_error_shorter_ice
conservative,upper,no_maintenance,0.5,unadjusted,199976,15929.814759277977,4359.747767500643,1394.3503140166206,0.2736847749570598,0.0875308555113305,59584,12692,4231,MPI-ESM1-2-LR,historical,1995_2014,historical_error_shorter_ice
conservative,upper,no_maintenance,0.5,restricted,199976,15929.814759277977,4282.832378786963,1318.4958804036403,0.2688563830469227,0.0827690654491579,59584,12692,4231,MPI-ESM1-2-LR,historical,1995_2014,historical_error_shorter_ice
conservative,upper,no_institutions,0.5,unadjusted,199976,15929.814759277977,4359.747767500643,1684.945394288124,0.2736847749570598,0.10577306891197613,59584,12099,4824,MPI-ESM1-2-LR,historical,1995_2014,historical_error_shorter_ice
conservative,upper,no_institutions,0.5,restricted,199976,15929.814759277977,4282.832378786963,1638.3266363431474,0.2688563830469227,0.10284655917853278,59584,12057,4866,MPI-ESM1-2-LR,historical,1995_2014,historical_error_shorter_ice
core,lower,codex_primary,0.0,unadjusted,199976,15877.028764312627,6779.504375444177,1399.3632205799195,0.4270008246557262,0.08813760064007184,51991,7261,3457,MPI-ESM1-2-LR,ssp126,2031_2050,central
core,lower,codex_primary,0.0,restricted,199976,15877.028764312627,6779.504375444177,1399.3632205799195,0.4270008246557262,0.08813760064007184,51991,7261,3457,MPI-ESM1-2-LR,ssp126,2031_2050,central
core,lower,codex_primary,0.25,unadjusted,199976,15877.028764312627,5857.775874546402,1082.6689216277298,0.36894660591112216,0.06819090257374125,51991,7020,3698,MPI-ESM1-2-LR,ssp126,2031_2050,central
core,lower,codex_primary,0.25,restricted,199976,15877.028764312627,5804.822369487063,1056.489071391592,0.365611378278458,0.06654198887428489,51991,7001,3717,MPI-ESM1-2-LR,ssp126,2031_2050,central
core,lower,codex_primary,0.5,unadjusted,199976,15877.028764312627,4936.047373648626,811.9855234141281,0.3108923871665181,0.05114215861592803,51991,6791,3927,MPI-ESM1-2-LR,ssp126,2031_2050,central
core,lower,codex_primary,0.5,restricted,199976,15877.028764312627,4830.140363529947,768.1006931033724,0.30422193190118973,0.048378113090647046,51991,6758,3960,MPI-ESM1-2-LR,ssp126,2031_2050,central
core,lower,codex_primary,0.75,unadjusted,199976,15877.028764312627,4014.3188727508514,587.7486116708108,0.25283816842191414,0.03701880373183644,51991,6588,4130,MPI-ESM1-2-LR,ssp126,2031_2050,central
core,lower,codex_primary,0.75,restricted,199976,15877.028764312627,3855.458357572832,533.9335888598579,0.24283248552392156,0.033629314198888385,51991,6511,4207,MPI-ESM1-2-LR,ssp126,2031_2050,central
core,lower,no_ecology,0.5,unadjusted,199976,15877.028764312627,6779.504375444177,1082.6623805736529,0.4270008246557262,0.06819049059148853,51991,6791,3927,MPI-ESM1-2-LR,ssp126,2031_2050,central
core,lower,no_ecology,0.5,restricted,199976,15877.028764312627,6779.504375444177,1049.8412384688634,0.4270008246557262,0.06612328125452727,51991,6758,3960,MPI-ESM1-2-LR,ssp126,2031_2050,central
core,lower,no_maintenance,0.5,unadjusted,199976,15877.028764312627,4936.047373648626,848.7618145275961,0.3108923871665181,0.05345847936204467,51991,7261,3457,MPI-ESM1-2-LR,ssp126,2031_2050,central
core,lower,no_maintenance,0.5,restricted,199976,15877.028764312627,4830.140363529947,804.5934225986052,0.30422193190118973,0.05067657397000622,51991,7261,3457,MPI-ESM1-2-LR,ssp126,2031_2050,central
core,lower,no_institutions,0.5,unadjusted,199976,15877.028764312627,4936.047373648626,1005.2479579491442,0.3108923871665181,0.06331461464683345,51991,6791,3927,MPI-ESM1-2-LR,ssp126,2031_2050,central
core,lower,no_institutions,0.5,restricted,199976,15877.028764312627,4830.140363529947,977.4686175839978,0.30422193190118973,0.06156495853815479,51991,6758,3960,MPI-ESM1-2-LR,ssp126,2031_2050,central
core,upper,codex_primary,0.0,unadjusted,199976,15877.028764312627,7861.294941975549,3327.822546668424,0.49513640484456806,0.20959983105582647,62932,15964,4745,MPI-ESM1-2-LR,ssp126,2031_2050,central
core,upper,codex_primary,0.0,restricted,199976,15877.028764312627,7861.294941975549,3327.822546668424,0.49513640484456806,0.20959983105582647,62932,15964,4745,MPI-ESM1-2-LR,ssp126,2031_2050,central
core,upper,codex_primary,0.25,unadjusted,199976,15877.028764312627,6800.094153948557,2586.162525878699,0.42829765284757654,0.16288705930241243,62932,15386,5323,MPI-ESM1-2-LR,ssp126,2031_2050,central
core,upper,codex_primary,0.25,restricted,199976,15877.028764312627,6744.243622739249,2522.8555150527573,0.42477995869721735,0.15889972566677407,62932,15355,5354,MPI-ESM1-2-LR,ssp126,2031_2050,central
core,upper,codex_primary,0.5,unadjusted,199976,15877.028764312627,5738.893365921565,1950.023113300994,0.3614589008505851,0.12282040564693891,62932,14978,5731,MPI-ESM1-2-LR,ssp126,2031_2050,central
core,upper,codex_primary,0.5,restricted,199976,15877.028764312627,5627.192303502949,1842.7378910134032,0.35442351254986654,0.1160631449604344,62932,14924,5785,MPI-ESM1-2-LR,ssp126,2031_2050,central
core,upper,codex_primary,0.75,unadjusted,199976,15877.028764312627,4677.692577894573,1414.670762298338,0.2946201488535936,0.08910173202420246,62932,14596,6113,MPI-ESM1-2-LR,ssp126,2031_2050,central
core,upper,codex_primary,0.75,restricted,199976,15877.028764312627,4510.14098426665,1282.3208206232553,0.2840670664025159,0.08076579312532167,62932,14484,6225,MPI-ESM1-2-LR,ssp126,2031_2050,central
core,upper,no_ecology,0.5,unadjusted,199976,15877.028764312627,7861.294941975549,2598.7278596593583,0.49513640484456806,0.16367847525102514,62932,14978,5731,MPI-ESM1-2-LR,ssp126,2031_2050,central
core,upper,no_ecology,0.5,restricted,199976,15877.028764312627,7861.294941975549,2516.5119532029253,0.49513640484456806,0.15850018227965804,62932,14924,5785,MPI-ESM1-2-LR,ssp126,2031_2050,central
core,upper,no_maintenance,0.5,unadjusted,199976,15877.028764312627,5738.893365921565,2022.0903730122773,0.3614589008505851,0.12735949547168443,62932,15964,4745,MPI-ESM1-2-LR,ssp126,2031_2050,central
core,upper,no_maintenance,0.5,restricted,199976,15877.028764312627,5627.192303502949,1914.6265552390316,0.35442351254986654,0.12059098611338459,62932,15964,4745,MPI-ESM1-2-LR,ssp126,2031_2050,central
core,upper,no_institutions,0.5,unadjusted,199976,15877.028764312627,5738.893365921565,2411.9042846005,0.3614589008505851,0.1519115648402568,62932,14978,5731,MPI-ESM1-2-LR,ssp126,2031_2050,central
core,upper,no_institutions,0.5,restricted,199976,15877.028764312627,5627.192303502949,2347.3013256312775,0.35442351254986654,0.14784260710715544,62932,14924,5785,MPI-ESM1-2-LR,ssp126,2031_2050,central
conservative,lower,codex_primary,0.0,unadjusted,199976,15877.028764312627,4956.907037808509,953.917317484296,0.3122062138572381,0.06008160164252209,43008,5818,2383,MPI-ESM1-2-LR,ssp126,2031_2050,central
conservative,lower,codex_primary,0.0,restricted,199976,15877.028764312627,4956.907037808509,953.917317484296,0.3122062138572381,0.06008160164252209,43008,5818,2383,MPI-ESM1-2-LR,ssp126,2031_2050,central
conservative,lower,codex_primary,0.25,unadjusted,199976,15877.028764312627,4278.913514032155,733.9127596892943,0.26950341764512165,0.046224817664809965,43008,5597,2604,MPI-ESM1-2-LR,ssp126,2031_2050,central
conservative,lower,codex_primary,0.25,restricted,199976,15877.028764312627,4243.213437593436,716.5448741856393,0.2672548812867972,0.04513091742935197,43008,5583,2618,MPI-ESM1-2-LR,ssp126,2031_2050,central
conservative,lower,codex_primary,0.5,unadjusted,199976,15877.028764312627,3600.9199902558025,556.6518544489206,0.22680062143300522,0.03506020318487595,43008,5434,2767,MPI-ESM1-2-LR,ssp126,2031_2050,central
conservative,lower,codex_primary,0.5,restricted,199976,15877.028764312627,3529.519837378364,527.192185002195,0.2223035487163564,0.033204713100173,43008,5409,2792,MPI-ESM1-2-LR,ssp126,2031_2050,central
conservative,lower,codex_primary,0.75,unadjusted,199976,15877.028764312627,2922.92646647945,403.5877083912075,0.1840978252208888,0.02541959924506569,43008,5257,2944,MPI-ESM1-2-LR,ssp126,2031_2050,central
conservative,lower,codex_primary,0.75,restricted,199976,15877.028764312627,2815.8262371632914,367.00614921247944,0.17735221614591554,0.023115543510093806,43008,5198,3003,MPI-ESM1-2-LR,ssp126,2031_2050,central
conservative,lower,no_ecology,0.5,unadjusted,199976,15877.028764312627,4956.907037808509,743.3138254339715,0.3122062138572381,0.04681693511223869,43008,5434,2767,MPI-ESM1-2-LR,ssp126,2031_2050,central
conservative,lower,no_ecology,0.5,restricted,199976,15877.028764312627,4956.907037808509,721.4599633755756,0.3122062138572381,0.04544048978466471,43008,5409,2792,MPI-ESM1-2-LR,ssp126,2031_2050,central
conservative,lower,no_maintenance,0.5,unadjusted,199976,15877.028764312627,3600.9199902558025,582.0402175326202,0.22680062143300522,0.03665926579668943,43008,5818,2383,MPI-ESM1-2-LR,ssp126,2031_2050,central
conservative,lower,no_maintenance,0.5,restricted,199976,15877.028764312627,3529.519837378364,552.6131805819907,0.2223035487163564,0.03480583103962874,43008,5818,2383,MPI-ESM1-2-LR,ssp126,2031_2050,central
conservative,lower,no_institutions,0.5,unadjusted,199976,15877.028764312627,3600.9199902558025,684.53453371275,0.22680062143300522,0.04311477568469253,43008,5434,2767,MPI-ESM1-2-LR,ssp126,2031_2050,central
conservative,lower,no_institutions,0.5,restricted,199976,15877.028764312627,3529.519837378364,665.915875430816,0.2223035487163564,0.04194209668043301,43008,5409,2792,MPI-ESM1-2-LR,ssp126,2031_2050,central
conservative,upper,codex_primary,0.0,unadjusted,199976,15877.028764312627,5876.260841949139,2370.770861261566,0.3701108645187709,0.1493208141431622,53005,13363,3435,MPI-ESM1-2-LR,ssp126,2031_2050,central
conservative,upper,codex_primary,0.0,restricted,199976,15877.028764312627,5876.260841949139,2370.770861261566,0.3701108645187709,0.1493208141431622,53005,13363,3435,MPI-ESM1-2-LR,ssp126,2031_2050,central
conservative,upper,codex_primary,0.25,unadjusted,199976,15877.028764312627,5079.163583008089,1840.1671815335162,0.3199064294967273,0.11590123119696846,53005,12811,3987,MPI-ESM1-2-LR,ssp126,2031_2050,central
conservative,upper,codex_primary,0.25,restricted,199976,15877.028764312627,5040.802950710419,1794.9782851504988,0.31749032048369247,0.11305505027396162,53005,12787,4011,MPI-ESM1-2-LR,ssp126,2031_2050,central
conservative,upper,codex_primary,0.5,unadjusted,199976,15877.028764312627,4282.066324067037,1398.5932333559356,0.2697019944746836,0.08808910370557521,53005,12501,4297,MPI-ESM1-2-LR,ssp126,2031_2050,central
conservative,upper,codex_primary,0.5,restricted,199976,15877.028764312627,4205.345059471701,1321.54631651897,0.26486977644861404,0.08323637477368924,53005,12459,4339,MPI-ESM1-2-LR,ssp126,2031_2050,central
conservative,upper,codex_primary,0.75,unadjusted,199976,15877.028764312627,3484.969065125988,1017.700779815419,0.2194975594526401,0.06409894413638287,53005,12174,4624,MPI-ESM1-2-LR,ssp126,2031_2050,central
conservative,upper,codex_primary,0.75,restricted,199976,15877.028764312627,3369.8871682329814,921.5126703044291,0.21224923241353566,0.058040624853923965,53005,12087,4711,MPI-ESM1-2-LR,ssp126,2031_2050,central
conservative,upper,no_ecology,0.5,unadjusted,199976,15877.028764312627,5876.260841949139,1864.098896869132,0.3701108645187709,0.11740854819505868,53005,12501,4297,MPI-ESM1-2-LR,ssp126,2031_2050,central
conservative,upper,no_ecology,0.5,restricted,199976,15877.028764312627,5876.260841949139,1806.5966018941626,0.3701108645187709,0.11378681922872845,53005,12459,4339,MPI-ESM1-2-LR,ssp126,2031_2050,central
conservative,upper,no_maintenance,0.5,unadjusted,199976,15877.028764312627,4282.066324067037,1452.7234408457925,0.2697019944746836,0.09149844485456446,53005,13363,3435,MPI-ESM1-2-LR,ssp126,2031_2050,central
conservative,upper,no_maintenance,0.5,restricted,199976,15877.028764312627,4205.345059471701,1375.6189909951395,0.26486977644861404,0.08664209225892242,53005,13363,3435,MPI-ESM1-2-LR,ssp126,2031_2050,central
conservative,upper,no_institutions,0.5,unadjusted,199976,15877.028764312627,4282.066324067037,1715.924873801423,0.2697019944746836,0.10807594413750572,53005,12501,4297,MPI-ESM1-2-LR,ssp126,2031_2050,central
conservative,upper,no_institutions,0.5,restricted,199976,15877.028764312627,4205.345059471701,1669.3637314086322,0.26486977644861404,0.10514333356634849,53005,12459,4339,MPI-ESM1-2-LR,ssp126,2031_2050,central
core,lower,codex_primary,0.0,unadjusted,199976,15877.028764312627,6159.9970391766865,1392.4824693369776,0.3879817269729167,0.08770422287493179,41332,7159,3043,MPI-ESM1-2-LR,ssp126,2031_2050,historical_error_longer_ice
core,lower,codex_primary,0.0,restricted,199976,15877.028764312627,6159.9970391766865,1392.4824693369776,0.3879817269729167,0.08770422287493179,41332,7159,3043,MPI-ESM1-2-LR,ssp126,2031_2050,historical_error_longer_ice
core,lower,codex_primary,0.25,unadjusted,199976,15877.028764312627,5332.791471720237,1077.542734920392,0.3358809479332144,0.06786803443616754,41332,6923,3279,MPI-ESM1-2-LR,ssp126,2031_2050,historical_error_longer_ice
core,lower,codex_primary,0.25,restricted,199976,15877.028764312627,5280.332832411085,1051.5754262566131,0.3325768889629955,0.06623250747144059,41332,6904,3298,MPI-ESM1-2-LR,ssp126,2031_2050,historical_error_longer_ice
core,lower,codex_primary,0.5,unadjusted,199976,15877.028764312627,4505.5859042637885,808.5297790970318,0.2837801688935122,0.050924501750251504,41332,6701,3501,MPI-ESM1-2-LR,ssp126,2031_2050,historical_error_longer_ice
core,lower,codex_primary,0.5,restricted,199976,15877.028764312627,4400.668625645486,765.0011449856047,0.2771720509530743,0.04818289091376628,41332,6668,3534,MPI-ESM1-2-LR,ssp126,2031_2050,historical_error_longer_ice
core,lower,codex_primary,0.75,unadjusted,199976,15877.028764312627,3678.38033680734,585.4577755638863,0.23167938985380998,0.03687451753440423,41332,6504,3698,MPI-ESM1-2-LR,ssp126,2031_2050,historical_error_longer_ice
core,lower,codex_primary,0.75,restricted,199976,15877.028764312627,3521.0044188798843,532.0689487967619,0.22176721294315305,0.0335118715658381,41332,6427,3775,MPI-ESM1-2-LR,ssp126,2031_2050,historical_error_longer_ice
core,lower,no_ecology,0.5,unadjusted,199976,15877.028764312627,6159.9970391766865,1077.8109570941415,0.3879817269729167,0.06788492816217453,41332,6701,3501,MPI-ESM1-2-LR,ssp126,2031_2050,historical_error_longer_ice
core,lower,no_ecology,0.5,restricted,199976,15877.028764312627,6159.9970391766865,1045.3859714073492,0.3879817269729167,0.06584267037149301,41332,6668,3534,MPI-ESM1-2-LR,ssp126,2031_2050,historical_error_longer_ice
core,lower,no_maintenance,0.5,unadjusted,199976,15877.028764312627,4505.5859042637885,845.027351835537,0.2837801688935122,0.05322326767681719,41332,7159,3043,MPI-ESM1-2-LR,ssp126,2031_2050,historical_error_longer_ice
core,lower,no_maintenance,0.5,restricted,199976,15877.028764312627,4400.668625645486,801.2163311628494,0.2771720509530743,0.050463870983453306,41332,7159,3043,MPI-ESM1-2-LR,ssp126,2031_2050,historical_error_longer_ice
core,lower,no_institutions,0.5,unadjusted,199976,15877.028764312627,4505.5859042637885,1000.7113339565061,0.2837801688935122,0.06302887957259617,41332,6701,3501,MPI-ESM1-2-LR,ssp126,2031_2050,historical_error_longer_ice
core,lower,no_institutions,0.5,restricted,199976,15877.028764312627,4400.668625645486,973.0269535536759,0.2771720509530743,0.06128520442948267,41332,6668,3534,MPI-ESM1-2-LR,ssp126,2031_2050,historical_error_longer_ice
core,upper,codex_primary,0.0,unadjusted,199976,15877.028764312627,7241.787605708059,3317.824848034854,0.45611730716175863,0.20897013523666652,52273,15812,4194,MPI-ESM1-2-LR,ssp126,2031_2050,historical_error_longer_ice
core,upper,codex_primary,0.0,restricted,199976,15877.028764312627,7241.787605708059,3317.824848034854,0.45611730716175863,0.20897013523666652,52273,15812,4194,MPI-ESM1-2-LR,ssp126,2031_2050,historical_error_longer_ice
core,upper,codex_primary,0.25,unadjusted,199976,15877.028764312627,6275.1097511223925,2579.217555162035,0.3952319948696688,0.16244963673300358,52273,15245,4761,MPI-ESM1-2-LR,ssp126,2031_2050,historical_error_longer_ice
core,upper,codex_primary,0.25,restricted,199976,15877.028764312627,6219.754085663273,2516.1550559450097,0.39174546938175486,0.15847770343533438,52273,15214,4792,MPI-ESM1-2-LR,ssp126,2031_2050,historical_error_longer_ice
core,upper,codex_primary,0.5,unadjusted,199976,15877.028764312627,5308.431896536727,1945.3448529892564,0.33434668257757916,0.12252574973989332,52273,14849,5157,MPI-ESM1-2-LR,ssp126,2031_2050,historical_error_longer_ice
core,upper,codex_primary,0.5,restricted,199976,15877.028764312627,5197.720565618487,1838.4684232641366,0.3273736316017511,0.11579423647556328,52273,14795,5211,MPI-ESM1-2-LR,ssp126,2031_2050,historical_error_longer_ice
core,upper,codex_primary,0.75,unadjusted,199976,15877.028764312627,4341.754041951062,1411.5194823725196,0.27346137028548945,0.08890325156714732,52273,14473,5533,MPI-ESM1-2-LR,ssp126,2031_2050,historical_error_longer_ice
core,upper,codex_primary,0.75,restricted,199976,15877.028764312627,4175.687045573702,1279.657615721016,0.2630017938217474,0.0805980536230651,52273,14361,5645,MPI-ESM1-2-LR,ssp126,2031_2050,historical_error_longer_ice
core,upper,no_ecology,0.5,unadjusted,199976,15877.028764312627,7241.787605708059,2592.150317355655,0.45611730716175863,0.16326419482101873,52273,14849,5157,MPI-ESM1-2-LR,ssp126,2031_2050,historical_error_longer_ice
core,upper,no_ecology,0.5,restricted,199976,15877.028764312627,7241.787605708059,2510.4058511003104,0.45611730716175863,0.1581155950755119,52273,14795,5211,MPI-ESM1-2-LR,ssp126,2031_2050,historical_error_longer_ice
core,upper,no_maintenance,0.5,unadjusted,199976,15877.028764312627,5308.431896536727,2016.5561180403267,0.33434668257757916,0.12701092553116822,52273,15812,4194,MPI-ESM1-2-LR,ssp126,2031_2050,historical_error_longer_ice
core,upper,no_maintenance,0.5,restricted,199976,15877.028764312627,5197.720565618487,1909.5029926417349,0.3273736316017511,0.1202682832529594,52273,15812,4194,MPI-ESM1-2-LR,ssp126,2031_2050,historical_error_longer_ice
core,upper,no_institutions,0.5,unadjusted,199976,15877.028764312627,5308.431896536727,2405.8661749316984,0.33434668257757916,0.15153126007678785,52273,14849,5157,MPI-ESM1-2-LR,ssp126,2031_2050,historical_error_longer_ice
core,upper,no_institutions,0.5,restricted,199976,15877.028764312627,5197.720565618487,2341.358175924792,0.3273736316017511,0.14746828330925163,52273,14795,5211,MPI-ESM1-2-LR,ssp126,2031_2050,historical_error_longer_ice
conservative,lower,codex_primary,0.0,unadjusted,199976,15877.028764312627,4385.797109089659,947.0509866667151,0.27623538221129723,0.05964913213456134,33010,5717,1993,MPI-ESM1-2-LR,ssp126,2031_2050,historical_error_longer_ice
conservative,lower,codex_primary,0.0,restricted,199976,15877.028764312627,4385.797109089659,947.0509866667151,0.27623538221129723,0.05964913213456134,33010,5717,1993,MPI-ESM1-2-LR,ssp126,2031_2050,historical_error_longer_ice
conservative,lower,codex_primary,0.25,unadjusted,199976,15877.028764312627,3795.027544269562,728.7982602860728,0.2390263065341157,0.045902685641297014,33010,5501,2209,MPI-ESM1-2-LR,ssp126,2031_2050,historical_error_longer_ice
conservative,lower,codex_primary,0.25,restricted,199976,15877.028764312627,3759.781506308832,711.6429163547774,0.23680636737018637,0.04482217214056845,33010,5487,2223,MPI-ESM1-2-LR,ssp126,2031_2050,historical_error_longer_ice
conservative,lower,codex_primary,0.5,unadjusted,199976,15877.028764312627,3204.257979449466,553.2053301912896,0.20181723085693418,0.03484312703613344,33010,5345,2365,MPI-ESM1-2-LR,ssp126,2031_2050,historical_error_longer_ice
conservative,lower,codex_primary,0.5,restricted,199976,15877.028764312627,3133.765903528005,524.1018569438925,0.19737735252907548,0.033010071640226235,33010,5320,2390,MPI-ESM1-2-LR,ssp126,2031_2050,historical_error_longer_ice
conservative,lower,codex_primary,0.75,unadjusted,199976,15877.028764312627,2613.48841462937,401.30389097568917,0.1646081551797527,0.025275755113432462,33010,5174,2536,MPI-ESM1-2-LR,ssp126,2031_2050,historical_error_longer_ice
conservative,lower,codex_primary,0.75,restricted,199976,15877.028764312627,2507.750300747179,365.14852784078937,0.15794833768796468,0.02299854294284249,33010,5115,2595,MPI-ESM1-2-LR,ssp126,2031_2050,historical_error_longer_ice
conservative,lower,no_ecology,0.5,unadjusted,199976,15877.028764312627,4385.797109089659,738.4746953670802,0.27623538221129723,0.04651214697217004,33010,5345,2365,MPI-ESM1-2-LR,ssp126,2031_2050,historical_error_longer_ice
conservative,lower,no_ecology,0.5,restricted,199976,15877.028764312627,4385.797109089659,717.0169897266815,0.27623538221129723,0.045160653190875776,33010,5320,2390,MPI-ESM1-2-LR,ssp126,2031_2050,historical_error_longer_ice
conservative,lower,no_maintenance,0.5,unadjusted,199976,15877.028764312627,3204.257979449466,578.3149749000261,0.20181723085693418,0.03642463482839595,33010,5717,1993,MPI-ESM1-2-LR,ssp126,2031_2050,historical_error_longer_ice
conservative,lower,no_maintenance,0.5,restricted,199976,15877.028764312627,3133.765903528005,549.2453092057,0.19737735252907548,0.03459370877000983,33010,5717,1993,MPI-ESM1-2-LR,ssp126,2031_2050,historical_error_longer_ice
conservative,lower,no_institutions,0.5,unadjusted,199976,15877.028764312627,3204.257979449466,680.0087250391325,0.20181723085693418,0.04282972180333973,33010,5345,2365,MPI-ESM1-2-LR,ssp126,2031_2050,historical_error_longer_ice
conservative,lower,no_institutions,0.5,restricted,199976,15877.028764312627,3133.765903528005,661.4850267195146,0.19737735252907548,0.04166302376464534,33010,5320,2390,MPI-ESM1-2-LR,ssp126,2031_2050,historical_error_longer_ice
conservative,upper,codex_primary,0.0,unadjusted,199976,15877.028764312627,5305.150913230288,2360.8406184331193,0.33414003287282995,0.14869536696561678,43007,13216,2910,MPI-ESM1-2-LR,ssp126,2031_2050,historical_error_longer_ice
conservative,upper,codex_primary,0.0,restricted,199976,15877.028764312627,5305.150913230288,2360.8406184331193,0.33414003287282995,0.14869536696561678,43007,13216,2910,MPI-ESM1-2-LR,ssp126,2031_2050,historical_error_longer_ice
conservative,upper,codex_primary,0.25,unadjusted,199976,15877.028764312627,4595.277613245495,1833.275483379698,0.28942931838572133,0.1154671639507524,43007,12675,3451,MPI-ESM1-2-LR,ssp126,2031_2050,historical_error_longer_ice
conservative,upper,codex_primary,0.25,restricted,199976,15877.028764312627,4557.371019425815,1788.3307677325108,0.28704180656708156,0.11263636252597883,43007,12651,3475,MPI-ESM1-2-LR,ssp126,2031_2050,historical_error_longer_ice
conservative,upper,codex_primary,0.5,unadjusted,199976,15877.028764312627,3885.404313260701,1393.955684427364,0.24471860389861266,0.08779701196741602,43007,12377,3749,MPI-ESM1-2-LR,ssp126,2031_2050,historical_error_longer_ice
conservative,upper,codex_primary,0.5,restricted,199976,15877.028764312627,3809.591125621342,1317.3169929418602,0.23994358026133317,0.08296999473244272,43007,12335,3791,MPI-ESM1-2-LR,ssp126,2031_2050,historical_error_longer_ice
conservative,upper,codex_primary,0.75,unadjusted,199976,15877.028764312627,3175.531013275907,1014.5792721556804,0.20000788941150394,0.0639023388580228,43007,12056,4070,MPI-ESM1-2-LR,ssp126,2031_2050,historical_error_longer_ice
conservative,upper,codex_primary,0.75,restricted,199976,15877.028764312627,3061.8112318168687,918.87852865451,0.19284535395558475,0.057874715873785315,43007,11969,4157,MPI-ESM1-2-LR,ssp126,2031_2050,historical_error_longer_ice
conservative,upper,no_ecology,0.5,unadjusted,199976,15877.028764312627,5305.150913230288,1857.5769199005383,0.33414003287282995,0.11699776749638958,43007,12377,3749,MPI-ESM1-2-LR,ssp126,2031_2050,historical_error_longer_ice
conservative,upper,no_ecology,0.5,restricted,199976,15877.028764312627,5305.150913230288,1800.545308845313,0.33414003287282995,0.11340568412223728,43007,12335,3791,MPI-ESM1-2-LR,ssp126,2031_2050,historical_error_longer_ice
conservative,upper,no_maintenance,0.5,unadjusted,199976,15877.028764312627,3885.404313260701,1447.229897257008,0.24471860389861266,0.09115243908293465,43007,13216,2910,MPI-ESM1-2-LR,ssp126,2031_2050,historical_error_longer_ice
conservative,upper,no_maintenance,0.5,restricted,199976,15877.028764312627,3809.591125621342,1370.5355725700006,0.23994358026133317,0.08632191784212188,43007,13216,2910,MPI-ESM1-2-LR,ssp126,2031_2050,historical_error_longer_ice
conservative,upper,no_institutions,0.5,unadjusted,199976,15877.028764312627,3885.404313260701,1709.936121860609,0.24471860389861266,0.10769874812496999,43007,12377,3749,MPI-ESM1-2-LR,ssp126,2031_2050,historical_error_longer_ice
conservative,upper,no_institutions,0.5,restricted,199976,15877.028764312627,3809.591125621342,1663.4699394301344,0.23994358026133317,0.1047721185193779,43007,12335,3791,MPI-ESM1-2-LR,ssp126,2031_2050,historical_error_longer_ice
core,lower,codex_primary,0.0,unadjusted,199976,15877.028764312627,7383.8282640186435,1400.334324116805,0.46506360690203835,0.08819876469987806,67740,7287,3600,MPI-ESM1-2-LR,ssp126,2031_2050,historical_error_shorter_ice
core,lower,codex_primary,0.0,restricted,199976,15877.028764312627,7383.8282640186435,1400.334324116805,0.46506360690203835,0.08819876469987806,67740,7287,3600,MPI-ESM1-2-LR,ssp126,2031_2050,historical_error_shorter_ice
core,lower,codex_primary,0.25,unadjusted,199976,15877.028764312627,6369.589981195247,1083.3879692630292,0.4011827449423286,0.06823619112526895,67740,7045,3842,MPI-ESM1-2-LR,ssp126,2031_2050,historical_error_shorter_ice
core,lower,codex_primary,0.25,restricted,199976,15877.028764312627,6315.554020430392,1057.1976543054195,0.39777933983631064,0.06658661831499109,67740,7026,3861,MPI-ESM1-2-LR,ssp126,2031_2050,historical_error_shorter_ice
core,lower,codex_primary,0.5,unadjusted,199976,15877.028764312627,5355.35169837185,812.423179756762,0.33730188298261876,0.05116972399665075,67740,6810,4077,MPI-ESM1-2-LR,ssp126,2031_2050,historical_error_shorter_ice
core,lower,codex_primary,0.5,restricted,199976,15877.028764312627,5247.279776842138,768.5211134341707,0.3304950727705828,0.04840459287707556,67740,6777,4110,MPI-ESM1-2-LR,ssp126,2031_2050,historical_error_shorter_ice
core,lower,codex_primary,0.75,unadjusted,199976,15877.028764312627,4341.113415548454,587.8780571795492,0.27342102102290905,0.037026956737708,67740,6602,4285,MPI-ESM1-2-LR,ssp126,2031_2050,historical_error_shorter_ice
core,lower,codex_primary,0.75,restricted,199976,15877.028764312627,4179.005533253886,534.0435387637744,0.26321080570485506,0.033636239292087415,67740,6525,4362,MPI-ESM1-2-LR,ssp126,2031_2050,historical_error_shorter_ice
core,lower,no_ecology,0.5,unadjusted,199976,15877.028764312627,7383.8282640186435,1083.2999528836888,0.46506360690203835,0.06823064749486764,67740,6810,4077,MPI-ESM1-2-LR,ssp126,2031_2050,historical_error_shorter_ice
core,lower,no_ecology,0.5,restricted,199976,15877.028764312627,7383.8282640186435,1050.4541879048488,0.46506360690203835,0.06616188730891467,67740,6777,4110,MPI-ESM1-2-LR,ssp126,2031_2050,historical_error_shorter_ice
core,lower,no_maintenance,0.5,unadjusted,199976,15877.028764312627,5355.35169837185,849.2834270141143,0.33730188298261876,0.053491332642986666,67740,7287,3600,MPI-ESM1-2-LR,ssp126,2031_2050,historical_error_shorter_ice
core,lower,no_maintenance,0.5,restricted,199976,15877.028764312627,5247.279776842138,805.0969597583851,0.3304950727705828,0.05070828879317966,67740,7287,3600,MPI-ESM1-2-LR,ssp126,2031_2050,historical_error_shorter_ice
core,lower,no_institutions,0.5,unadjusted,199976,15877.028764312627,5355.35169837185,1005.8134136989812,0.33730188298261876,0.06335022935524212,67740,6810,4077,MPI-ESM1-2-LR,ssp126,2031_2050,historical_error_shorter_ice
core,lower,no_institutions,0.5,restricted,199976,15877.028764312627,5247.279776842138,978.0340733338348,0.3304950727705828,0.061600573246563456,67740,6777,4110,MPI-ESM1-2-LR,ssp126,2031_2050,historical_error_shorter_ice
core,upper,codex_primary,0.0,unadjusted,199976,15877.028764312627,8465.618830550015,3331.0507671246655,0.5331991870908802,0.20980315754116344,78681,16006,4955,MPI-ESM1-2-LR,ssp126,2031_2050,historical_error_shorter_ice
core,upper,codex_primary,0.0,restricted,199976,15877.028764312627,8465.618830550015,3331.0507671246655,0.5331991870908802,0.20980315754116344,78681,16006,4955,MPI-ESM1-2-LR,ssp126,2031_2050,historical_error_shorter_ice
core,upper,codex_primary,0.25,unadjusted,199976,15877.028764312627,7311.908260597403,2588.6423919079866,0.460533791878783,0.1630432513750036,78681,15426,5535,MPI-ESM1-2-LR,ssp126,2031_2050,historical_error_shorter_ice
core,upper,codex_primary,0.25,restricted,199976,15877.028764312627,7254.975273682578,2525.3225534585936,0.4569479202550699,0.15905510980334386,78681,15395,5566,MPI-ESM1-2-LR,ssp126,2031_2050,historical_error_shorter_ice
core,upper,codex_primary,0.5,unadjusted,199976,15877.028764312627,6158.19769064479,1951.7546058195644,0.38786839666668577,0.12292946210481107,78681,15009,5952,MPI-ESM1-2-LR,ssp126,2031_2050,historical_error_shorter_ice
core,upper,codex_primary,0.5,restricted,199976,15877.028764312627,6044.33171681514,1844.4488463467708,0.3806966534192596,0.11617090790265527,78681,14955,6006,MPI-ESM1-2-LR,ssp126,2031_2050,historical_error_shorter_ice
core,upper,codex_primary,0.75,unadjusted,199976,15877.028764312627,5004.487120692177,1415.585861667788,0.31520300145458857,0.08915936871322246,78681,14618,6343,MPI-ESM1-2-LR,ssp126,2031_2050,historical_error_shorter_ice
core,upper,codex_primary,0.75,restricted,199976,15877.028764312627,4833.688159947704,1283.2125337192715,0.30444538658344944,0.08082195685149823,78681,14506,6455,MPI-ESM1-2-LR,ssp126,2031_2050,historical_error_shorter_ice
core,upper,no_ecology,0.5,unadjusted,199976,15877.028764312627,8465.618830550015,2601.246668756973,0.5331991870908802,0.16383712011682497,78681,15009,5952,MPI-ESM1-2-LR,ssp126,2031_2050,historical_error_shorter_ice
core,upper,no_ecology,0.5,restricted,199976,15877.028764312627,8465.618830550015,2519.0014234645346,0.5331991870908802,0.15865697926595596,78681,14955,6006,MPI-ESM1-2-LR,ssp126,2031_2050,historical_error_shorter_ice
core,upper,no_maintenance,0.5,unadjusted,199976,15877.028764312627,6158.19769064479,2023.975971529684,0.38786839666668577,0.1274782581536319,78681,16006,4955,MPI-ESM1-2-LR,ssp126,2031_2050,historical_error_shorter_ice
core,upper,no_maintenance,0.5,restricted,199976,15877.028764312627,6044.33171681514,1916.490186591146,0.3806966534192596,0.12070836521370489,78681,16006,4955,MPI-ESM1-2-LR,ssp126,2031_2050,historical_error_shorter_ice
core,upper,no_institutions,0.5,unadjusted,199976,15877.028764312627,6158.19769064479,2413.936261383395,0.38786839666668577,0.1520395470221284,78681,15009,5952,MPI-ESM1-2-LR,ssp126,2031_2050,historical_error_shorter_ice
core,upper,no_institutions,0.5,restricted,199976,15877.028764312627,6044.33171681514,2349.333302414173,0.3806966534192596,0.1479705892890271,78681,14955,6006,MPI-ESM1-2-LR,ssp126,2031_2050,historical_error_shorter_ice
conservative,lower,codex_primary,0.0,unadjusted,199976,15877.028764312627,5528.131673645922,954.872495063549,0.34818427022515097,0.060141762620588714,58161,5843,2512,MPI-ESM1-2-LR,ssp126,2031_2050,historical_error_shorter_ice
conservative,lower,codex_primary,0.0,restricted,199976,15877.028764312627,5528.131673645922,954.872495063549,0.34818427022515097,0.060141762620588714,58161,5843,2512,MPI-ESM1-2-LR,ssp126,2031_2050,historical_error_shorter_ice
conservative,lower,codex_primary,0.25,unadjusted,199976,15877.028764312627,4762.596954160701,734.620723853453,0.2999677726140903,0.04626940813413947,58161,5621,2734,MPI-ESM1-2-LR,ssp126,2031_2050,historical_error_shorter_ice
conservative,lower,codex_primary,0.25,restricted,199976,15877.028764312627,4725.8206627350955,717.2428812682263,0.297651451848314,0.045174880761090455,58161,5607,2748,MPI-ESM1-2-LR,ssp126,2031_2050,historical_error_shorter_ice
conservative,lower,codex_primary,0.5,unadjusted,199976,15877.028764312627,3997.062234675478,557.0824038329607,0.2517512750030295,0.03508732094037236,58161,5452,2903,MPI-ESM1-2-LR,ssp126,2031_2050,historical_error_shorter_ice
conservative,lower,codex_primary,0.5,restricted,199976,15877.028764312627,3923.5096518242676,527.6063344871753,0.2471186334714769,0.033230797923166536,58161,5427,2928,MPI-ESM1-2-LR,ssp126,2031_2050,historical_error_shorter_ice
conservative,lower,codex_primary,0.75,unadjusted,199976,15877.028764312627,3231.527515190257,403.71315747995243,0.20353477739196887,0.02542750054011322,58161,5270,3085,MPI-ESM1-2-LR,ssp126,2031_2050,historical_error_shorter_ice
conservative,lower,codex_primary,0.75,restricted,199976,15877.028764312627,3121.19864091344,367.11308811503096,0.19658581509463985,0.023122278958151436,58161,5211,3144,MPI-ESM1-2-LR,ssp126,2031_2050,historical_error_shorter_ice
conservative,lower,no_ecology,0.5,unadjusted,199976,15877.028764312627,5528.131673645922,743.9412449460164,0.34818427022515097,0.046856452551008794,58161,5452,2903,MPI-ESM1-2-LR,ssp126,2031_2050,historical_error_shorter_ice
conservative,lower,no_ecology,0.5,restricted,199976,15877.028764312627,5528.131673645922,722.0639544603922,0.34818427022515097,0.04547853160557355,58161,5427,2928,MPI-ESM1-2-LR,ssp126,2031_2050,historical_error_shorter_ice
conservative,lower,no_maintenance,0.5,unadjusted,199976,15877.028764312627,3997.062234675478,582.5547230605446,0.2517512750030295,0.03669167145240512,58161,5843,2512,MPI-ESM1-2-LR,ssp126,2031_2050,historical_error_shorter_ice
conservative,lower,no_maintenance,0.5,restricted,199976,15877.028764312627,3923.5096518242676,553.1104468959527,0.2471186334714769,0.03483715089936721,58161,5843,2512,MPI-ESM1-2-LR,ssp126,2031_2050,historical_error_shorter_ice
conservative,lower,no_institutions,0.5,unadjusted,199976,15877.028764312627,3997.062234675478,685.088841292244,0.2517512750030295,0.043149688235883464,58161,5452,2903,MPI-ESM1-2-LR,ssp126,2031_2050,historical_error_shorter_ice
conservative,lower,no_institutions,0.5,restricted,199976,15877.028764312627,3923.5096518242676,666.4701830103099,0.2471186334714769,0.04197700923162394,58161,5427,2928,MPI-ESM1-2-LR,ssp126,2031_2050,historical_error_shorter_ice
conservative,upper,codex_primary,0.0,unadjusted,199976,15877.028764312627,6447.485477786553,2373.952964707708,0.4060889208866838,0.1495212359911905,68158,13402,3628,MPI-ESM1-2-LR,ssp126,2031_2050,historical_error_shorter_ice
conservative,upper,codex_primary,0.0,restricted,199976,15877.028764312627,6447.485477786553,2373.952964707708,0.4060889208866838,0.1495212359911905,68158,13402,3628,MPI-ESM1-2-LR,ssp126,2031_2050,historical_error_shorter_ice
conservative,upper,codex_primary,0.25,unadjusted,199976,15877.028764312627,5562.847023136634,1842.613609813675,0.3503707844656959,0.11605531722379848,68158,12848,4182,MPI-ESM1-2-LR,ssp126,2031_2050,historical_error_shorter_ice
conservative,upper,codex_primary,0.25,restricted,199976,15877.028764312627,5523.410175852079,1797.4129819652776,0.3478868910452092,0.11320839740527447,68158,12824,4206,MPI-ESM1-2-LR,ssp126,2031_2050,historical_error_shorter_ice
conservative,upper,codex_primary,0.5,unadjusted,199976,15877.028764312627,4678.2085684867125,1400.3018812394841,0.2946526480447079,0.08819672131519932,68158,12529,4501,MPI-ESM1-2-LR,ssp126,2031_2050,historical_error_shorter_ice
conservative,upper,codex_primary,0.5,restricted,199976,15877.028764312627,4599.334873917604,1323.2362326541372,0.28968486120373454,0.08334281258143358,68158,12487,4543,MPI-ESM1-2-LR,ssp126,2031_2050,historical_error_shorter_ice
conservative,upper,codex_primary,0.75,unadjusted,199976,15877.028764312627,3793.5701138367936,1018.6015415170875,0.2389345116237201,0.06415567778063332,68158,12193,4837,MPI-ESM1-2-LR,ssp126,2031_2050,historical_error_shorter_ice
conservative,upper,codex_primary,0.75,restricted,199976,15877.028764312627,3675.25957198313,922.3921735689187,0.23148283136225994,0.0580960195551332,68158,12106,4924,MPI-ESM1-2-LR,ssp126,2031_2050,historical_error_shorter_ice
conservative,upper,no_ecology,0.5,unadjusted,199976,15877.028764312627,6447.485477786553,1866.5857849092897,0.4060889208866838,0.11756518254252221,68158,12529,4501,MPI-ESM1-2-LR,ssp126,2031_2050,historical_error_shorter_ice
conservative,upper,no_ecology,0.5,restricted,199976,15877.028764312627,6447.485477786553,1809.056730293776,0.4060889208866838,0.11394176814493517,68158,12487,4543,MPI-ESM1-2-LR,ssp126,2031_2050,historical_error_shorter_ice
conservative,upper,no_maintenance,0.5,unadjusted,199976,15877.028764312627,4678.2085684867125,1454.5861947281774,0.2946526480447079,0.09161576868826386,68158,13402,3628,MPI-ESM1-2-LR,ssp126,2031_2050,historical_error_shorter_ice
conservative,upper,no_maintenance,0.5,restricted,199976,15877.028764312627,4599.334873917604,1377.4615831490541,0.28968486120373454,0.08675814622476621,68158,13402,3628,MPI-ESM1-2-LR,ssp126,2031_2050,historical_error_shorter_ice
conservative,upper,no_institutions,0.5,unadjusted,199976,15877.028764312627,4678.2085684867125,1717.9239822903837,0.2946526480447079,0.10820185614022591,68158,12529,4501,MPI-ESM1-2-LR,ssp126,2031_2050,historical_error_shorter_ice
conservative,upper,no_institutions,0.5,restricted,199976,15877.028764312627,4599.334873917604,1671.3628398975932,0.28968486120373454,0.10526924556906869,68158,12487,4543,MPI-ESM1-2-LR,ssp126,2031_2050,historical_error_shorter_ice
core,lower,codex_primary,0.0,unadjusted,199976,15927.24536886161,6848.676687055012,1434.4758178281245,0.42999756256938465,0.09006427568652775,52399,7407,3317,MPI-ESM1-2-LR,ssp126,2081_2100,central
core,lower,codex_primary,0.0,restricted,199976,15927.24536886161,6848.676687055012,1434.4758178281245,0.42999756256938465,0.09006427568652775,52399,7407,3317,MPI-ESM1-2-LR,ssp126,2081_2100,central
core,lower,codex_primary,0.25,unadjusted,199976,15927.24536886161,5917.784568023075,1119.8922374121632,0.3715510391767164,0.07031298956451042,52399,7220,3504,MPI-ESM1-2-LR,ssp126,2081_2100,central
core,lower,codex_primary,0.25,restricted,199976,15927.24536886161,5864.078864916043,1093.3025782066113,0.3681790999704536,0.06864354462348278,52399,7205,3519,MPI-ESM1-2-LR,ssp126,2081_2100,central
core,lower,codex_primary,0.5,unadjusted,199976,15927.24536886161,4986.892448991136,845.4951167284502,0.313104515784048,0.05308483024826291,52399,7031,3693,MPI-ESM1-2-LR,ssp126,2081_2100,central
core,lower,codex_primary,0.5,restricted,199976,15927.24536886161,4879.481042777072,801.1767652296163,0.3063606373715224,0.05030228056861285,52399,6998,3726,MPI-ESM1-2-LR,ssp126,2081_2100,central
core,lower,codex_primary,0.75,unadjusted,199976,15927.24536886161,4056.000329959196,600.6542668573762,0.2546579923913796,0.0377123760541593,52399,6713,4011,MPI-ESM1-2-LR,ssp126,2081_2100,central
core,lower,codex_primary,0.75,restricted,199976,15927.24536886161,3894.8832206381016,546.4414629142399,0.24454217477259133,0.03430859827039234,52399,6646,4078,MPI-ESM1-2-LR,ssp126,2081_2100,central
core,lower,no_ecology,0.5,unadjusted,199976,15927.24536886161,6848.676687055012,1128.4043871525182,0.42999756256938465,0.07084742910777234,52399,7031,3693,MPI-ESM1-2-LR,ssp126,2081_2100,central
core,lower,no_ecology,0.5,restricted,199976,15927.24536886161,6848.676687055012,1095.5499533522047,0.42999756256938465,0.06878464718664082,52399,6998,3726,MPI-ESM1-2-LR,ssp126,2081_2100,central
core,lower,no_maintenance,0.5,unadjusted,199976,15927.24536886161,4986.892448991136,871.679383681827,0.313104515784048,0.0547288224356733,52399,7407,3317,MPI-ESM1-2-LR,ssp126,2081_2100,central
core,lower,no_maintenance,0.5,restricted,199976,15927.24536886161,4879.481042777072,826.9240513745028,0.3063606373715224,0.05191883669923061,52399,7407,3317,MPI-ESM1-2-LR,ssp126,2081_2100,central
core,lower,no_institutions,0.5,unadjusted,199976,15927.24536886161,4986.892448991136,1043.9208865559017,0.313104515784048,0.0655430906211069,52399,7031,3693,MPI-ESM1-2-LR,ssp126,2081_2100,central
core,lower,no_institutions,0.5,restricted,199976,15927.24536886161,4879.481042777072,1015.7627409579011,0.3063606373715224,0.06377516748399928,52399,6998,3726,MPI-ESM1-2-LR,ssp126,2081_2100,central
core,upper,codex_primary,0.0,unadjusted,199976,15927.24536886161,7929.237317619804,3411.84338672079,0.49784109769048795,0.21421427922439606,63221,16328,4393,MPI-ESM1-2-LR,ssp126,2081_2100,central
core,upper,codex_primary,0.0,restricted,199976,15927.24536886161,7929.237317619804,3411.84338672079,0.49784109769048795,0.21421427922439606,63221,16328,4393,MPI-ESM1-2-LR,ssp126,2081_2100,central
core,upper,codex_primary,0.25,unadjusted,199976,15927.24536886161,6859.262536875432,2671.714911628116,0.4306622004006769,0.1677449458304588,63221,15933,4788,MPI-ESM1-2-LR,ssp126,2081_2100,central
core,upper,codex_primary,0.25,restricted,199976,15927.24536886161,6802.654423000503,2607.684088972698,0.42710803189482843,0.16372473887234906,63221,15908,4813,MPI-ESM1-2-LR,ssp126,2081_2100,central
core,upper,codex_primary,0.5,unadjusted,199976,15927.24536886161,5789.28775613106,2020.1610132643227,0.3634833031108659,0.12683681116722273,63221,15567,5154,MPI-ESM1-2-LR,ssp126,2081_2100,central
core,upper,codex_primary,0.5,restricted,199976,15927.24536886161,5676.071528381202,1911.7420916402075,0.35637496609916897,0.12002967539997458,63221,15513,5208,MPI-ESM1-2-LR,ssp126,2081_2100,central
core,upper,codex_primary,0.75,unadjusted,199976,15927.24536886161,4719.312975386689,1448.4471012132858,0.296304405821055,0.09094146964327282,63221,14846,5875,MPI-ESM1-2-LR,ssp126,2081_2100,central
core,upper,codex_primary,0.75,restricted,199976,15927.24536886161,4549.488633761903,1315.0431445945742,0.2856419003035096,0.08256563606193543,63221,14742,5979,MPI-ESM1-2-LR,ssp126,2081_2100,central
core,upper,no_ecology,0.5,unadjusted,199976,15927.24536886161,7929.237317619804,2694.035773651007,0.49784109769048795,0.1691463722231562,63221,15567,5154,MPI-ESM1-2-LR,ssp126,2081_2100,central
core,upper,no_ecology,0.5,restricted,199976,15927.24536886161,7929.237317619804,2611.4356985371446,0.49784109769048795,0.16396028553955752,63221,15513,5208,MPI-ESM1-2-LR,ssp126,2081_2100,central
core,upper,no_maintenance,0.5,unadjusted,199976,15927.24536886161,5789.28775613106,2077.318859917811,0.3634833031108659,0.1304254949182268,63221,16328,4393,MPI-ESM1-2-LR,ssp126,2081_2100,central
core,upper,no_maintenance,0.5,restricted,199976,15927.24536886161,5676.071528381202,1968.7356853288375,0.35637496609916897,0.12360804644711465,63221,16328,4393,MPI-ESM1-2-LR,ssp126,2081_2100,central
core,upper,no_institutions,0.5,unadjusted,199976,15927.24536886161,5789.28775613106,2491.877526663243,0.3634833031108659,0.15645376642058653,63221,15567,5154,MPI-ESM1-2-LR,ssp126,2081_2100,central
core,upper,no_institutions,0.5,restricted,199976,15927.24536886161,5676.071528381202,2426.4726144401457,0.35637496609916897,0.15234728656745597,63221,15513,5208,MPI-ESM1-2-LR,ssp126,2081_2100,central
conservative,lower,codex_primary,0.0,unadjusted,199976,15927.24536886161,5014.263567812522,985.6339652574563,0.31482302505464027,0.06188351735852638,43306,5951,2257,MPI-ESM1-2-LR,ssp126,2081_2100,central
conservative,lower,codex_primary,0.0,restricted,199976,15927.24536886161,5014.263567812522,985.6339652574563,0.31482302505464027,0.06188351735852638,43306,5951,2257,MPI-ESM1-2-LR,ssp126,2081_2100,central
conservative,lower,codex_primary,0.25,unadjusted,199976,15927.24536886161,4328.786813299613,767.772296793441,0.27178502704319235,0.048204964450065294,43306,5797,2411,MPI-ESM1-2-LR,ssp126,2081_2100,central
conservative,lower,codex_primary,0.25,restricted,199976,15927.24536886161,4292.406226514018,749.991398221102,0.2695008538579961,0.047088581914319264,43306,5785,2423,MPI-ESM1-2-LR,ssp126,2081_2100,central
conservative,lower,codex_primary,0.5,unadjusted,199976,15927.24536886161,3643.310058786704,583.5459545619702,0.22874702903174443,0.03663822218139651,43306,5655,2553,MPI-ESM1-2-LR,ssp126,2081_2100,central
conservative,lower,codex_primary,0.5,restricted,199976,15927.24536886161,3570.5488852155145,553.7059709839846,0.22417868266135196,0.03476470401256588,43306,5630,2578,MPI-ESM1-2-LR,ssp126,2081_2100,central
conservative,lower,codex_primary,0.75,unadjusted,199976,15927.24536886161,2957.8333042737945,415.4996890420754,0.1857090310202965,0.026087354053978072,43306,5379,2829,MPI-ESM1-2-LR,ssp126,2081_2100,central
conservative,lower,codex_primary,0.75,restricted,199976,15927.24536886161,2848.691543917011,378.50622356278666,0.17885651146470782,0.023764700976025722,43306,5329,2879,MPI-ESM1-2-LR,ssp126,2081_2100,central
conservative,lower,no_ecology,0.5,unadjusted,199976,15927.24536886161,5014.263567812522,780.479481969842,0.31482302505464027,0.0490027913738122,43306,5655,2553,MPI-ESM1-2-LR,ssp126,2081_2100,central
conservative,lower,no_ecology,0.5,restricted,199976,15927.24536886161,5014.263567812522,758.6270296899097,0.31482302505464027,0.04763077431914594,43306,5630,2578,MPI-ESM1-2-LR,ssp126,2081_2100,central
conservative,lower,no_maintenance,0.5,unadjusted,199976,15927.24536886161,3643.310058786704,603.0007151887304,0.22874702903174443,0.03785969897642316,43306,5951,2257,MPI-ESM1-2-LR,ssp126,2081_2100,central
conservative,lower,no_maintenance,0.5,restricted,199976,15927.24536886161,3570.5488852155145,573.0428847875531,0.22417868266135196,0.035978781736349365,43306,5951,2257,MPI-ESM1-2-LR,ssp126,2081_2100,central
conservative,lower,no_institutions,0.5,unadjusted,199976,15927.24536886161,3643.310058786704,714.7222588922945,0.22874702903174443,0.044874191508947586,43306,5655,2553,MPI-ESM1-2-LR,ssp126,2081_2100,central
conservative,lower,no_institutions,0.5,restricted,199976,15927.24536886161,3570.5488852155145,695.742681655139,0.22417868266135196,0.04368254933871636,43306,5630,2578,MPI-ESM1-2-LR,ssp126,2081_2100,central
conservative,upper,codex_primary,0.0,unadjusted,199976,15927.24536886161,5934.562980757902,2446.803634100514,0.3726044801419463,0.1536237797205103,53201,13711,3094,MPI-ESM1-2-LR,ssp126,2081_2100,central
conservative,upper,codex_primary,0.0,restricted,199976,15927.24536886161,5934.562980757902,2446.803634100514,0.3726044801419463,0.1536237797205103,53201,13711,3094,MPI-ESM1-2-LR,ssp126,2081_2100,central
conservative,upper,codex_primary,0.25,unadjusted,199976,15927.24536886161,5129.997068349982,1917.9580475216487,0.3220894102868113,0.12041994727294979,53201,13361,3444,MPI-ESM1-2-LR,ssp126,2081_2100,central
conservative,upper,codex_primary,0.25,restricted,199976,15927.24536886161,5090.9527243999555,1872.0523016599445,0.3196379917868892,0.11753773225091894,53201,13340,3465,MPI-ESM1-2-LR,ssp126,2081_2100,central
conservative,upper,codex_primary,0.5,unadjusted,199976,15927.24536886161,4325.431155942066,1460.5643550232774,0.2715743404316765,0.0917022574335885,53201,13067,3738,MPI-ESM1-2-LR,ssp126,2081_2100,central
conservative,upper,codex_primary,0.5,restricted,199976,15927.24536886161,4247.342468042009,1382.4908219217862,0.26667150343183205,0.08680037193528832,53201,13025,3780,MPI-ESM1-2-LR,ssp126,2081_2100,central
conservative,upper,codex_primary,0.75,unadjusted,199976,15927.24536886161,3520.865243534147,1048.9634099339205,0.22105927057654154,0.06585968795236151,53201,12402,4403,MPI-ESM1-2-LR,ssp126,2081_2100,central
conservative,upper,codex_primary,0.75,restricted,199976,15927.24536886161,3403.732211684064,951.7877803668861,0.21370501507677495,0.05975846785330931,53201,12323,4482,MPI-ESM1-2-LR,ssp126,2081_2100,central
conservative,upper,no_ecology,0.5,unadjusted,199976,15927.24536886161,5934.562980757902,1948.7739792199711,0.3726044801419463,0.12235474082856165,53201,13067,3738,MPI-ESM1-2-LR,ssp126,2081_2100,central
conservative,upper,no_ecology,0.5,restricted,199976,15927.24536886161,5934.562980757902,1890.928000617371,0.3726044801419463,0.11872285237183634,53201,13025,3780,MPI-ESM1-2-LR,ssp126,2081_2100,central
conservative,upper,no_maintenance,0.5,unadjusted,199976,15927.24536886161,4325.431155942066,1502.9984049727682,0.2715743404316765,0.09436650030589654,53201,13711,3094,MPI-ESM1-2-LR,ssp126,2081_2100,central
conservative,upper,no_maintenance,0.5,restricted,199976,15927.24536886161,4247.342468042009,1424.889835592913,0.26667150343183205,0.08946241503748216,53201,13711,3094,MPI-ESM1-2-LR,ssp126,2081_2100,central
conservative,upper,no_institutions,0.5,unadjusted,199976,15927.24536886161,4325.431155942066,1785.5278889853344,0.2715743404316765,0.11210525408719524,53201,13067,3738,MPI-ESM1-2-LR,ssp126,2081_2100,central
conservative,upper,no_institutions,0.5,restricted,199976,15927.24536886161,4247.342468042009,1738.2398294077784,0.26667150343183205,0.10913624981292154,53201,13025,3780,MPI-ESM1-2-LR,ssp126,2081_2100,central
core,lower,codex_primary,0.0,unadjusted,199976,15927.24536886161,6208.077661132572,1428.0498630674206,0.3897772350057222,0.08966081892976385,41268,7305,2853,MPI-ESM1-2-LR,ssp126,2081_2100,historical_error_longer_ice
core,lower,codex_primary,0.0,restricted,199976,15927.24536886161,6208.077661132572,1428.0498630674206,0.3897772350057222,0.08966081892976385,41268,7305,2853,MPI-ESM1-2-LR,ssp126,2081_2100,historical_error_longer_ice
core,lower,codex_primary,0.25,unadjusted,199976,15927.24536886161,5374.81315989789,1115.1619277366774,0.3374603100173154,0.07001599472541954,41268,7125,3033,MPI-ESM1-2-LR,ssp126,2081_2100,historical_error_longer_ice
core,lower,codex_primary,0.25,restricted,199976,15927.24536886161,5321.815285394293,1088.7772697946868,0.3341328121809846,0.06835942089040012,41268,7110,3048,MPI-ESM1-2-LR,ssp126,2081_2100,historical_error_longer_ice
core,lower,codex_primary,0.5,unadjusted,199976,15927.24536886161,4541.548658663208,842.2089740882096,0.2851433850289086,0.05287850815275071,41268,6948,3210,MPI-ESM1-2-LR,ssp126,2081_2100,historical_error_longer_ice
core,lower,codex_primary,0.5,restricted,199976,15927.24536886161,4435.552909656015,798.2299552350205,0.2784883893562471,0.05011726364155797,41268,6915,3243,MPI-ESM1-2-LR,ssp126,2081_2100,historical_error_longer_ice
core,lower,codex_primary,0.75,unadjusted,199976,15927.24536886161,3708.2841574285244,598.4508891838288,0.23282646004050175,0.03757403589410532,41268,6633,3525,MPI-ESM1-2-LR,ssp126,2081_2100,historical_error_longer_ice
core,lower,codex_primary,0.75,restricted,199976,15927.24536886161,3549.290533917738,544.6476552760224,0.2228439665315096,0.03419597316814306,41268,6566,3592,MPI-ESM1-2-LR,ssp126,2081_2100,historical_error_longer_ice
core,lower,no_ecology,0.5,unadjusted,199976,15927.24536886161,6208.077661132572,1123.7933765883874,0.3897772350057222,0.07055792452255728,41268,6948,3210,MPI-ESM1-2-LR,ssp126,2081_2100,historical_error_longer_ice
core,lower,no_ecology,0.5,restricted,199976,15927.24536886161,6208.077661132572,1091.3134841972076,0.3897772350057222,0.0685186583695614,41268,6915,3243,MPI-ESM1-2-LR,ssp126,2081_2100,historical_error_longer_ice
core,lower,no_maintenance,0.5,unadjusted,199976,15927.24536886161,4541.548658663208,868.1835345953689,0.2851433850289086,0.05450933381692617,41268,7305,2853,MPI-ESM1-2-LR,ssp126,2081_2100,historical_error_longer_ice
core,lower,no_maintenance,0.5,restricted,199976,15927.24536886161,4435.552909656015,823.7729865546812,0.2784883893562471,0.05172099553166863,41268,7305,2853,MPI-ESM1-2-LR,ssp126,2081_2100,historical_error_longer_ice
core,lower,no_institutions,0.5,unadjusted,199976,15927.24536886161,4541.548658663208,1039.621516997728,0.2851433850289086,0.06527315257101701,41268,6948,3210,MPI-ESM1-2-LR,ssp126,2081_2100,historical_error_longer_ice
core,lower,no_institutions,0.5,restricted,199976,15927.24536886161,4435.552909656015,1011.5562627482142,0.2784883893562471,0.06351106166329593,41268,6915,3243,MPI-ESM1-2-LR,ssp126,2081_2100,historical_error_longer_ice
core,upper,codex_primary,0.0,unadjusted,199976,15927.24536886161,7288.638291697363,3402.3590361735187,0.45762077012682534,0.21361879957128457,52090,16173,3782,MPI-ESM1-2-LR,ssp126,2081_2100,historical_error_longer_ice
core,upper,codex_primary,0.0,restricted,199976,15927.24536886161,7288.638291697363,3402.3590361735187,0.45762077012682534,0.21361879957128457,52090,16173,3782,MPI-ESM1-2-LR,ssp126,2081_2100,historical_error_longer_ice
core,upper,codex_primary,0.25,unadjusted,199976,15927.24536886161,6316.291128750247,2665.4480384440444,0.3965714712412759,0.16735147708938422,52090,15798,4157,MPI-ESM1-2-LR,ssp126,2081_2100,historical_error_longer_ice
core,upper,codex_primary,0.25,restricted,199976,15927.24536886161,6260.390843478755,2601.6544359263107,0.3930617441053596,0.16334616411527428,52090,15773,4182,MPI-ESM1-2-LR,ssp126,2081_2100,historical_error_longer_ice
core,upper,codex_primary,0.5,unadjusted,199976,15927.24536886161,5343.943965803132,2015.826555403521,0.33552217235572657,0.12656467008064942,52090,15451,4504,MPI-ESM1-2-LR,ssp126,2081_2100,historical_error_longer_ice
core,upper,codex_primary,0.5,restricted,199976,15927.24536886161,5232.143395260146,1907.7974887007451,0.32850271808389364,0.11978201154799588,52090,15397,4558,MPI-ESM1-2-LR,ssp126,2081_2100,historical_error_longer_ice
core,upper,codex_primary,0.75,unadjusted,199976,15927.24536886161,4371.596802856017,1445.5138602826398,0.2744728734701771,0.09075730465662796,52090,14734,5221,MPI-ESM1-2-LR,ssp126,2081_2100,historical_error_longer_ice
core,upper,codex_primary,0.75,restricted,199976,15927.24536886161,4203.8959470415375,1312.577955036278,0.2639436920624278,0.08241085791284533,52090,14630,5325,MPI-ESM1-2-LR,ssp126,2081_2100,historical_error_longer_ice
core,upper,no_ecology,0.5,unadjusted,199976,15927.24536886161,7288.638291697363,2687.938168021001,0.45762077012682534,0.16876353102941613,52090,15451,4504,MPI-ESM1-2-LR,ssp126,2081_2100,historical_error_longer_ice
core,upper,no_ecology,0.5,restricted,199976,15927.24536886161,7288.638291697363,2605.7849528966126,0.45762077012682534,0.16360550067188798,52090,15397,4558,MPI-ESM1-2-LR,ssp126,2081_2100,historical_error_longer_ice
core,upper,no_maintenance,0.5,unadjusted,199976,15927.24536886161,5343.943965803132,2072.0640123538706,0.33552217235572657,0.1300955667076516,52090,16173,3782,MPI-ESM1-2-LR,ssp126,2081_2100,historical_error_longer_ice
core,upper,no_maintenance,0.5,restricted,199976,15927.24536886161,5232.143395260146,1963.8802579613318,0.32850271808389364,0.12330319603167506,52090,16173,3782,MPI-ESM1-2-LR,ssp126,2081_2100,historical_error_longer_ice
core,upper,no_institutions,0.5,unadjusted,199976,15927.24536886161,5343.943965803132,2486.287623407776,0.33552217235572657,0.1561028015722396,52090,15451,4504,MPI-ESM1-2-LR,ssp126,2081_2100,historical_error_longer_ice
core,upper,no_institutions,0.5,restricted,199976,15927.24536886161,5232.143395260146,2420.9756025331653,0.32850271808389364,0.15200215394849556,52090,15397,4558,MPI-ESM1-2-LR,ssp126,2081_2100,historical_error_longer_ice
conservative,lower,codex_primary,0.0,unadjusted,199976,15927.24536886161,4425.811936284073,979.2222399876805,0.27787679751181016,0.06148095400740786,32946,5850,1825,MPI-ESM1-2-LR,ssp126,2081_2100,historical_error_longer_ice
conservative,lower,codex_primary,0.0,restricted,199976,15927.24536886161,4425.811936284073,979.2222399876805,0.27787679751181016,0.06148095400740786,32946,5850,1825,MPI-ESM1-2-LR,ssp126,2081_2100,historical_error_longer_ice
conservative,lower,codex_primary,0.25,unadjusted,199976,15927.24536886161,3830.0703204467,763.0535196756805,0.24047286468849396,0.047908693688331075,32946,5703,1972,MPI-ESM1-2-LR,ssp126,2081_2100,historical_error_longer_ice
conservative,lower,codex_primary,0.25,restricted,199976,15927.24536886161,3794.3729985591945,745.4776223669028,0.23823159062880658,0.04680518225859324,32946,5691,1984,MPI-ESM1-2-LR,ssp126,2081_2100,historical_error_longer_ice
conservative,lower,codex_primary,0.5,unadjusted,199976,15927.24536886161,3234.328704609326,580.2689099024915,0.20306893186517774,0.036432471307118804,32946,5573,2102,MPI-ESM1-2-LR,ssp126,2081_2100,historical_error_longer_ice
conservative,lower,codex_primary,0.5,restricted,199976,15927.24536886161,3162.9340608343136,550.7682589701503,0.1985863837458029,0.03458025830674549,32946,5548,2127,MPI-ESM1-2-LR,ssp126,2081_2100,historical_error_longer_ice
conservative,lower,codex_primary,0.75,unadjusted,199976,15927.24536886161,2638.5870887719525,413.3032371285654,0.16566499904186155,0.02594944873120304,32946,5300,2375,MPI-ESM1-2-LR,ssp126,2081_2100,historical_error_longer_ice
conservative,lower,codex_primary,0.75,restricted,199976,15927.24536886161,2531.495123109434,376.7193416846067,0.1589411768627993,0.0236525107110554,32946,5250,2425,MPI-ESM1-2-LR,ssp126,2081_2100,historical_error_longer_ice
conservative,lower,no_ecology,0.5,unadjusted,199976,15927.24536886161,4425.811936284073,775.880602046727,0.27787679751181016,0.04871404841690981,32946,5573,2102,MPI-ESM1-2-LR,ssp126,2081_2100,historical_error_longer_ice
conservative,lower,no_ecology,0.5,restricted,199976,15927.24536886161,4425.811936284073,754.4026911759282,0.27787679751181016,0.04736554713037919,32946,5548,2127,MPI-ESM1-2-LR,ssp126,2081_2100,historical_error_longer_ice
conservative,lower,no_maintenance,0.5,unadjusted,199976,15927.24536886161,3234.328704609326,599.5139640830342,0.20306893186517774,0.037640781578910536,32946,5850,1825,MPI-ESM1-2-LR,ssp126,2081_2100,historical_error_longer_ice
conservative,lower,no_maintenance,0.5,restricted,199976,15927.24536886161,3162.9340608343136,569.9009179484934,0.1985863837458029,0.035781511790021904,32946,5850,1825,MPI-ESM1-2-LR,ssp126,2081_2100,historical_error_longer_ice
conservative,lower,no_institutions,0.5,unadjusted,199976,15927.24536886161,3234.328704609326,710.4335614523162,0.20306893186517774,0.044604923513091706,32946,5573,2102,MPI-ESM1-2-LR,ssp126,2081_2100,historical_error_longer_ice
conservative,lower,no_institutions,0.5,restricted,199976,15927.24536886161,3162.9340608343136,691.5468755636477,0.1985863837458029,0.04341911357224703,32946,5548,2127,MPI-ESM1-2-LR,ssp126,2081_2100,historical_error_longer_ice
conservative,upper,codex_primary,0.0,unadjusted,199976,15927.24536886161,5346.1113492294535,2437.3858444247317,0.3356582525991162,0.15303247912472778,42841,13561,2518,MPI-ESM1-2-LR,ssp126,2081_2100,historical_error_longer_ice
conservative,upper,codex_primary,0.0,restricted,199976,15927.24536886161,5346.1113492294535,2437.3858444247317,0.3356582525991162,0.15303247912472778,42841,13561,2518,MPI-ESM1-2-LR,ssp126,2081_2100,historical_error_longer_ice
conservative,upper,codex_primary,0.25,unadjusted,199976,15927.24536886161,4631.2805754970705,1911.7437430572547,0.29077724793211296,0.12002977908501296,42841,13231,2848,MPI-ESM1-2-LR,ssp126,2081_2100,historical_error_longer_ice
conservative,upper,codex_primary,0.25,restricted,199976,15927.24536886161,4592.919496445131,1866.0748903819729,0.28836872855769957,0.11716243751918475,42841,13210,2869,MPI-ESM1-2-LR,ssp126,2081_2100,historical_error_longer_ice
conservative,upper,codex_primary,0.5,unadjusted,199976,15927.24536886161,3916.4498017646874,1456.270073486152,0.24589624326510978,0.09143263883742364,42841,12956,3123,MPI-ESM1-2-LR,ssp126,2081_2100,historical_error_longer_ice
conservative,upper,codex_primary,0.5,restricted,199976,15927.24536886161,3839.7276436608095,1378.5858348181223,0.241079204516283,0.08655519538320869,42841,12914,3165,MPI-ESM1-2-LR,ssp126,2081_2100,historical_error_longer_ice
conservative,upper,codex_primary,0.75,unadjusted,199976,15927.24536886161,3201.619028032306,1046.059552686759,0.20101523859810666,0.06567736783485778,42841,12295,3784,MPI-ESM1-2-LR,ssp126,2081_2100,historical_error_longer_ice
conservative,upper,codex_primary,0.75,restricted,199976,15927.24536886161,3086.5357908764877,949.3512738822267,0.19378968047486644,0.05960549058522359,42841,12216,3863,MPI-ESM1-2-LR,ssp126,2081_2100,historical_error_longer_ice
conservative,upper,no_ecology,0.5,unadjusted,199976,15927.24536886161,5346.1113492294535,1942.7312055789066,0.3356582525991162,0.12197534228844258,42841,12956,3123,MPI-ESM1-2-LR,ssp126,2081_2100,historical_error_longer_ice
conservative,upper,no_ecology,0.5,restricted,199976,15927.24536886161,5346.1113492294535,1885.3313396486108,0.3356582525991162,0.11837146323710863,42841,12914,3165,MPI-ESM1-2-LR,ssp126,2081_2100,historical_error_longer_ice
conservative,upper,no_maintenance,0.5,unadjusted,199976,15927.24536886161,3916.4498017646874,1497.783733732504,0.24589624326510978,0.09403909458572982,42841,13561,2518,MPI-ESM1-2-LR,ssp126,2081_2100,historical_error_longer_ice
conservative,upper,no_maintenance,0.5,restricted,199976,15927.24536886161,3839.7276436608095,1420.0740240612063,0.241079204516283,0.08916005192194168,42841,13561,2518,MPI-ESM1-2-LR,ssp126,2081_2100,historical_error_longer_ice
conservative,upper,no_institutions,0.5,unadjusted,199976,15927.24536886161,3916.4498017646874,1779.9866914244712,0.24589624326510978,0.11175734725004081,42841,12956,3123,MPI-ESM1-2-LR,ssp126,2081_2100,historical_error_longer_ice
conservative,upper,no_institutions,0.5,restricted,199976,15927.24536886161,3839.7276436608095,1732.7915231954023,0.241079204516283,0.10879417520515366,42841,12914,3165,MPI-ESM1-2-LR,ssp126,2081_2100,historical_error_longer_ice
core,lower,codex_primary,0.0,unadjusted,199976,15927.24536886161,7473.20892550655,1435.467817361034,0.4692091289129611,0.09012655886920848,67769,7435,3449,MPI-ESM1-2-LR,ssp126,2081_2100,historical_error_shorter_ice
core,lower,codex_primary,0.0,restricted,199976,15927.24536886161,7473.20892550655,1435.467817361034,0.4692091289129611,0.09012655886920848,67769,7435,3449,MPI-ESM1-2-LR,ssp126,2081_2100,historical_error_shorter_ice
core,lower,codex_primary,0.25,unadjusted,199976,15927.24536886161,6446.726956276994,1120.4853111621344,0.4047609493654564,0.07035022599405213,67769,7238,3646,MPI-ESM1-2-LR,ssp126,2081_2100,historical_error_shorter_ice
core,lower,codex_primary,0.25,restricted,199976,15927.24536886161,6392.148910147365,1093.8847285134514,0.40133423966985954,0.06868009521922974,67769,7223,3661,MPI-ESM1-2-LR,ssp126,2081_2100,historical_error_shorter_ice
core,lower,codex_primary,0.5,unadjusted,199976,15927.24536886161,5420.2449870474375,845.7915913690676,0.34031276981795167,0.0531034445556181,67769,7046,3838,MPI-ESM1-2-LR,ssp126,2081_2100,historical_error_shorter_ice
core,lower,codex_primary,0.5,restricted,199976,15927.24536886161,5311.0888947881795,801.4569120769827,0.33345935042675784,0.050319869727370584,67769,7013,3871,MPI-ESM1-2-LR,ssp126,2081_2100,historical_error_shorter_ice
core,lower,codex_primary,0.75,unadjusted,199976,15927.24536886161,4393.763017817881,600.7665447966798,0.2758645902704469,0.03771942548026553,67769,6724,4160,MPI-ESM1-2-LR,ssp126,2081_2100,historical_error_shorter_ice
core,lower,codex_primary,0.75,restricted,199976,15927.24536886161,4230.0288794289945,546.5353085235449,0.2655844611836562,0.03431449041351764,67769,6657,4227,MPI-ESM1-2-LR,ssp126,2081_2100,historical_error_shorter_ice
core,lower,no_ecology,0.5,unadjusted,199976,15927.24536886161,7473.20892550655,1128.8332458679977,0.4692091289129611,0.07087435521492694,67769,7046,3838,MPI-ESM1-2-LR,ssp126,2081_2100,historical_error_shorter_ice
core,lower,no_ecology,0.5,restricted,199976,15927.24536886161,7473.20892550655,1095.9554866487542,0.4692091289129611,0.06881010879579907,67769,7013,3871,MPI-ESM1-2-LR,ssp126,2081_2100,historical_error_shorter_ice
core,lower,no_maintenance,0.5,unadjusted,199976,15927.24536886161,5420.2449870474375,872.2090438425922,0.34031276981795167,0.05476207741156516,67769,7435,3449,MPI-ESM1-2-LR,ssp126,2081_2100,historical_error_shorter_ice
core,lower,no_maintenance,0.5,restricted,199976,15927.24536886161,5311.0888947881795,827.4340566729919,0.33345935042675784,0.05195085763484614,67769,7435,3449,MPI-ESM1-2-LR,ssp126,2081_2100,historical_error_shorter_ice
core,lower,no_institutions,0.5,unadjusted,199976,15927.24536886161,5420.2449870474375,1044.318937004908,0.34031276981795167,0.06556808241597085,67769,7046,3838,MPI-ESM1-2-LR,ssp126,2081_2100,historical_error_shorter_ice
core,lower,no_institutions,0.5,restricted,199976,15927.24536886161,5311.0888947881795,1016.1607914069072,0.33345935042675784,0.0638001592788632,67769,7013,3871,MPI-ESM1-2-LR,ssp126,2081_2100,historical_error_shorter_ice
core,upper,codex_primary,0.0,unadjusted,199976,15927.24536886161,8553.769556071342,3415.3602859424836,0.5370526640340644,0.2144350894863243,78591,16372,4592,MPI-ESM1-2-LR,ssp126,2081_2100,historical_error_shorter_ice
core,upper,codex_primary,0.0,restricted,199976,15927.24536886161,8553.769556071342,3415.3602859424836,0.5370526640340644,0.2144350894863243,78591,16372,4592,MPI-ESM1-2-LR,ssp126,2081_2100,historical_error_shorter_ice
core,upper,codex_primary,0.25,unadjusted,199976,15927.24536886161,7388.204925129352,2674.21737693882,0.46387211058941696,0.16790206435615163,78591,15963,5001,MPI-ESM1-2-LR,ssp126,2081_2100,historical_error_shorter_ice
core,upper,codex_primary,0.25,restricted,199976,15927.24536886161,7330.724468231825,2610.1733058387467,0.46026317159423435,0.16388102558787335,78591,15938,5026,MPI-ESM1-2-LR,ssp126,2081_2100,historical_error_shorter_ice
core,upper,codex_primary,0.5,unadjusted,199976,15927.24536886161,6222.640294187362,2021.85169150636,0.39069155714476955,0.12694296123918325,78591,15593,5371,MPI-ESM1-2-LR,ssp126,2081_2100,historical_error_shorter_ice
core,upper,codex_primary,0.5,restricted,199976,15927.24536886161,6107.679380392311,1913.4126126747205,0.38347367915440445,0.1201345598916632,78591,15539,5425,MPI-ESM1-2-LR,ssp126,2081_2100,historical_error_shorter_ice
core,upper,codex_primary,0.75,unadjusted,199976,15927.24536886161,5057.075663245372,1449.03269515242,0.31751100370012214,0.09097823644918135,78591,14864,6100,MPI-ESM1-2-LR,ssp126,2081_2100,historical_error_shorter_ice
core,upper,codex_primary,0.75,restricted,199976,15927.24536886161,4884.634292552795,1315.606901038014,0.3066841867145745,0.08260103178984592,78591,14760,6204,MPI-ESM1-2-LR,ssp126,2081_2100,historical_error_shorter_ice
core,upper,no_ecology,0.5,unadjusted,199976,15927.24536886161,8553.769556071342,2696.4940497769294,0.5370526640340644,0.16930071630896584,78591,15593,5371,MPI-ESM1-2-LR,ssp126,2081_2100,historical_error_shorter_ice
core,upper,no_ecology,0.5,restricted,199976,15927.24536886161,8553.769556071342,2613.8651786523187,0.5370526640340644,0.1641128216535502,78591,15539,5425,MPI-ESM1-2-LR,ssp126,2081_2100,historical_error_shorter_ice
core,upper,no_maintenance,0.5,unadjusted,199976,15927.24536886161,6222.640294187362,2079.368887985721,0.39069155714476955,0.13055420694723324,78591,16372,4592,MPI-ESM1-2-LR,ssp126,2081_2100,historical_error_shorter_ice
core,upper,no_maintenance,0.5,restricted,199976,15927.24536886161,6107.679380392311,1970.7622291201978,0.38347367915440445,0.12373528400417033,78591,16372,4592,MPI-ESM1-2-LR,ssp126,2081_2100,historical_error_shorter_ice
core,upper,no_institutions,0.5,unadjusted,199976,15927.24536886161,6222.640294187362,2493.8601728129433,0.39069155714476955,0.15657824784243846,78591,15593,5371,MPI-ESM1-2-LR,ssp126,2081_2100,historical_error_shorter_ice
core,upper,no_institutions,0.5,restricted,199976,15927.24536886161,6107.679380392311,2428.4552605898466,0.38347367915440445,0.15247176798930792,78591,15539,5425,MPI-ESM1-2-LR,ssp126,2081_2100,historical_error_shorter_ice
conservative,lower,codex_primary,0.0,unadjusted,199976,15927.24536886161,5604.457631300402,986.6105207950206,0.35187865205224605,0.06194483088229952,58130,5978,2378,MPI-ESM1-2-LR,ssp126,2081_2100,historical_error_shorter_ice
conservative,lower,codex_primary,0.0,restricted,199976,15927.24536886161,5604.457631300402,986.6105207950206,0.35187865205224605,0.06194483088229952,58130,5978,2378,MPI-ESM1-2-LR,ssp126,2081_2100,historical_error_shorter_ice
conservative,lower,codex_primary,0.25,unadjusted,199976,15927.24536886161,4828.513197504598,768.3546224879017,0.3031605959273115,0.04824152605761101,58130,5814,2542,MPI-ESM1-2-LR,ssp126,2081_2100,historical_error_shorter_ice
conservative,lower,codex_primary,0.25,restricted,199976,15927.24536886161,4791.281396123048,750.563292749783,0.30082297881152703,0.04712448859594791,58130,5802,2554,MPI-ESM1-2-LR,ssp126,2081_2100,historical_error_shorter_ice
conservative,lower,codex_primary,0.5,unadjusted,199976,15927.24536886161,4052.5687637087935,583.8424292025878,0.2544425398023769,0.036656836488751704,58130,5670,2686,MPI-ESM1-2-LR,ssp126,2081_2100,historical_error_shorter_ice
conservative,lower,codex_primary,0.5,restricted,199976,15927.24536886161,3978.105160945695,553.9861178313508,0.24976730557080803,0.034782293171323614,58130,5645,2711,MPI-ESM1-2-LR,ssp126,2081_2100,historical_error_shorter_ice
conservative,lower,codex_primary,0.75,unadjusted,199976,15927.24536886161,3276.624329912989,415.611966981379,0.20572448367744234,0.026094403480084304,58130,5390,2966,MPI-ESM1-2-LR,ssp126,2081_2100,historical_error_shorter_ice
conservative,lower,codex_primary,0.75,restricted,199976,15927.24536886161,3164.928925768341,378.60006917209176,0.19871163233008898,0.023770593119151022,58130,5340,3016,MPI-ESM1-2-LR,ssp126,2081_2100,historical_error_shorter_ice
conservative,lower,no_ecology,0.5,unadjusted,199976,15927.24536886161,5604.457631300402,780.9083406853215,0.35187865205224605,0.049029717480966795,58130,5670,2686,MPI-ESM1-2-LR,ssp126,2081_2100,historical_error_shorter_ice
conservative,lower,no_ecology,0.5,restricted,199976,15927.24536886161,5604.457631300402,759.032562986459,0.35187865205224605,0.047656235928304175,58130,5645,2711,MPI-ESM1-2-LR,ssp126,2081_2100,historical_error_shorter_ice
conservative,lower,no_maintenance,0.5,unadjusted,199976,15927.24536886161,4052.5687637087935,603.5234834665728,0.2544425398023769,0.03789252124202751,58130,5978,2378,MPI-ESM1-2-LR,ssp126,2081_2100,historical_error_shorter_ice
conservative,lower,no_maintenance,0.5,restricted,199976,15927.24536886161,3978.105160945695,573.546809012875,0.24976730557080803,0.036010420868770036,58130,5978,2378,MPI-ESM1-2-LR,ssp126,2081_2100,historical_error_shorter_ice
conservative,lower,no_institutions,0.5,unadjusted,199976,15927.24536886161,4052.5687637087935,715.1203093413008,0.2544425398023769,0.044899183303811534,58130,5670,2686,MPI-ESM1-2-LR,ssp126,2081_2100,historical_error_shorter_ice
conservative,lower,no_institutions,0.5,restricted,199976,15927.24536886161,3978.105160945695,696.1407321041452,0.24976730557080803,0.0437075411335803,58130,5645,2711,MPI-ESM1-2-LR,ssp126,2081_2100,historical_error_shorter_ice
conservative,upper,codex_primary,0.0,unadjusted,199976,15927.24536886161,6524.757044245781,2450.2756087240105,0.40966010713955203,0.15384176936925925,68025,13752,3279,MPI-ESM1-2-LR,ssp126,2081_2100,historical_error_shorter_ice
conservative,upper,codex_primary,0.0,restricted,199976,15927.24536886161,6524.757044245781,2450.2756087240105,0.40966010713955203,0.15384176936925925,68025,13752,3279,MPI-ESM1-2-LR,ssp126,2081_2100,historical_error_shorter_ice
conservative,upper,codex_primary,0.25,unadjusted,199976,15927.24536886161,5629.723452554968,1920.427922722991,0.3534649791709305,0.1205750196124625,68025,13388,3643,MPI-ESM1-2-LR,ssp126,2081_2100,historical_error_shorter_ice
conservative,upper,codex_primary,0.25,restricted,199976,15927.24536886161,5589.827894008985,1874.5099915192397,0.35096011674042005,0.1176920395276876,68025,13367,3664,MPI-ESM1-2-LR,ssp126,2081_2100,historical_error_shorter_ice
conservative,upper,codex_primary,0.5,unadjusted,199976,15927.24536886161,4734.689860864155,1462.2396426343557,0.2972698512023089,0.09180744119715087,68025,13091,3940,MPI-ESM1-2-LR,ssp126,2081_2100,historical_error_shorter_ice
conservative,upper,codex_primary,0.5,restricted,199976,15927.24536886161,4654.89874377219,1384.1468925081135,0.2922601263412881,0.08690434914842055,68025,13049,3982,MPI-ESM1-2-LR,ssp126,2081_2100,historical_error_shorter_ice
conservative,upper,codex_primary,0.75,unadjusted,199976,15927.24536886161,3839.656269173343,1049.5433713886837,0.24107472323368745,0.0658961011199452,68025,12419,4612,MPI-ESM1-2-LR,ssp126,2081_2100,historical_error_shorter_ice
conservative,upper,codex_primary,0.75,restricted,199976,15927.24536886161,3719.9695935353943,952.345904325955,0.23356013594215613,0.059793509942895,68025,12340,4691,MPI-ESM1-2-LR,ssp126,2081_2100,historical_error_shorter_ice
conservative,upper,no_ecology,0.5,unadjusted,199976,15927.24536886161,6524.757044245781,1951.2109734042747,0.40966010713955203,0.12250774871711143,68025,13091,3940,MPI-ESM1-2-LR,ssp126,2081_2100,historical_error_shorter_ice
conservative,upper,no_ecology,0.5,restricted,199976,15927.24536886161,6524.757044245781,1893.3375419091738,0.40966010713955203,0.1188741366169145,68025,13049,3982,MPI-ESM1-2-LR,ssp126,2081_2100,historical_error_shorter_ice
conservative,upper,no_maintenance,0.5,unadjusted,199976,15927.24536886161,4734.689860864155,1505.026150526796,0.2972698512023089,0.09449381331621734,68025,13752,3279,MPI-ESM1-2-LR,ssp126,2081_2100,historical_error_shorter_ice
conservative,upper,no_maintenance,0.5,restricted,199976,15927.24536886161,4654.89874377219,1426.8958478629208,0.2922601263412881,0.08958836351278661,68025,13752,3279,MPI-ESM1-2-LR,ssp126,2081_2100,historical_error_shorter_ice
conservative,upper,no_institutions,0.5,unadjusted,199976,15927.24536886161,4734.689860864155,1787.4893200950619,0.2972698512023089,0.11222840351224034,68025,13091,3940,MPI-ESM1-2-LR,ssp126,2081_2100,historical_error_shorter_ice
conservative,upper,no_institutions,0.5,restricted,199976,15927.24536886161,4654.89874377219,1740.2012605175062,0.2922601263412881,0.10925939923796665,68025,13049,3982,MPI-ESM1-2-LR,ssp126,2081_2100,historical_error_shorter_ice
core,lower,codex_primary,0.0,unadjusted,199976,15754.169639889617,6881.206343613652,1384.394080911633,0.4367863556699562,0.08787477300018035,54253,7188,3612,MPI-ESM1-2-LR,ssp585,2031_2050,central
core,lower,codex_primary,0.0,restricted,199976,15754.169639889617,6881.206343613652,1384.394080911633,0.4367863556699562,0.08787477300018035,54253,7188,3612,MPI-ESM1-2-LR,ssp585,2031_2050,central
core,lower,codex_primary,0.25,unadjusted,199976,15754.169639889617,5943.75417039934,1078.7063449180814,0.37728133606926084,0.06847116475036506,54253,6975,3825,MPI-ESM1-2-LR,ssp585,2031_2050,central
core,lower,codex_primary,0.25,restricted,199976,15754.169639889617,5890.69273118272,1052.0082774429259,0.3739132474660844,0.06677649799956685,54253,6963,3837,MPI-ESM1-2-LR,ssp585,2031_2050,central
core,lower,codex_primary,0.5,unadjusted,199976,15754.169639889617,5006.301997185027,815.0660256919024,0.31777631646856536,0.05173652717488532,54253,6793,4007,MPI-ESM1-2-LR,ssp585,2031_2050,central
core,lower,codex_primary,0.5,restricted,199976,15754.169639889617,4900.179118751788,769.6721359584639,0.31104013926221263,0.04885513826191455,54253,6751,4049,MPI-ESM1-2-LR,ssp585,2031_2050,central
core,lower,codex_primary,0.75,unadjusted,199976,15754.169639889617,4068.8498239707146,589.0977642384256,0.2582712968678699,0.03739313322784261,54253,6609,4191,MPI-ESM1-2-LR,ssp585,2031_2050,central
core,lower,codex_primary,0.75,restricted,199976,15754.169639889617,3909.665506320855,534.5252795452637,0.24816703105834073,0.033929130621511386,54253,6546,4254,MPI-ESM1-2-LR,ssp585,2031_2050,central
core,lower,no_ecology,0.5,unadjusted,199976,15754.169639889617,6881.206343613652,1085.6466114130458,0.4367863556699562,0.06891169996444525,54253,6793,4007,MPI-ESM1-2-LR,ssp585,2031_2050,central
core,lower,no_ecology,0.5,restricted,199976,15754.169639889617,6881.206343613652,1051.2417120067284,0.4367863556699562,0.06672784005987725,54253,6751,4049,MPI-ESM1-2-LR,ssp585,2031_2050,central
core,lower,no_maintenance,0.5,unadjusted,199976,15754.169639889617,5006.301997185027,838.426022009544,0.31777631646856536,0.053219308994023155,54253,7188,3612,MPI-ESM1-2-LR,ssp585,2031_2050,central
core,lower,no_maintenance,0.5,restricted,199976,15754.169639889617,4900.179118751788,793.5343901514618,0.31104013926221263,0.050369801029832115,54253,7188,3612,MPI-ESM1-2-LR,ssp585,2031_2050,central
core,lower,no_institutions,0.5,unadjusted,199976,15754.169639889617,5006.301997185027,1010.5218442431689,0.31777631646856536,0.06414313590254378,54253,6793,4007,MPI-ESM1-2-LR,ssp585,2031_2050,central
core,lower,no_institutions,0.5,restricted,199976,15754.169639889617,4900.179118751788,980.9045842249616,0.31104013926221263,0.06226317264867502,54253,6751,4049,MPI-ESM1-2-LR,ssp585,2031_2050,central
core,upper,codex_primary,0.0,unadjusted,199976,15754.169639889617,7906.214040384849,3248.046683109758,0.5018489848151872,0.20617060482106855,64833,15552,5201,MPI-ESM1-2-LR,ssp585,2031_2050,central
core,upper,codex_primary,0.0,restricted,199976,15754.169639889617,7906.214040384849,3248.046683109758,0.5018489848151872,0.20617060482106855,64833,15552,5201,MPI-ESM1-2-LR,ssp585,2031_2050,central
core,upper,codex_primary,0.25,unadjusted,199976,15754.169639889617,6836.779667444734,2542.81425394754,0.43396636088861085,0.16140579364520263,64833,15201,5552,MPI-ESM1-2-LR,ssp585,2031_2050,central
core,upper,codex_primary,0.25,restricted,199976,15754.169639889617,6781.519582674357,2479.8646369430394,0.4304587126892124,0.15741005039478645,64833,15183,5570,MPI-ESM1-2-LR,ssp585,2031_2050,central
core,upper,codex_primary,0.5,unadjusted,199976,15754.169639889617,5767.345294504618,1925.0310346601984,0.3660837369620344,0.12219184372535971,64833,14890,5863,MPI-ESM1-2-LR,ssp585,2031_2050,central
core,upper,codex_primary,0.5,restricted,199976,15754.169639889617,5656.825124963863,1818.6945558506302,0.3590684405632374,0.11544210817977285,64833,14834,5919,MPI-ESM1-2-LR,ssp585,2031_2050,central
core,upper,codex_primary,0.75,unadjusted,199976,15754.169639889617,4697.910921564505,1401.3185606457012,0.29820111303545804,0.08894905873665072,64833,14531,6222,MPI-ESM1-2-LR,ssp585,2031_2050,central
core,upper,codex_primary,0.75,restricted,199976,15754.169639889617,4532.130667253371,1271.5641962478517,0.2876781684372624,0.08071286683547232,64833,14442,6311,MPI-ESM1-2-LR,ssp585,2031_2050,central
core,upper,no_ecology,0.5,unadjusted,199976,15754.169639889617,7906.214040384849,2564.0894547565813,0.5018489848151872,0.16275624252923476,64833,14890,5863,MPI-ESM1-2-LR,ssp585,2031_2050,central
core,upper,no_ecology,0.5,restricted,199976,15754.169639889617,7906.214040384849,2481.6403190566493,0.5018489848151872,0.15752276227704992,64833,14834,5919,MPI-ESM1-2-LR,ssp585,2031_2050,central
core,upper,no_maintenance,0.5,unadjusted,199976,15754.169639889617,5767.345294504618,1969.453271534029,0.3660837369620344,0.1250115567212991,64833,15552,5201,MPI-ESM1-2-LR,ssp585,2031_2050,central
core,upper,no_maintenance,0.5,restricted,199976,15754.169639889617,5656.825124963863,1863.9248839940908,0.3590684405632374,0.11831311497843885,64833,15552,5201,MPI-ESM1-2-LR,ssp585,2031_2050,central
core,upper,no_institutions,0.5,unadjusted,199976,15754.169639889617,5767.345294504618,2384.886322593851,0.3660837369620344,0.15138127728136874,64833,14890,5863,MPI-ESM1-2-LR,ssp585,2031_2050,central
core,upper,no_institutions,0.5,restricted,199976,15754.169639889617,5656.825124963863,2320.425514080734,0.3590684405632374,0.14728961075837396,64833,14834,5919,MPI-ESM1-2-LR,ssp585,2031_2050,central
conservative,lower,codex_primary,0.0,unadjusted,199976,15754.169639889617,5051.996946053838,934.5272533910493,0.32067681518816216,0.059319359557029445,45023,5743,2523,MPI-ESM1-2-LR,ssp585,2031_2050,central
conservative,lower,codex_primary,0.0,restricted,199976,15754.169639889617,5051.996946053838,934.5272533910493,0.32067681518816216,0.059319359557029445,45023,5743,2523,MPI-ESM1-2-LR,ssp585,2031_2050,central
conservative,lower,codex_primary,0.25,unadjusted,199976,15754.169639889617,4359.332322922863,730.3508364470663,0.2767097487566096,0.04635920858677409,45023,5564,2702,MPI-ESM1-2-LR,ssp585,2031_2050,central
conservative,lower,codex_primary,0.25,restricted,199976,15754.169639889617,4323.299502447391,712.2337280099149,0.27442255614036176,0.04520922043435006,45023,5555,2711,MPI-ESM1-2-LR,ssp585,2031_2050,central
conservative,lower,codex_primary,0.5,unadjusted,199976,15754.169639889617,3666.6676997918867,555.2185137872375,0.232742682325057,0.035242639026903846,45023,5421,2845,MPI-ESM1-2-LR,ssp585,2031_2050,central
conservative,lower,codex_primary,0.5,restricted,199976,15754.169639889617,3594.6020588409438,523.9208854937104,0.2281682970925613,0.03325601396135413,45023,5391,2875,MPI-ESM1-2-LR,ssp585,2031_2050,central
conservative,lower,codex_primary,0.75,unadjusted,199976,15754.169639889617,2974.003076660911,402.80094396748865,0.18877561589350442,0.025567894289242332,45023,5269,2997,MPI-ESM1-2-LR,ssp585,2031_2050,central
conservative,lower,codex_primary,0.75,restricted,199976,15754.169639889617,2865.904615234497,365.016972949661,0.18191403804476092,0.0231695469385728,45023,5221,3045,MPI-ESM1-2-LR,ssp585,2031_2050,central
conservative,lower,no_ecology,0.5,unadjusted,199976,15754.169639889617,5051.996946053838,740.3804702045302,0.32067681518816216,0.046995842188336225,45023,5421,2845,MPI-ESM1-2-LR,ssp585,2031_2050,central
conservative,lower,no_ecology,0.5,restricted,199976,15754.169639889617,5051.996946053838,716.6519214155803,0.32067681518816216,0.04548966640558541,45023,5391,2875,MPI-ESM1-2-LR,ssp585,2031_2050,central
conservative,lower,no_maintenance,0.5,unadjusted,199976,15754.169639889617,3666.6676997918867,568.9992377343258,0.232742682325057,0.036117374050208116,45023,5743,2523,MPI-ESM1-2-LR,ssp585,2031_2050,central
conservative,lower,no_maintenance,0.5,restricted,199976,15754.169639889617,3594.6020588409438,538.7034840812765,0.2281682970925613,0.03419434323706134,45023,5743,2523,MPI-ESM1-2-LR,ssp585,2031_2050,central
conservative,lower,no_institutions,0.5,unadjusted,199976,15754.169639889617,3666.6676997918867,684.3218312300013,0.232742682325057,0.04343750555391354,45023,5421,2845,MPI-ESM1-2-LR,ssp585,2031_2050,central
conservative,lower,no_institutions,0.5,restricted,199976,15754.169639889617,3594.6020588409438,663.7469252887832,0.2281682970925613,0.04213150806807193,45023,5391,2875,MPI-ESM1-2-LR,ssp585,2031_2050,central
conservative,upper,codex_primary,0.0,unadjusted,199976,15754.169639889617,5919.01650099331,2288.617792669436,0.3757111060938647,0.14527060740000203,54698,12960,3870,MPI-ESM1-2-LR,ssp585,2031_2050,central
conservative,upper,codex_primary,0.0,restricted,199976,15754.169639889617,5919.01650099331,2288.617792669436,0.3757111060938647,0.14527060740000203,54698,12960,3870,MPI-ESM1-2-LR,ssp585,2031_2050,central
conservative,upper,codex_primary,0.25,unadjusted,199976,15754.169639889617,5114.062913412101,1796.2184517810695,0.32461646854831844,0.1140154316501098,54698,12660,4170,MPI-ESM1-2-LR,ssp585,2031_2050,central
conservative,upper,codex_primary,0.25,restricted,199976,15754.169639889617,5076.068786219374,1751.7521083269828,0.322204781479993,0.11119291897756006,54698,12648,4182,MPI-ESM1-2-LR,ssp585,2031_2050,central
conservative,upper,codex_primary,0.5,unadjusted,199976,15754.169639889617,4309.109325830889,1368.9266253885983,0.273521831002772,0.08689297225303902,54698,12406,4424,MPI-ESM1-2-LR,ssp585,2031_2050,central
conservative,upper,codex_primary,0.5,restricted,199976,15754.169639889617,4233.121071445436,1292.3229624445005,0.2686984568661212,0.08203053489866796,54698,12366,4464,MPI-ESM1-2-LR,ssp585,2031_2050,central
conservative,upper,codex_primary,0.75,unadjusted,199976,15754.169639889617,3504.1557382496794,1001.685215243367,0.2224271934572257,0.06358222858709711,54698,12091,4739,MPI-ESM1-2-LR,ssp585,2031_2050,central
conservative,upper,codex_primary,0.75,restricted,199976,15754.169639889617,3390.1733566714997,907.4452128866376,0.21519213225224948,0.05760032001870685,54698,12024,4806,MPI-ESM1-2-LR,ssp585,2031_2050,central
conservative,upper,no_ecology,0.5,unadjusted,199976,15754.169639889617,5919.01650099331,1823.3655733669207,0.3757111060938647,0.11573860222694012,54698,12406,4424,MPI-ESM1-2-LR,ssp585,2031_2050,central
conservative,upper,no_ecology,0.5,restricted,199976,15754.169639889617,5919.01650099331,1765.2066134995011,0.3757111060938647,0.11204694717962103,54698,12366,4464,MPI-ESM1-2-LR,ssp585,2031_2050,central
conservative,upper,no_maintenance,0.5,unadjusted,199976,15754.169639889617,4309.109325830889,1398.6887824376165,0.273521831002772,0.08878213288348319,54698,12960,3870,MPI-ESM1-2-LR,ssp585,2031_2050,central
conservative,upper,no_maintenance,0.5,restricted,199976,15754.169639889617,4233.121071445436,1323.213864141757,0.2686984568661212,0.08399134288813132,54698,12960,3870,MPI-ESM1-2-LR,ssp585,2031_2050,central
conservative,upper,no_institutions,0.5,unadjusted,199976,15754.169639889617,4309.109325830889,1683.1914843017985,0.273521831002772,0.10684101560262188,54698,12406,4424,MPI-ESM1-2-LR,ssp585,2031_2050,central
conservative,upper,no_institutions,0.5,restricted,199976,15754.169639889617,4233.121071445436,1636.5138162606625,0.2686984568661212,0.10387813852892655,54698,12366,4464,MPI-ESM1-2-LR,ssp585,2031_2050,central
core,lower,codex_primary,0.0,unadjusted,199976,15754.169639889617,6237.879605803737,1377.5950316177607,0.3959510242932387,0.08744320158453067,43158,7097,3188,MPI-ESM1-2-LR,ssp585,2031_2050,historical_error_longer_ice
core,lower,codex_primary,0.0,restricted,199976,15754.169639889617,6237.879605803737,1377.5950316177607,0.3959510242932387,0.08744320158453067,43158,7097,3188,MPI-ESM1-2-LR,ssp585,2031_2050,historical_error_longer_ice
core,lower,codex_primary,0.25,unadjusted,199976,15754.169639889617,5398.694437873539,1073.7867245968569,0.34268352831519755,0.06815889057573843,43158,6896,3389,MPI-ESM1-2-LR,ssp585,2031_2050,historical_error_longer_ice
core,lower,codex_primary,0.25,restricted,199976,15754.169639889617,5346.110979349052,1047.3038858053728,0.33934577966030527,0.0664778855214048,43158,6884,3401,MPI-ESM1-2-LR,ssp585,2031_2050,historical_error_longer_ice
core,lower,codex_primary,0.5,unadjusted,199976,15754.169639889617,4559.509269943342,811.5852337518845,0.28941603233715646,0.05151558300457472,43158,6722,3563,MPI-ESM1-2-LR,ssp585,2031_2050,historical_error_longer_ice
core,lower,codex_primary,0.5,restricted,199976,15754.169639889617,4454.342352894369,766.551786831802,0.28274053502737184,0.0486570732925771,43158,6680,3605,MPI-ESM1-2-LR,ssp585,2031_2050,historical_error_longer_ice
core,lower,codex_primary,0.75,unadjusted,199976,15754.169639889617,3720.3241020131445,586.8766416299438,0.23614853635911537,0.03725214689474779,43158,6543,3742,MPI-ESM1-2-LR,ssp585,2031_2050,historical_error_longer_ice
core,lower,codex_primary,0.75,restricted,199976,15754.169639889617,3562.5737264396853,532.7413796553326,0.22613529039443853,0.0338158971137666,43158,6480,3805,MPI-ESM1-2-LR,ssp585,2031_2050,historical_error_longer_ice
core,lower,no_ecology,0.5,unadjusted,199976,15754.169639889617,6237.879605803737,1080.7494550736271,0.3959510242932387,0.06860085169688446,43158,6722,3563,MPI-ESM1-2-LR,ssp585,2031_2050,historical_error_longer_ice
core,lower,no_ecology,0.5,restricted,199976,15754.169639889617,6237.879605803737,1046.7470279310776,0.3959510242932387,0.06644253882354485,43158,6680,3605,MPI-ESM1-2-LR,ssp585,2031_2050,historical_error_longer_ice
core,lower,no_maintenance,0.5,unadjusted,199976,15754.169639889617,4559.509269943342,834.7304350076397,0.28941603233715646,0.05298473065150315,43158,7097,3188,MPI-ESM1-2-LR,ssp585,2031_2050,historical_error_longer_ice
core,lower,no_maintenance,0.5,restricted,199976,15754.169639889617,4454.342352894369,790.2074416821621,0.28274053502737184,0.05015862211368817,43158,7097,3188,MPI-ESM1-2-LR,ssp585,2031_2050,historical_error_longer_ice
core,lower,no_institutions,0.5,unadjusted,199976,15754.169639889617,4559.509269943342,1005.9804205130506,0.28941603233715646,0.06385486785453322,43158,6722,3563,MPI-ESM1-2-LR,ssp585,2031_2050,historical_error_longer_ice
core,lower,no_institutions,0.5,restricted,199976,15754.169639889617,4454.342352894369,976.4578238507436,0.28274053502737184,0.06198091338170872,43158,6680,3605,MPI-ESM1-2-LR,ssp585,2031_2050,historical_error_longer_ice
core,upper,codex_primary,0.0,unadjusted,199976,15754.169639889617,7262.887302574934,3239.1772823675597,0.46101365343846984,0.2056076173107817,53738,15421,4650,MPI-ESM1-2-LR,ssp585,2031_2050,historical_error_longer_ice
core,upper,codex_primary,0.0,restricted,199976,15754.169639889617,7262.887302574934,3239.1772823675597,0.46101365343846984,0.2056076173107817,53738,15421,4650,MPI-ESM1-2-LR,ssp585,2031_2050,historical_error_longer_ice
core,upper,codex_primary,0.25,unadjusted,199976,15754.169639889617,6291.719934918931,2536.448099564618,0.3993685531345475,0.16100170034619418,53738,15089,4982,MPI-ESM1-2-LR,ssp585,2031_2050,historical_error_longer_ice
core,upper,codex_primary,0.25,restricted,199976,15754.169639889617,6236.93783084069,2473.7448935869934,0.3958912448834333,0.1570215980995572,53738,15071,5000,MPI-ESM1-2-LR,ssp585,2031_2050,historical_error_longer_ice
core,upper,codex_primary,0.5,unadjusted,199976,15754.169639889617,5320.552567262933,1920.5641004142108,0.3377234528306255,0.12190830391665551,53738,14794,5277,MPI-ESM1-2-LR,ssp585,2031_2050,historical_error_longer_ice
core,upper,codex_primary,0.5,restricted,199976,15754.169639889617,5210.9883591064445,1814.637081110029,0.33076883632839665,0.11518455891926929,53738,14738,5333,MPI-ESM1-2-LR,ssp585,2031_2050,historical_error_longer_ice
core,upper,codex_primary,0.75,unadjusted,199976,15754.169639889617,4349.385199606933,1398.4607839291073,0.2760783525267034,0.08876766061907822,53738,14441,5630,MPI-ESM1-2-LR,ssp585,2031_2050,historical_error_longer_ice
core,upper,codex_primary,0.75,restricted,199976,15754.169639889617,4185.038887372202,1269.2012542329853,0.2656464277733603,0.08056287847881001,53738,14352,5719,MPI-ESM1-2-LR,ssp585,2031_2050,historical_error_longer_ice
core,upper,no_ecology,0.5,unadjusted,199976,15754.169639889617,7262.887302574934,2557.7827614407156,0.46101365343846984,0.16235592353686482,53738,14794,5277,MPI-ESM1-2-LR,ssp585,2031_2050,historical_error_longer_ice
core,upper,no_ecology,0.5,restricted,199976,15754.169639889617,7262.887302574934,2475.806332103074,0.46101365343846984,0.15715244844351067,53738,14738,5333,MPI-ESM1-2-LR,ssp585,2031_2050,historical_error_longer_ice
core,upper,no_maintenance,0.5,unadjusted,199976,15754.169639889617,5320.552567262933,1964.5766473806855,0.3377234528306255,0.12470201173956957,53738,15421,4650,MPI-ESM1-2-LR,ssp585,2031_2050,historical_error_longer_ice
core,upper,no_maintenance,0.5,restricted,199976,15754.169639889617,5210.9883591064445,1859.4689001064892,0.33076883632839665,0.11803027024657059,53738,15421,4650,MPI-ESM1-2-LR,ssp585,2031_2050,historical_error_longer_ice
core,upper,no_institutions,0.5,unadjusted,199976,15754.169639889617,5320.552567262933,2379.133085582651,0.3377234528306255,0.1510160890713451,53738,14794,5277,MPI-ESM1-2-LR,ssp585,2031_2050,historical_error_longer_ice
core,upper,no_institutions,0.5,restricted,199976,15754.169639889617,5210.9883591064445,2314.766940425434,0.33076883632839665,0.14693043132939457,53738,14738,5333,MPI-ESM1-2-LR,ssp585,2031_2050,historical_error_longer_ice
conservative,lower,codex_primary,0.0,unadjusted,199976,15754.169639889617,4457.721760741109,927.8753424570752,0.28295504381609177,0.058897127786899754,34713,5654,2130,MPI-ESM1-2-LR,ssp585,2031_2050,historical_error_longer_ice
conservative,lower,codex_primary,0.0,restricted,199976,15754.169639889617,4457.721760741109,927.8753424570752,0.28295504381609177,0.058897127786899754,34713,5654,2130,MPI-ESM1-2-LR,ssp585,2031_2050,historical_error_longer_ice
conservative,lower,codex_primary,0.25,unadjusted,199976,15754.169639889617,3855.9102911708387,725.5430029305659,0.24475490484802573,0.04605403010854271,34713,5487,2297,MPI-ESM1-2-LR,ssp585,2031_2050,historical_error_longer_ice
conservative,lower,codex_primary,0.25,restricted,199976,15754.169639889617,3820.338568158966,707.636881660285,0.2424969805127561,0.04491743442120528,34713,5478,2306,MPI-ESM1-2-LR,ssp585,2031_2050,historical_error_longer_ice
conservative,lower,codex_primary,0.5,unadjusted,199976,15754.169639889617,3254.0988216005676,551.8189075516847,0.20655476587995963,0.035026848140220425,34713,5352,2432,MPI-ESM1-2-LR,ssp585,2031_2050,historical_error_longer_ice
conservative,lower,codex_primary,0.5,restricted,199976,15754.169639889617,3182.955375576822,520.8747360438418,0.20203891720942035,0.03306265883572721,34713,5322,2462,MPI-ESM1-2-LR,ssp585,2031_2050,historical_error_longer_ice
conservative,lower,codex_primary,0.75,unadjusted,199976,15754.169639889617,2652.2873520302965,400.63515641812796,0.16835462691189354,0.025430420363363248,34713,5205,2579,MPI-ESM1-2-LR,ssp585,2031_2050,historical_error_longer_ice
conservative,lower,codex_primary,0.75,restricted,199976,15754.169639889617,2545.5721829946788,363.2801745862377,0.16158085390608468,0.023059303212427707,34713,5157,2627,MPI-ESM1-2-LR,ssp585,2031_2050,historical_error_longer_ice
conservative,lower,no_ecology,0.5,unadjusted,199976,15754.169639889617,4457.721760741109,735.5984366094086,0.28295504381609177,0.04669230136679947,34713,5352,2432,MPI-ESM1-2-LR,ssp585,2031_2050,historical_error_longer_ice
conservative,lower,no_ecology,0.5,restricted,199976,15754.169639889617,4457.721760741109,712.2623800446954,0.28295504381609177,0.04521103912968186,34713,5322,2462,MPI-ESM1-2-LR,ssp585,2031_2050,historical_error_longer_ice
conservative,lower,no_maintenance,0.5,unadjusted,199976,15754.169639889617,3254.0988216005676,565.3848364368868,0.20655476587995963,0.035887948991315304,34713,5654,2130,MPI-ESM1-2-LR,ssp585,2031_2050,historical_error_longer_ice
conservative,lower,no_maintenance,0.5,restricted,199976,15754.169639889617,3182.955375576822,535.4507352887703,0.20203891720942035,0.033987874164627944,34713,5654,2130,MPI-ESM1-2-LR,ssp585,2031_2050,historical_error_longer_ice
conservative,lower,no_institutions,0.5,unadjusted,199976,15754.169639889617,3254.0988216005676,679.8841079101189,0.20655476587995963,0.04315581991631281,34713,5352,2432,MPI-ESM1-2-LR,ssp585,2031_2050,historical_error_longer_ice
conservative,lower,no_institutions,0.5,restricted,199976,15754.169639889617,3182.955375576822,659.4038653248012,0.20203891720942035,0.04185583121151547,34713,5322,2462,MPI-ESM1-2-LR,ssp585,2031_2050,historical_error_longer_ice
conservative,upper,codex_primary,0.0,unadjusted,199976,15754.169639889617,5324.741315680582,2279.9133698499427,0.3379893347217944,0.1447180919061068,44388,12833,3351,MPI-ESM1-2-LR,ssp585,2031_2050,historical_error_longer_ice
conservative,upper,codex_primary,0.0,restricted,199976,15754.169639889617,5324.741315680582,2279.9133698499427,0.3379893347217944,0.1447180919061068,44388,12833,3351,MPI-ESM1-2-LR,ssp585,2031_2050,historical_error_longer_ice
conservative,upper,codex_primary,0.25,unadjusted,199976,15754.169639889617,4610.640881660076,1789.9785426110404,0.2926616246397345,0.11361935179870147,44388,12552,3632,MPI-ESM1-2-LR,ssp585,2031_2050,historical_error_longer_ice
conservative,upper,codex_primary,0.25,restricted,199976,15754.169639889617,4573.1078519309485,1745.754368667028,0.2902792058523873,0.11081221089855295,44388,12540,3644,MPI-ESM1-2-LR,ssp585,2031_2050,historical_error_longer_ice
conservative,upper,codex_primary,0.5,unadjusted,199976,15754.169639889617,3896.54044763957,1364.5522830175455,0.24733391455767464,0.08661530973758808,44388,12314,3870,MPI-ESM1-2-LR,ssp585,2031_2050,historical_error_longer_ice
conservative,upper,codex_primary,0.5,restricted,199976,15754.169639889617,3821.4743881813138,1288.3510935511622,0.2425690769829802,0.081778419491501,44388,12274,3910,MPI-ESM1-2-LR,ssp585,2031_2050,historical_error_longer_ice
conservative,upper,codex_primary,0.75,unadjusted,199976,15754.169639889617,3182.4400136190648,998.8914564356044,0.20200620447561482,0.06340489402287554,44388,12005,4179,MPI-ESM1-2-LR,ssp585,2031_2050,historical_error_longer_ice
conservative,upper,codex_primary,0.75,restricted,199976,15754.169639889617,3069.8409244316804,905.1380552479892,0.19485894811357315,0.05745387258977942,44388,11938,4246,MPI-ESM1-2-LR,ssp585,2031_2050,historical_error_longer_ice
conservative,upper,no_ecology,0.5,unadjusted,199976,15754.169639889617,5324.741315680582,1817.1892110226454,0.3379893347217944,0.1153465560267623,44388,12314,3870,MPI-ESM1-2-LR,ssp585,2031_2050,historical_error_longer_ice
conservative,upper,no_ecology,0.5,restricted,199976,15754.169639889617,5324.741315680582,1759.4929774779855,0.3379893347217944,0.11168427265267873,44388,12274,3910,MPI-ESM1-2-LR,ssp585,2031_2050,historical_error_longer_ice
conservative,upper,no_maintenance,0.5,unadjusted,199976,15754.169639889617,3896.54044763957,1393.904750159208,0.24733391455767464,0.08847846519500692,44388,12833,3351,MPI-ESM1-2-LR,ssp585,2031_2050,historical_error_longer_ice
conservative,upper,no_maintenance,0.5,restricted,199976,15754.169639889617,3821.4743881813138,1318.8434861014186,0.2425690769829802,0.08371393200959967,44388,12833,3351,MPI-ESM1-2-LR,ssp585,2031_2050,historical_error_longer_ice
conservative,upper,no_institutions,0.5,unadjusted,199976,15754.169639889617,3896.54044763957,1677.5553273729392,0.24733391455767464,0.10648325908116178,44388,12314,3870,MPI-ESM1-2-LR,ssp585,2031_2050,historical_error_longer_ice
conservative,upper,no_institutions,0.5,restricted,199976,15754.169639889617,3821.4743881813138,1630.9723226877036,0.2425690769829802,0.10352639078851071,44388,12274,3910,MPI-ESM1-2-LR,ssp585,2031_2050,historical_error_longer_ice
core,lower,codex_primary,0.0,unadjusted,199976,15754.169639889617,7457.168569408348,1385.3800262769028,0.4733457071914961,0.08793735613771198,69502,7215,3725,MPI-ESM1-2-LR,ssp585,2031_2050,historical_error_shorter_ice
core,lower,codex_primary,0.0,restricted,199976,15754.169639889617,7457.168569408348,1385.3800262769028,0.4733457071914961,0.08793735613771198,69502,7215,3725,MPI-ESM1-2-LR,ssp585,2031_2050,historical_error_shorter_ice
core,lower,codex_primary,0.25,unadjusted,199976,15754.169639889617,6431.318217497749,1079.4371624937812,0.4082295902929487,0.06851755358534685,69502,7001,3939,MPI-ESM1-2-LR,ssp585,2031_2050,historical_error_shorter_ice
core,lower,codex_primary,0.25,restricted,199976,15754.169639889617,6377.3681253133245,1052.727805715865,0.4048050942123795,0.06682217024313071,69502,6989,3951,MPI-ESM1-2-LR,ssp585,2031_2050,historical_error_shorter_ice
core,lower,codex_primary,0.5,unadjusted,199976,15754.169639889617,5405.46786558715,815.5872835477246,0.3431134733944013,0.05176961415234825,69502,6819,4121,MPI-ESM1-2-LR,ssp585,2031_2050,historical_error_shorter_ice
core,lower,codex_primary,0.5,restricted,199976,15754.169639889617,5297.567681218302,770.1747996685624,0.3362644812332629,0.04888704497115969,69502,6777,4163,MPI-ESM1-2-LR,ssp585,2031_2050,historical_error_shorter_ice
core,lower,codex_primary,0.75,unadjusted,199976,15754.169639889617,4379.617513676551,589.2922289182668,0.2779973564958539,0.03740547692378383,69502,6625,4315,MPI-ESM1-2-LR,ssp585,2031_2050,historical_error_shorter_ice
core,lower,codex_primary,0.75,restricted,199976,15754.169639889617,4217.767237123278,534.6988008235512,0.26772386825414624,0.033940144929612275,69502,6562,4378,MPI-ESM1-2-LR,ssp585,2031_2050,historical_error_shorter_ice
core,lower,no_ecology,0.5,unadjusted,199976,15754.169639889617,7457.168569408348,1086.4077764872416,0.4733457071914961,0.0689600151147575,69502,6819,4121,MPI-ESM1-2-LR,ssp585,2031_2050,historical_error_shorter_ice
core,lower,no_ecology,0.5,restricted,199976,15754.169639889617,7457.168569408348,1051.9763140156044,0.4733457071914961,0.06677446911273549,69502,6777,4163,MPI-ESM1-2-LR,ssp585,2031_2050,historical_error_shorter_ice
core,lower,no_maintenance,0.5,unadjusted,199976,15754.169639889617,5405.46786558715,838.9530054335207,0.3431134733944013,0.05325275940340826,69502,7215,3725,MPI-ESM1-2-LR,ssp585,2031_2050,historical_error_shorter_ice
core,lower,no_maintenance,0.5,restricted,199976,15754.169639889617,5297.567681218302,794.0421058334614,0.3362644812332629,0.0504020284143027,69502,7215,3725,MPI-ESM1-2-LR,ssp585,2031_2050,historical_error_shorter_ice
core,lower,no_institutions,0.5,unadjusted,199976,15754.169639889617,5405.46786558715,1011.1895766555085,0.3431134733944013,0.0641855203904351,69502,6819,4121,MPI-ESM1-2-LR,ssp585,2031_2050,historical_error_shorter_ice
core,lower,no_institutions,0.5,restricted,199976,15754.169639889617,5297.567681218302,981.5723166373011,0.3362644812332629,0.06230555713656633,69502,6777,4163,MPI-ESM1-2-LR,ssp585,2031_2050,historical_error_shorter_ice
core,upper,codex_primary,0.0,unadjusted,199976,15754.169639889617,8482.176266179547,3251.609639488061,0.5384083363367274,0.20639676440038918,80082,15595,5384,MPI-ESM1-2-LR,ssp585,2031_2050,historical_error_shorter_ice
core,upper,codex_primary,0.0,restricted,199976,15754.169639889617,8482.176266179547,3251.609639488061,0.5384083363367274,0.20639676440038918,80082,15595,5384,MPI-ESM1-2-LR,ssp585,2031_2050,historical_error_shorter_ice
core,upper,codex_primary,0.25,unadjusted,199976,15754.169639889617,7324.3437145431435,2545.5749382725076,0.46491461511229876,0.16158102879805877,80082,15242,5737,MPI-ESM1-2-LR,ssp585,2031_2050,historical_error_shorter_ice
core,upper,codex_primary,0.25,restricted,199976,15754.169639889617,7268.194976804961,2482.6120518175376,0.4613505594355074,0.15758444326583576,80082,15224,5755,MPI-ESM1-2-LR,ssp585,2031_2050,historical_error_shorter_ice
core,upper,codex_primary,0.5,unadjusted,199976,15754.169639889617,6166.511162906741,1927.0743842865888,0.3914208938878703,0.12232154587235301,80082,14930,6049,MPI-ESM1-2-LR,ssp585,2031_2050,historical_error_shorter_ice
core,upper,codex_primary,0.5,restricted,199976,15754.169639889617,6054.213687430378,1820.7160499115416,0.38429278253428767,0.11557042303908432,80082,14874,6105,MPI-ESM1-2-LR,ssp585,2031_2050,historical_error_shorter_ice
core,upper,codex_primary,0.75,unadjusted,199976,15754.169639889617,5008.67861127034,1402.5043431548725,0.3179271726634419,0.08902432658867188,80082,14556,6423,MPI-ESM1-2-LR,ssp585,2031_2050,historical_error_shorter_ice
core,upper,codex_primary,0.75,restricted,199976,15754.169639889617,4840.232398055796,1272.72519153933,0.30723500563306805,0.08078656131242773,80082,14467,6512,MPI-ESM1-2-LR,ssp585,2031_2050,historical_error_shorter_ice
core,upper,no_ecology,0.5,unadjusted,199976,15754.169639889617,8482.176266179547,2567.0725780939165,0.5384083363367274,0.16294559705603773,80082,14930,6049,MPI-ESM1-2-LR,ssp585,2031_2050,historical_error_shorter_ice
core,upper,no_ecology,0.5,restricted,199976,15754.169639889617,8482.176266179547,2484.5922201575863,0.5384083363367274,0.15771013496430744,80082,14874,6105,MPI-ESM1-2-LR,ssp585,2031_2050,historical_error_shorter_ice
core,upper,no_maintenance,0.5,unadjusted,199976,15754.169639889617,6166.511162906741,1971.5284060226209,0.3914208938878703,0.1251432764206565,80082,15595,5384,MPI-ESM1-2-LR,ssp585,2031_2050,historical_error_shorter_ice
core,upper,no_maintenance,0.5,restricted,199976,15754.169639889617,6054.213687430378,1865.9769179808313,0.38429278253428767,0.11844336836745561,80082,15595,5384,MPI-ESM1-2-LR,ssp585,2031_2050,historical_error_shorter_ice
core,upper,no_institutions,0.5,unadjusted,199976,15754.169639889617,6166.511162906741,2387.286074475808,0.3914208938878703,0.15153360215388254,80082,14930,6049,MPI-ESM1-2-LR,ssp585,2031_2050,historical_error_shorter_ice
core,upper,no_institutions,0.5,restricted,199976,15754.169639889617,6054.213687430378,2322.82526596269,0.38429278253428767,0.1474419356308877,80082,14874,6105,MPI-ESM1-2-LR,ssp585,2031_2050,historical_error_shorter_ice
conservative,lower,codex_primary,0.0,unadjusted,199976,15754.169639889617,5599.894662706956,935.4975037690871,0.3554547647200651,0.05938094645117975,59815,5769,2631,MPI-ESM1-2-LR,ssp585,2031_2050,historical_error_shorter_ice
conservative,lower,codex_primary,0.0,restricted,199976,15754.169639889617,5599.894662706956,935.4975037690871,0.3554547647200651,0.05938094645117975,59815,5769,2631,MPI-ESM1-2-LR,ssp585,2031_2050,historical_error_shorter_ice
conservative,lower,codex_primary,0.25,unadjusted,199976,15754.169639889617,4823.047338900697,731.070731292589,0.30614417955032824,0.04640490409862765,59815,5589,2811,MPI-ESM1-2-LR,ssp585,2031_2050,historical_error_shorter_ice
conservative,lower,codex_primary,0.25,restricted,199976,15754.169639889617,4786.156701714005,712.9428338303948,0.30380253679606434,0.04525423111004345,59815,5580,2820,MPI-ESM1-2-LR,ssp585,2031_2050,historical_error_shorter_ice
conservative,lower,codex_primary,0.5,unadjusted,199976,15754.169639889617,4046.2000150944377,555.7327677550071,0.2568335943805914,0.03527528143075784,59815,5446,2954,MPI-ESM1-2-LR,ssp585,2031_2050,historical_error_shorter_ice
conservative,lower,codex_primary,0.5,restricted,199976,15754.169639889617,3972.418740721054,524.4173693025862,0.2521503088720636,0.033287528399767854,59815,5416,2984,MPI-ESM1-2-LR,ssp585,2031_2050,historical_error_shorter_ice
conservative,lower,codex_primary,0.75,unadjusted,199976,15754.169639889617,3269.3526912881784,402.9954086473298,0.2075230092108546,0.025580237985183548,59815,5285,3115,MPI-ESM1-2-LR,ssp585,2031_2050,historical_error_shorter_ice
conservative,lower,codex_primary,0.75,restricted,199976,15754.169639889617,3158.680779728104,365.1904942279485,0.20049808094806296,0.02318056124667369,59815,5237,3163,MPI-ESM1-2-LR,ssp585,2031_2050,historical_error_shorter_ice
conservative,lower,no_ecology,0.5,unadjusted,199976,15754.169639889617,5599.894662706956,741.1316297243649,0.3554547647200651,0.04704352223349283,59815,5446,2954,MPI-ESM1-2-LR,ssp585,2031_2050,historical_error_shorter_ice
conservative,lower,no_ecology,0.5,restricted,199976,15754.169639889617,5599.894662706956,717.3776949941378,0.3554547647200651,0.045535735071541614,59815,5416,2984,MPI-ESM1-2-LR,ssp585,2031_2050,historical_error_shorter_ice
conservative,lower,no_maintenance,0.5,unadjusted,199976,15754.169639889617,4046.2000150944377,569.5192172702499,0.2568335943805914,0.03615037988598429,59815,5769,2631,MPI-ESM1-2-LR,ssp585,2031_2050,historical_error_shorter_ice
conservative,lower,no_maintenance,0.5,restricted,199976,15754.169639889617,3972.418740721054,539.2050198620532,0.2521503088720636,0.034226178350700506,59815,5769,2631,MPI-ESM1-2-LR,ssp585,2031_2050,historical_error_shorter_ice
conservative,lower,no_institutions,0.5,unadjusted,199976,15754.169639889617,4046.2000150944377,684.978577151278,0.2568335943805914,0.0434791926714379,59815,5446,2954,MPI-ESM1-2-LR,ssp585,2031_2050,historical_error_shorter_ice
conservative,lower,no_institutions,0.5,restricted,199976,15754.169639889617,3972.418740721054,664.40367121006,0.2521503088720636,0.04217319518559629,59815,5416,2984,MPI-ESM1-2-LR,ssp585,2031_2050,historical_error_shorter_ice
conservative,upper,codex_primary,0.0,unadjusted,199976,15754.169639889617,6466.914217646429,2292.135417881751,0.4104890556257677,0.14549388957181567,69490,13000,4044,MPI-ESM1-2-LR,ssp585,2031_2050,historical_error_shorter_ice
conservative,upper,codex_primary,0.0,restricted,199976,15754.169639889617,6466.914217646429,2292.135417881751,0.4104890556257677,0.14549388957181567,69490,13000,4044,MPI-ESM1-2-LR,ssp585,2031_2050,historical_error_shorter_ice
conservative,upper,codex_primary,0.25,unadjusted,199976,15754.169639889617,5577.777929389935,1798.946277807366,0.35405089934203704,0.11418858111394378,69490,12698,4346,MPI-ESM1-2-LR,ssp585,2031_2050,historical_error_shorter_ice
conservative,upper,codex_primary,0.25,restricted,199976,15754.169639889617,5538.925985485988,1754.467745071612,0.3515847621356956,0.11136529472358181,69490,12686,4358,MPI-ESM1-2-LR,ssp585,2031_2050,historical_error_shorter_ice
conservative,upper,codex_primary,0.5,unadjusted,199976,15754.169639889617,4688.64164113344,1370.9475359528867,0.29761274305830643,0.08702125007475116,69490,12443,4601,MPI-ESM1-2-LR,ssp585,2031_2050,historical_error_shorter_ice
conservative,upper,codex_primary,0.5,restricted,199976,15754.169639889617,4610.9377533255465,1294.3237965448657,0.29268046864562347,0.08215753836163049,69490,12403,4641,MPI-ESM1-2-LR,ssp585,2031_2050,historical_error_shorter_ice
conservative,upper,codex_primary,0.75,unadjusted,199976,15754.169639889617,3799.5053528769477,1002.8608627571172,0.2411745867745759,0.0636568531176578,69490,12114,4930,MPI-ESM1-2-LR,ssp585,2031_2050,historical_error_shorter_ice
conservative,upper,codex_primary,0.75,restricted,199976,15754.169639889617,3682.9495211651065,908.5971988536215,0.2337761751555515,0.05767344262645554,69490,12047,4997,MPI-ESM1-2-LR,ssp585,2031_2050,historical_error_shorter_ice
conservative,upper,no_ecology,0.5,unadjusted,199976,15754.169639889617,6466.914217646429,1826.317337729718,0.4104890556257677,0.11592596623470879,69490,12443,4601,MPI-ESM1-2-LR,ssp585,2031_2050,historical_error_shorter_ice
conservative,upper,no_ecology,0.5,restricted,199976,15754.169639889617,6466.914217646429,1768.1296971995516,0.4104890556257677,0.11223249067489033,69490,12403,4641,MPI-ESM1-2-LR,ssp585,2031_2050,historical_error_shorter_ice
conservative,upper,no_maintenance,0.5,unadjusted,199976,15754.169639889617,4688.64164113344,1400.7414778641066,0.29761274305830643,0.08891242825755945,69490,13000,4044,MPI-ESM1-2-LR,ssp585,2031_2050,historical_error_shorter_ice
conservative,upper,no_maintenance,0.5,restricted,199976,15754.169639889617,4610.9377533255465,1325.2452381679516,0.29268046864562347,0.08412028488079916,69490,13000,4044,MPI-ESM1-2-LR,ssp585,2031_2050,historical_error_shorter_ice
conservative,upper,no_institutions,0.5,unadjusted,199976,15754.169639889617,4688.64164113344,1685.5589321916987,0.29761274305830643,0.1069912899708695,69490,12443,4601,MPI-ESM1-2-LR,ssp585,2031_2050,historical_error_shorter_ice
conservative,upper,no_institutions,0.5,restricted,199976,15754.169639889617,4610.9377533255465,1638.8812641505626,0.29268046864562347,0.10402841289717417,69490,12403,4641,MPI-ESM1-2-LR,ssp585,2031_2050,historical_error_shorter_ice
core,lower,codex_primary,0.0,unadjusted,199976,15540.34111921807,8104.889260327266,1458.887541337326,0.5215386971335075,0.09387744645664069,80154,7677,3491,MPI-ESM1-2-LR,ssp585,2081_2100,central
core,lower,codex_primary,0.0,restricted,199976,15540.34111921807,8104.889260327266,1458.887541337326,0.5215386971335075,0.09387744645664069,80154,7677,3491,MPI-ESM1-2-LR,ssp585,2081_2100,central
core,lower,codex_primary,0.25,unadjusted,199976,15540.34111921807,6983.377345302518,1140.0435917133843,0.44937091739038315,0.07336026815418753,80154,7515,3653,MPI-ESM1-2-LR,ssp585,2081_2100,central
core,lower,codex_primary,0.25,restricted,199976,15540.34111921807,6927.475841808486,1112.6975080043258,0.4457737310052721,0.07160058453467927,80154,7504,3664,MPI-ESM1-2-LR,ssp585,2081_2100,central
core,lower,codex_primary,0.5,unadjusted,199976,15540.34111921807,5861.865430277769,848.7122009800013,0.3772031376472587,0.0546134859247353,80154,7276,3892,MPI-ESM1-2-LR,ssp585,2081_2100,central
core,lower,codex_primary,0.5,restricted,199976,15540.34111921807,5750.062423289704,802.5417735264939,0.3700087648770367,0.05164248116368727,80154,7247,3921,MPI-ESM1-2-LR,ssp585,2081_2100,central
core,lower,codex_primary,0.75,unadjusted,199976,15540.34111921807,4740.353515253019,611.633514708895,0.30503535790413433,0.03935779208556202,80154,7009,4159,MPI-ESM1-2-LR,ssp585,2081_2100,central
core,lower,codex_primary,0.75,restricted,199976,15540.34111921807,4572.649004770923,556.0869073134677,0.2942437987488013,0.035783442785935954,80154,6964,4204,MPI-ESM1-2-LR,ssp585,2081_2100,central
core,lower,no_ecology,0.5,unadjusted,199976,15540.34111921807,8104.889260327266,1131.4722909567383,0.5215386971335075,0.07280871650606789,80154,7276,3892,MPI-ESM1-2-LR,ssp585,2081_2100,central
core,lower,no_ecology,0.5,restricted,199976,15540.34111921807,8104.889260327266,1096.7462316282733,0.5215386971335075,0.07057414140491257,80154,7247,3921,MPI-ESM1-2-LR,ssp585,2081_2100,central
core,lower,no_maintenance,0.5,unadjusted,199976,15540.34111921807,5861.865430277769,887.1007958838653,0.3772031376472587,0.05708374025244697,80154,7677,3491,MPI-ESM1-2-LR,ssp585,2081_2100,central
core,lower,no_maintenance,0.5,restricted,199976,15540.34111921807,5750.062423289704,840.9055273422947,0.3700087648770367,0.05411113700087208,80154,7677,3491,MPI-ESM1-2-LR,ssp585,2081_2100,central
core,lower,no_institutions,0.5,unadjusted,199976,15540.34111921807,5861.865430277769,1048.179817269916,0.3772031376472587,0.0674489581167351,80154,7276,3892,MPI-ESM1-2-LR,ssp585,2081_2100,central
core,lower,no_institutions,0.5,restricted,199976,15540.34111921807,5750.062423289704,1018.1891882848013,0.3700087648770367,0.06551910157400925,80154,7247,3921,MPI-ESM1-2-LR,ssp585,2081_2100,central
core,upper,codex_primary,0.0,unadjusted,199976,15540.34111921807,9075.01470872627,3368.1174299738504,0.5839649618439579,0.21673381582394255,90200,16383,4652,MPI-ESM1-2-LR,ssp585,2081_2100,central
core,upper,codex_primary,0.0,restricted,199976,15540.34111921807,9075.01470872627,3368.1174299738504,0.5839649618439579,0.21673381582394255,90200,16383,4652,MPI-ESM1-2-LR,ssp585,2081_2100,central
core,upper,codex_primary,0.25,unadjusted,199976,15540.34111921807,7829.569399059626,2638.4977265776015,0.5038222352389122,0.16978377156178928,90200,16013,5022,MPI-ESM1-2-LR,ssp585,2081_2100,central
core,upper,codex_primary,0.25,restricted,199976,15540.34111921807,7771.911094289393,2575.5239623194348,0.5001120010601444,0.16573149473111598,90200,15989,5046,MPI-ESM1-2-LR,ssp585,2081_2100,central
core,upper,codex_primary,0.5,unadjusted,199976,15540.34111921807,6584.124089392984,1977.5113759214908,0.4236795086338666,0.12725019101903676,90200,15452,5583,MPI-ESM1-2-LR,ssp585,2081_2100,central
core,upper,codex_primary,0.5,restricted,199976,15540.34111921807,6468.807479852517,1870.1921430153884,0.4162590402763309,0.12034434306609926,90200,15401,5634,MPI-ESM1-2-LR,ssp585,2081_2100,central
core,upper,codex_primary,0.75,unadjusted,199976,15540.34111921807,5338.6787797263405,1424.5122984959323,0.3435367820288209,0.09166544592346813,90200,14942,6093,MPI-ESM1-2-LR,ssp585,2081_2100,central
core,upper,codex_primary,0.75,restricted,199976,15540.34111921807,5165.70386541564,1294.013529586703,0.3324060794925175,0.08326802607868448,90200,14870,6165,MPI-ESM1-2-LR,ssp585,2081_2100,central
core,upper,no_ecology,0.5,unadjusted,199976,15540.34111921807,9075.01470872627,2635.337821515693,0.5839649618439579,0.1695804359311447,90200,15452,5583,MPI-ESM1-2-LR,ssp585,2081_2100,central
core,upper,no_ecology,0.5,restricted,199976,15540.34111921807,9075.01470872627,2552.2913060395067,0.5839649618439579,0.16423650462107284,90200,15401,5634,MPI-ESM1-2-LR,ssp585,2081_2100,central
core,upper,no_maintenance,0.5,unadjusted,199976,15540.34111921807,6584.124089392984,2050.5447786615596,0.4236795086338666,0.13194979202391763,90200,16383,4652,MPI-ESM1-2-LR,ssp585,2081_2100,central
core,upper,no_maintenance,0.5,restricted,199976,15540.34111921807,6468.807479852517,1943.7727065276088,0.4162590402763309,0.12507915312900236,90200,16383,4652,MPI-ESM1-2-LR,ssp585,2081_2100,central
core,upper,no_institutions,0.5,unadjusted,199976,15540.34111921807,6584.124089392984,2441.979422227548,0.4236795086338666,0.15713808361694567,90200,15452,5583,MPI-ESM1-2-LR,ssp585,2081_2100,central
core,upper,no_institutions,0.5,restricted,199976,15540.34111921807,6468.807479852517,2376.968900649557,0.4162590402763309,0.15295474419863678,90200,15401,5634,MPI-ESM1-2-LR,ssp585,2081_2100,central
conservative,lower,codex_primary,0.0,unadjusted,199976,15540.34111921807,6240.135757414362,1005.3694868600793,0.4015443232257917,0.06469417107046525,70272,6223,2393,MPI-ESM1-2-LR,ssp585,2081_2100,central
conservative,lower,codex_primary,0.0,restricted,199976,15540.34111921807,6240.135757414362,1005.3694868600793,0.4015443232257917,0.06469417107046525,70272,6223,2393,MPI-ESM1-2-LR,ssp585,2081_2100,central
conservative,lower,codex_primary,0.25,unadjusted,199976,15540.34111921807,5368.67793963084,788.533429331598,0.34546718752470806,0.05074106310037511,70272,6093,2523,MPI-ESM1-2-LR,ssp585,2081_2100,central
conservative,lower,codex_primary,0.25,restricted,199976,15540.34111921807,5329.825284469396,769.6600092681067,0.34296707154505324,0.049526583963868165,70272,6083,2533,MPI-ESM1-2-LR,ssp585,2081_2100,central
conservative,lower,codex_primary,0.5,unadjusted,199976,15540.34111921807,4497.220121847315,585.3431843235571,0.28939005182362415,0.03766604476910024,70272,5874,2742,MPI-ESM1-2-LR,ssp585,2081_2100,central
conservative,lower,codex_primary,0.5,restricted,199976,15540.34111921807,4419.51481152443,553.2234495820471,0.2843898198643147,0.03559918314134685,70272,5849,2767,MPI-ESM1-2-LR,ssp585,2081_2100,central
conservative,lower,codex_primary,0.75,unadjusted,199976,15540.34111921807,3625.7623040637914,420.7756484824419,0.2333129161225404,0.027076345702739226,70272,5637,2979,MPI-ESM1-2-LR,ssp585,2081_2100,central
conservative,lower,codex_primary,0.75,restricted,199976,15540.34111921807,3509.204338579463,382.26776959741983,0.2258125681835762,0.024598415611655124,70272,5601,3015,MPI-ESM1-2-LR,ssp585,2081_2100,central
conservative,lower,no_ecology,0.5,unadjusted,199976,15540.34111921807,6240.135757414362,781.6046148214014,0.4015443232257917,0.05029520322786381,70272,5874,2742,MPI-ESM1-2-LR,ssp585,2081_2100,central
conservative,lower,no_ecology,0.5,restricted,199976,15540.34111921807,6240.135757414362,757.3462166006109,0.4015443232257917,0.048734208006800665,70272,5849,2767,MPI-ESM1-2-LR,ssp585,2081_2100,central
conservative,lower,no_maintenance,0.5,unadjusted,199976,15540.34111921807,4497.220121847315,615.2064351806364,0.28939005182362415,0.03958770470101439,70272,6223,2393,MPI-ESM1-2-LR,ssp585,2081_2100,central
conservative,lower,no_maintenance,0.5,restricted,199976,15540.34111921807,4419.51481152443,583.6704143569142,0.2843898198643147,0.03755840427692505,70272,6223,2393,MPI-ESM1-2-LR,ssp585,2081_2100,central
conservative,lower,no_institutions,0.5,unadjusted,199976,15540.34111921807,4497.220121847315,717.9184443211757,0.28939005182362415,0.046197084015958755,70272,5874,2742,MPI-ESM1-2-LR,ssp585,2081_2100,central
conservative,lower,no_institutions,0.5,restricted,199976,15540.34111921807,4419.51481152443,696.836031790032,0.2843898198643147,0.04484045919225576,70272,5849,2767,MPI-ESM1-2-LR,ssp585,2081_2100,central
conservative,upper,codex_primary,0.0,unadjusted,199976,15540.34111921807,7052.46530313204,2405.6737426350182,0.45381663433440084,0.1548018620813944,79453,13785,3313,MPI-ESM1-2-LR,ssp585,2081_2100,central
conservative,upper,codex_primary,0.0,restricted,199976,15540.34111921807,7052.46530313204,2405.6737426350182,0.45381663433440084,0.1548018620813944,79453,13785,3313,MPI-ESM1-2-LR,ssp585,2081_2100,central
conservative,upper,codex_primary,0.25,unadjusted,199976,15540.34111921807,6076.706649851512,1890.3299854785278,0.3910278804843422,0.1216401860793672,79453,13461,3637,MPI-ESM1-2-LR,ssp585,2081_2100,central
conservative,upper,codex_primary,0.25,restricted,199976,15540.34111921807,6036.348737649898,1844.8613501022044,0.3884309032434948,0.11871434069235094,79453,13439,3659,MPI-ESM1-2-LR,ssp585,2081_2100,central
conservative,upper,codex_primary,0.5,unadjusted,199976,15540.34111921807,5100.947996570984,1418.990255831161,0.32823912663428356,0.09131010992264237,79453,12931,4167,MPI-ESM1-2-LR,ssp585,2081_2100,central
conservative,upper,codex_primary,0.5,restricted,199976,15540.34111921807,5020.2321721677545,1341.3235017944326,0.3230451721525887,0.08631235900836666,79453,12887,4211,MPI-ESM1-2-LR,ssp585,2081_2100,central
conservative,upper,codex_primary,0.75,unadjusted,199976,15540.34111921807,4125.189343290455,1021.1010401507601,0.2654503727842249,0.06570647531591237,79453,12459,4639,MPI-ESM1-2-LR,ssp585,2081_2100,central
conservative,upper,codex_primary,0.75,restricted,199976,15540.34111921807,4004.115606685612,926.3202671488903,0.25765944106168265,0.05960746035383676,79453,12401,4697,MPI-ESM1-2-LR,ssp585,2081_2100,central
conservative,upper,no_ecology,0.5,unadjusted,199976,15540.34111921807,7052.46530313204,1891.5302222297848,0.45381663433440084,0.12171741969618742,79453,12931,4167,MPI-ESM1-2-LR,ssp585,2081_2100,central
conservative,upper,no_ecology,0.5,restricted,199976,15540.34111921807,7052.46530313204,1832.4796382978084,0.45381663433440084,0.11791759423039046,79453,12887,4211,MPI-ESM1-2-LR,ssp585,2081_2100,central
conservative,upper,no_maintenance,0.5,unadjusted,199976,15540.34111921807,5100.947996570984,1476.8955775322852,0.32823912663428356,0.09503623930789216,79453,13785,3313,MPI-ESM1-2-LR,ssp585,2081_2100,central
conservative,upper,no_maintenance,0.5,restricted,199976,15540.34111921807,5020.2321721677545,1399.992130151314,0.3230451721525887,0.0900876061478473,79453,13785,3313,MPI-ESM1-2-LR,ssp585,2081_2100,central
conservative,upper,no_institutions,0.5,unadjusted,199976,15540.34111921807,5100.947996570984,1737.801815333927,0.32823912663428356,0.11182520396446526,79453,12931,4167,MPI-ESM1-2-LR,ssp585,2081_2100,central
conservative,upper,no_institutions,0.5,restricted,199976,15540.34111921807,5020.2321721677545,1690.4761605166825,0.3230451721525887,0.10877986188000362,79453,12887,4211,MPI-ESM1-2-LR,ssp585,2081_2100,central
core,lower,codex_primary,0.0,unadjusted,199976,15540.34111921807,7546.03037490569,1458.2781185719955,0.48557688129341253,0.09383823092329716,63315,7654,3411,MPI-ESM1-2-LR,ssp585,2081_2100,historical_error_longer_ice
core,lower,codex_primary,0.0,restricted,199976,15540.34111921807,7546.03037490569,1458.2781185719955,0.48557688129341253,0.09383823092329716,63315,7654,3411,MPI-ESM1-2-LR,ssp585,2081_2100,historical_error_longer_ice
core,lower,codex_primary,0.25,unadjusted,199976,15540.34111921807,6509.624853060441,1139.6317810652704,0.41888558321350283,0.07333376869417216,63315,7494,3571,MPI-ESM1-2-LR,ssp585,2081_2100,historical_error_longer_ice
core,lower,codex_primary,0.25,restricted,199976,15540.34111921807,6454.133102973471,1112.30075750374,0.41531476390771904,0.0715750541748537,63315,7483,3582,MPI-ESM1-2-LR,ssp585,2081_2100,historical_error_longer_ice
core,lower,codex_primary,0.5,unadjusted,199976,15540.34111921807,5473.21933121519,848.4549978193306,0.3521942851335931,0.05459693524809973,63315,7257,3808,MPI-ESM1-2-LR,ssp585,2081_2100,historical_error_longer_ice
core,lower,codex_primary,0.5,restricted,199976,15540.34111921807,5362.235831041254,802.3069378563873,0.34505264652202566,0.051627369804914315,63315,7228,3837,MPI-ESM1-2-LR,ssp585,2081_2100,historical_error_longer_ice
core,lower,codex_primary,0.75,unadjusted,199976,15540.34111921807,4436.813809369942,611.5149864819651,0.2855029870536835,0.03935016495395528,63315,6996,4069,MPI-ESM1-2-LR,ssp585,2081_2100,historical_error_longer_ice
core,lower,codex_primary,0.75,restricted,199976,15540.34111921807,4270.3385591090355,555.9912329412367,0.2747905291363323,0.03577728626906821,63315,6951,4114,MPI-ESM1-2-LR,ssp585,2081_2100,historical_error_longer_ice
core,lower,no_ecology,0.5,unadjusted,199976,15540.34111921807,7546.03037490569,1131.1018244207203,0.48557688129341253,0.07278487748392701,63315,7257,3808,MPI-ESM1-2-LR,ssp585,2081_2100,historical_error_longer_ice
core,lower,no_ecology,0.5,restricted,199976,15540.34111921807,7546.03037490569,1096.4077186502038,0.48557688129341253,0.07055235855114683,63315,7228,3837,MPI-ESM1-2-LR,ssp585,2081_2100,historical_error_longer_ice
core,lower,no_maintenance,0.5,unadjusted,199976,15540.34111921807,5473.21933121519,886.8059998913238,0.3521942851335931,0.057064770527762036,63315,7654,3411,MPI-ESM1-2-LR,ssp585,2081_2100,historical_error_longer_ice
core,lower,no_maintenance,0.5,restricted,199976,15540.34111921807,5362.235831041254,840.6375215264195,0.34505264652202566,0.054093891187937906,63315,7654,3411,MPI-ESM1-2-LR,ssp585,2081_2100,historical_error_longer_ice
core,lower,no_institutions,0.5,unadjusted,199976,15540.34111921807,5473.21933121519,1047.8146688243664,0.3521942851335931,0.06742546130654617,63315,7257,3808,MPI-ESM1-2-LR,ssp585,2081_2100,historical_error_longer_ice
core,lower,no_institutions,0.5,restricted,199976,15540.34111921807,5362.235831041254,1017.8240398392519,0.34505264652202566,0.06549560476382033,63315,7228,3837,MPI-ESM1-2-LR,ssp585,2081_2100,historical_error_longer_ice
core,upper,codex_primary,0.0,unadjusted,199976,15540.34111921807,8516.155823304694,3367.066584342078,0.5480031460038629,0.21666619532425654,73361,16352,4520,MPI-ESM1-2-LR,ssp585,2081_2100,historical_error_longer_ice
core,upper,codex_primary,0.0,restricted,199976,15540.34111921807,8516.155823304694,3367.066584342078,0.5480031460038629,0.21666619532425654,73361,16352,4520,MPI-ESM1-2-LR,ssp585,2081_2100,historical_error_longer_ice
core,upper,codex_primary,0.25,unadjusted,199976,15540.34111921807,7355.81690681755,2637.7397880767644,0.4733369010620319,0.16973499924109037,73361,15984,4888,MPI-ESM1-2-LR,ssp585,2081_2100,historical_error_longer_ice
core,upper,codex_primary,0.25,restricted,199976,15540.34111921807,7298.568355454379,2574.7834135824296,0.46965303396259134,0.1656838414182753,73361,15960,4912,MPI-ESM1-2-LR,ssp585,2081_2100,historical_error_longer_ice
core,upper,codex_primary,0.5,unadjusted,199976,15540.34111921807,6195.477990330406,1977.0145506264544,0.398670656120201,0.1272182209811061,73361,15426,5446,MPI-ESM1-2-LR,ssp585,2081_2100,historical_error_longer_ice
core,upper,codex_primary,0.5,restricted,199976,15540.34111921807,6080.980887604065,1869.7215222260047,0.3913029219213199,0.12031405925277926,73361,15375,5497,MPI-ESM1-2-LR,ssp585,2081_2100,historical_error_longer_ice
core,upper,codex_primary,0.75,unadjusted,199976,15540.34111921807,5035.139073843263,1424.2698537900844,0.32400441117837003,0.0916498449335035,73361,14924,5948,MPI-ESM1-2-LR,ssp585,2081_2100,historical_error_longer_ice
core,upper,codex_primary,0.75,restricted,199976,15540.34111921807,4863.393419753751,1293.7973535537021,0.31295280988004837,0.08325411544240291,73361,14852,6020,MPI-ESM1-2-LR,ssp585,2081_2100,historical_error_longer_ice
core,upper,no_ecology,0.5,unadjusted,199976,15540.34111921807,8516.155823304694,2634.622534051755,0.5480031460038629,0.16953440814716936,73361,15426,5446,MPI-ESM1-2-LR,ssp585,2081_2100,historical_error_longer_ice
core,upper,no_ecology,0.5,restricted,199976,15540.34111921807,8516.155823304694,2551.613453583643,0.5480031460038629,0.16419288572939836,73361,15375,5497,MPI-ESM1-2-LR,ssp585,2081_2100,historical_error_longer_ice
core,upper,no_maintenance,0.5,unadjusted,199976,15540.34111921807,6195.477990330406,2049.989165524985,0.398670656120201,0.13191403906764002,73361,16352,4520,MPI-ESM1-2-LR,ssp585,2081_2100,historical_error_longer_ice
core,upper,no_maintenance,0.5,restricted,199976,15540.34111921807,6080.980887604065,1943.2477205827886,0.3913029219213199,0.12504537099122348,73361,16352,4520,MPI-ESM1-2-LR,ssp585,2081_2100,historical_error_longer_ice
core,upper,no_institutions,0.5,unadjusted,199976,15540.34111921807,6195.477990330406,2441.332868683905,0.398670656120201,0.1570964787680763,73361,15426,5446,MPI-ESM1-2-LR,ssp585,2081_2100,historical_error_longer_ice
core,upper,no_institutions,0.5,restricted,199976,15540.34111921807,6080.980887604065,2376.3223471059137,0.3913029219213199,0.15291313934976744,73361,15375,5497,MPI-ESM1-2-LR,ssp585,2081_2100,historical_error_longer_ice
conservative,lower,codex_primary,0.0,unadjusted,199976,15540.34111921807,5694.811137096906,1004.7755210369011,0.36645341909865664,0.06465595017051064,53693,6201,2313,MPI-ESM1-2-LR,ssp585,2081_2100,historical_error_longer_ice
conservative,lower,codex_primary,0.0,restricted,199976,15540.34111921807,5694.811137096906,1004.7755210369011,0.36645341909865664,0.06465595017051064,53693,6201,2313,MPI-ESM1-2-LR,ssp585,2081_2100,historical_error_longer_ice
conservative,lower,codex_primary,0.25,unadjusted,199976,15540.34111921807,4906.358351798633,788.1323757491633,0.3157175453331041,0.050715255843033845,53693,6073,2441,MPI-ESM1-2-LR,ssp585,2081_2100,historical_error_longer_ice
conservative,lower,codex_primary,0.25,restricted,199976,15540.34111921807,4867.915450044252,769.273523143169,0.31324379643277656,0.04950171410277742,53693,6063,2451,MPI-ESM1-2-LR,ssp585,2081_2100,historical_error_longer_ice
conservative,lower,codex_primary,0.5,unadjusted,199976,15540.34111921807,4117.905566500358,585.0859811628865,0.2649816715675515,0.037649494092464666,53693,5855,2659,MPI-ESM1-2-LR,ssp585,2081_2100,historical_error_longer_ice
conservative,lower,codex_primary,0.5,restricted,199976,15540.34111921807,4041.019762991599,552.9886139119405,0.2600341737668965,0.035584071782573896,53693,5830,2684,MPI-ESM1-2-LR,ssp585,2081_2100,historical_error_longer_ice
conservative,lower,codex_primary,0.75,unadjusted,199976,15540.34111921807,3329.452781202084,420.6571202555119,0.21424579780199893,0.027068718571132484,53693,5624,2890,MPI-ESM1-2-LR,ssp585,2081_2100,historical_error_longer_ice
conservative,lower,codex_primary,0.75,restricted,199976,15540.34111921807,3214.1240759389448,382.17209522518885,0.20682455110101644,0.024592259094787378,53693,5588,2926,MPI-ESM1-2-LR,ssp585,2081_2100,historical_error_longer_ice
conservative,lower,no_ecology,0.5,unadjusted,199976,15540.34111921807,5694.811137096906,781.2341482853834,0.36645341909865664,0.050271364205722924,53693,5855,2659,MPI-ESM1-2-LR,ssp585,2081_2100,historical_error_longer_ice
conservative,lower,no_ecology,0.5,restricted,199976,15540.34111921807,5694.811137096906,757.0077036225415,0.36645341909865664,0.04871242515303494,53693,5830,2684,MPI-ESM1-2-LR,ssp585,2081_2100,historical_error_longer_ice
conservative,lower,no_maintenance,0.5,unadjusted,199976,15540.34111921807,4117.905566500358,614.9185368485304,0.2649816715675515,0.039569178831479264,53693,6201,2313,MPI-ESM1-2-LR,ssp585,2081_2100,historical_error_longer_ice
conservative,lower,no_maintenance,0.5,restricted,199976,15540.34111921807,4041.019762991599,583.4084947120117,0.2600341737668965,0.037541550100887784,53693,6201,2313,MPI-ESM1-2-LR,ssp585,2081_2100,historical_error_longer_ice
conservative,lower,no_institutions,0.5,unadjusted,199976,15540.34111921807,4117.905566500358,717.5532958756263,0.2649816715675515,0.046173587205769834,53693,5855,2659,MPI-ESM1-2-LR,ssp585,2081_2100,historical_error_longer_ice
conservative,lower,no_institutions,0.5,restricted,199976,15540.34111921807,4041.019762991599,696.4708833444828,0.2600341737668965,0.044816962382066845,53693,5830,2684,MPI-ESM1-2-LR,ssp585,2081_2100,historical_error_longer_ice
conservative,upper,codex_primary,0.0,unadjusted,199976,15540.34111921807,6507.140682814584,2404.667834878363,0.4187257302072657,0.1547371332733883,62874,13757,3182,MPI-ESM1-2-LR,ssp585,2081_2100,historical_error_longer_ice
conservative,upper,codex_primary,0.0,restricted,199976,15540.34111921807,6507.140682814584,2404.667834878363,0.4187257302072657,0.1547371332733883,62874,13757,3182,MPI-ESM1-2-LR,ssp585,2081_2100,historical_error_longer_ice
conservative,upper,codex_primary,0.25,unadjusted,199976,15540.34111921807,5614.3870620193065,1889.6046476500132,0.36127823829273836,0.121593511567981,62874,13435,3504,MPI-ESM1-2-LR,ssp585,2081_2100,historical_error_longer_ice
conservative,upper,codex_primary,0.25,restricted,199976,15540.34111921807,5574.4389032247545,1844.1523388799299,0.3587076281312182,0.11866871677606523,62874,13413,3526,MPI-ESM1-2-LR,ssp585,2081_2100,historical_error_longer_ice
conservative,upper,codex_primary,0.5,unadjusted,199976,15540.34111921807,4721.633441224028,1418.5088235453582,0.3038307463782109,0.09127913040410351,62874,12907,4032,MPI-ESM1-2-LR,ssp585,2081_2100,historical_error_longer_ice
conservative,upper,codex_primary,0.5,restricted,199976,15540.34111921807,4641.7371236349245,1340.8673344206527,0.2986895260551706,0.0862830052528551,62874,12863,4076,MPI-ESM1-2-LR,ssp585,2081_2100,historical_error_longer_ice
conservative,upper,codex_primary,0.75,unadjusted,199976,15540.34111921807,3828.879820428749,1020.8642335518107,0.24638325446368345,0.06569123713052552,62874,12442,4497,MPI-ESM1-2-LR,ssp585,2081_2100,historical_error_longer_ice
conservative,upper,codex_primary,0.75,restricted,199976,15540.34111921807,3709.035344045094,926.1097292227878,0.23867142397912294,0.05959391252213298,62874,12384,4555,MPI-ESM1-2-LR,ssp585,2081_2100,historical_error_longer_ice
conservative,upper,no_ecology,0.5,unadjusted,199976,15540.34111921807,6507.140682814584,1890.836219401572,0.4187257302072657,0.12167276154982572,62874,12907,4032,MPI-ESM1-2-LR,ssp585,2081_2100,historical_error_longer_ice
conservative,upper,no_ecology,0.5,restricted,199976,15540.34111921807,6507.140682814584,1831.8217282010567,0.4187257302072657,0.11787525860263914,62874,12863,4076,MPI-ESM1-2-LR,ssp585,2081_2100,historical_error_longer_ice
conservative,upper,no_maintenance,0.5,unadjusted,199976,15540.34111921807,4721.633441224028,1476.3622550653788,0.3038307463782109,0.09500192072615608,62874,13757,3182,MPI-ESM1-2-LR,ssp585,2081_2100,historical_error_longer_ice
conservative,upper,no_maintenance,0.5,restricted,199976,15540.34111921807,4641.7371236349245,1399.4876837930703,0.2986895260551706,0.09005514570477377,62874,13757,3182,MPI-ESM1-2-LR,ssp585,2081_2100,historical_error_longer_ice
conservative,upper,no_institutions,0.5,unadjusted,199976,15540.34111921807,4721.633441224028,1737.1764776389323,0.3038307463782109,0.11178496432685386,62874,12907,4032,MPI-ESM1-2-LR,ssp585,2081_2100,historical_error_longer_ice
conservative,upper,no_institutions,0.5,restricted,199976,15540.34111921807,4641.7371236349245,1689.850822821688,0.2986895260551706,0.10873962224239225,62874,12863,4076,MPI-ESM1-2-LR,ssp585,2081_2100,historical_error_longer_ice
core,lower,codex_primary,0.0,unadjusted,199976,15540.34111921807,8530.910617386915,1458.9163111400103,0.548952597111083,0.09387929775465684,97191,7678,3514,MPI-ESM1-2-LR,ssp585,2081_2100,historical_error_shorter_ice
core,lower,codex_primary,0.0,restricted,199976,15540.34111921807,8530.910617386915,1458.9163111400103,0.548952597111083,0.09387929775465684,97191,7678,3514,MPI-ESM1-2-LR,ssp585,2081_2100,historical_error_shorter_ice
core,lower,codex_primary,0.25,unadjusted,199976,15540.34111921807,7344.849127379431,1140.0652949332841,0.47263113924162015,0.07336166472712845,97191,7516,3676,MPI-ESM1-2-LR,ssp585,2081_2100,historical_error_shorter_ice
core,lower,codex_primary,0.25,restricted,199976,15540.34111921807,7288.518691019533,1112.7182941867652,0.46900635160486515,0.07160192209749594,97191,7505,3687,MPI-ESM1-2-LR,ssp585,2081_2100,historical_error_shorter_ice
core,lower,codex_primary,0.5,unadjusted,199976,15540.34111921807,6158.787637371947,848.7278085979576,0.3963096813721573,0.05461449025390907,97191,7277,3915,MPI-ESM1-2-LR,ssp585,2081_2100,historical_error_shorter_ice
core,lower,codex_primary,0.5,restricted,199976,15540.34111921807,6046.12676465215,802.5558707298094,0.38906010609864705,0.051643388299715196,97191,7248,3944,MPI-ESM1-2-LR,ssp585,2081_2100,historical_error_shorter_ice
core,lower,codex_primary,0.75,unadjusted,199976,15540.34111921807,4972.726147364462,611.633514708895,0.3199882235026943,0.03935779208556202,97191,7009,4183,MPI-ESM1-2-LR,ssp585,2081_2100,historical_error_shorter_ice
core,lower,codex_primary,0.75,restricted,199976,15540.34111921807,4803.734838284768,556.0869073134677,0.30911386059242907,0.035783442785935954,97191,6964,4228,MPI-ESM1-2-LR,ssp585,2081_2100,historical_error_shorter_ice
core,lower,no_ecology,0.5,unadjusted,199976,15540.34111921807,8530.910617386915,1131.4945875538187,0.548952597111083,0.07281015126203041,97191,7277,3915,MPI-ESM1-2-LR,ssp585,2081_2100,historical_error_shorter_ice
core,lower,no_ecology,0.5,restricted,199976,15540.34111921807,8530.910617386915,1096.7663704901524,0.548952597111083,0.07057543731352388,97191,7248,3944,MPI-ESM1-2-LR,ssp585,2081_2100,historical_error_shorter_ice
core,lower,no_maintenance,0.5,unadjusted,199976,15540.34111921807,6158.787637371947,887.1164035018217,0.3963096813721573,0.05708474458162074,97191,7678,3514,MPI-ESM1-2-LR,ssp585,2081_2100,historical_error_shorter_ice
core,lower,no_maintenance,0.5,restricted,199976,15540.34111921807,6046.12676465215,840.9196245456101,0.38906010609864705,0.054112044136899996,97191,7678,3514,MPI-ESM1-2-LR,ssp585,2081_2100,historical_error_shorter_ice
core,lower,no_institutions,0.5,unadjusted,199976,15540.34111921807,6158.787637371947,1048.199956131795,0.3963096813721573,0.06745025402534642,97191,7277,3915,MPI-ESM1-2-LR,ssp585,2081_2100,historical_error_shorter_ice
core,lower,no_institutions,0.5,restricted,199976,15540.34111921807,6046.12676465215,1018.2093271466805,0.38906010609864705,0.06552039748262056,97191,7248,3944,MPI-ESM1-2-LR,ssp585,2081_2100,historical_error_shorter_ice
core,upper,codex_primary,0.0,unadjusted,199976,15540.34111921807,9501.03606578592,3368.1573110193344,0.6113788618215336,0.216736382115453,107237,16385,4685,MPI-ESM1-2-LR,ssp585,2081_2100,historical_error_shorter_ice
core,upper,codex_primary,0.0,restricted,199976,15540.34111921807,9501.03606578592,3368.1573110193344,0.6113788618215336,0.216736382115453,107237,16385,4685,MPI-ESM1-2-LR,ssp585,2081_2100,historical_error_shorter_ice
core,upper,codex_primary,0.25,unadjusted,199976,15540.34111921807,8191.04118113654,2638.527162528037,0.5270824570901492,0.16978566572551512,107237,16015,5055,MPI-ESM1-2-LR,ssp585,2081_2100,historical_error_shorter_ice
core,upper,codex_primary,0.25,restricted,199976,15540.34111921807,8132.95394350044,2575.552127061546,0.5233446216597373,0.16573330709429998,107237,15991,5079,MPI-ESM1-2-LR,ssp585,2081_2100,historical_error_shorter_ice
core,upper,codex_primary,0.5,unadjusted,199976,15540.34111921807,6881.046296487162,1977.5269835394472,0.44278605235876506,0.12725119534821053,107237,15453,5617,MPI-ESM1-2-LR,ssp585,2081_2100,historical_error_shorter_ice
core,upper,codex_primary,0.5,restricted,199976,15540.34111921807,6764.8718212149615,1870.206240218704,0.43531038149794127,0.12034525020212719,107237,15402,5668,MPI-ESM1-2-LR,ssp585,2081_2100,historical_error_shorter_ice
core,upper,codex_primary,0.75,unadjusted,199976,15540.34111921807,5571.051411837782,1424.5122984959323,0.3584896476273808,0.09166544592346813,107237,14942,6128,MPI-ESM1-2-LR,ssp585,2081_2100,historical_error_shorter_ice
core,upper,codex_primary,0.75,restricted,199976,15540.34111921807,5396.789698929483,1294.013529586703,0.3472761413361452,0.08326802607868448,107237,14870,6200,MPI-ESM1-2-LR,ssp585,2081_2100,historical_error_shorter_ice
core,upper,no_ecology,0.5,unadjusted,199976,15540.34111921807,9501.03606578592,2635.3601181127738,0.6113788618215336,0.1695818706871072,107237,15453,5617,MPI-ESM1-2-LR,ssp585,2081_2100,historical_error_shorter_ice
core,upper,no_ecology,0.5,restricted,199976,15540.34111921807,9501.03606578592,2552.311444901385,0.6113788618215336,0.1642378005296841,107237,15402,5668,MPI-ESM1-2-LR,ssp585,2081_2100,historical_error_shorter_ice
core,upper,no_maintenance,0.5,unadjusted,199976,15540.34111921807,6881.046296487162,2050.5653446716155,0.44278605235876506,0.13195111541893825,107237,16385,4685,MPI-ESM1-2-LR,ssp585,2081_2100,historical_error_shorter_ice
core,upper,no_maintenance,0.5,restricted,199976,15540.34111921807,6764.8718212149615,1943.7911787827766,0.43531038149794127,0.12508034179371866,107237,16385,4685,MPI-ESM1-2-LR,ssp585,2081_2100,historical_error_shorter_ice
core,upper,no_institutions,0.5,unadjusted,199976,15540.34111921807,6881.046296487162,2441.9995610894266,0.44278605235876506,0.15713937952555693,107237,15453,5617,MPI-ESM1-2-LR,ssp585,2081_2100,historical_error_shorter_ice
core,upper,no_institutions,0.5,restricted,199976,15540.34111921807,6764.8718212149615,2376.9890395114357,0.43531038149794127,0.1529560401072481,107237,15402,5668,MPI-ESM1-2-LR,ssp585,2081_2100,historical_error_shorter_ice
conservative,lower,codex_primary,0.0,unadjusted,199976,15540.34111921807,6652.077141187706,1005.3982566627639,0.4280521959045911,0.06469602236848142,87055,6224,2416,MPI-ESM1-2-LR,ssp585,2081_2100,historical_error_shorter_ice
conservative,lower,codex_primary,0.0,restricted,199976,15540.34111921807,6652.077141187706,1005.3982566627639,0.4280521959045911,0.06469602236848142,87055,6224,2416,MPI-ESM1-2-LR,ssp585,2081_2100,historical_error_shorter_ice
conservative,lower,codex_primary,0.25,unadjusted,199976,15540.34111921807,5718.143661222538,788.555132551498,0.36795483556993197,0.05074245967331604,87055,6094,2546,MPI-ESM1-2-LR,ssp585,2081_2100,historical_error_shorter_ice
conservative,lower,codex_primary,0.25,restricted,199976,15540.34111921807,5678.884620504948,769.6807954505463,0.36542856922761596,0.049527921526684844,87055,6084,2556,MPI-ESM1-2-LR,ssp585,2081_2100,historical_error_shorter_ice
conservative,lower,codex_primary,0.5,unadjusted,199976,15540.34111921807,4784.210181257369,585.3587919415135,0.30785747523527285,0.03766704909827401,87055,5875,2765,MPI-ESM1-2-LR,ssp585,2081_2100,historical_error_shorter_ice
conservative,lower,codex_primary,0.5,restricted,199976,15540.34111921807,4705.692099822189,553.2375467853626,0.30280494255064083,0.03560009027737477,87055,5850,2790,MPI-ESM1-2-LR,ssp585,2081_2100,historical_error_shorter_ice
conservative,lower,codex_primary,0.75,unadjusted,199976,15540.34111921807,3850.2767012922004,420.7756484824419,0.24776011490061367,0.027076345702739226,87055,5637,3003,MPI-ESM1-2-LR,ssp585,2081_2100,historical_error_shorter_ice
conservative,lower,codex_primary,0.75,restricted,199976,15540.34111921807,3732.4995791394317,382.26776959741983,0.24018131587366576,0.024598415611655124,87055,5601,3039,MPI-ESM1-2-LR,ssp585,2081_2100,historical_error_shorter_ice
conservative,lower,no_ecology,0.5,unadjusted,199976,15540.34111921807,6652.077141187706,781.6269114184818,0.4280521959045911,0.05029663798382633,87055,5875,2765,MPI-ESM1-2-LR,ssp585,2081_2100,historical_error_shorter_ice
conservative,lower,no_ecology,0.5,restricted,199976,15540.34111921807,6652.077141187706,757.3663554624901,0.4280521959045911,0.04873550391541198,87055,5850,2790,MPI-ESM1-2-LR,ssp585,2081_2100,historical_error_shorter_ice
conservative,lower,no_maintenance,0.5,unadjusted,199976,15540.34111921807,4784.210181257369,615.2220427985926,0.30785747523527285,0.03958870903018815,87055,6224,2416,MPI-ESM1-2-LR,ssp585,2081_2100,historical_error_shorter_ice
conservative,lower,no_maintenance,0.5,restricted,199976,15540.34111921807,4705.692099822189,583.6845115602296,0.30280494255064083,0.03755931141295297,87055,6224,2416,MPI-ESM1-2-LR,ssp585,2081_2100,historical_error_shorter_ice
conservative,lower,no_institutions,0.5,unadjusted,199976,15540.34111921807,4784.210181257369,717.9385831830548,0.30785747523527285,0.046198379924570064,87055,5875,2765,MPI-ESM1-2-LR,ssp585,2081_2100,historical_error_shorter_ice
conservative,lower,no_institutions,0.5,restricted,199976,15540.34111921807,4705.692099822189,696.8561706519113,0.30280494255064083,0.044841755100867076,87055,5850,2790,MPI-ESM1-2-LR,ssp585,2081_2100,historical_error_shorter_ice
conservative,upper,codex_primary,0.0,unadjusted,199976,15540.34111921807,7464.406686905384,2405.713623680502,0.48032450701320023,0.1548044283729049,96236,13787,3346,MPI-ESM1-2-LR,ssp585,2081_2100,historical_error_shorter_ice
conservative,upper,codex_primary,0.0,restricted,199976,15540.34111921807,7464.406686905384,2405.713623680502,0.48032450701320023,0.1548044283729049,96236,13787,3346,MPI-ESM1-2-LR,ssp585,2081_2100,historical_error_shorter_ice
conservative,upper,codex_primary,0.25,unadjusted,199976,15540.34111921807,6426.172371443212,1890.3594214289635,0.4135155285295663,0.12164208024309309,96236,13463,3670,MPI-ESM1-2-LR,ssp585,2081_2100,historical_error_shorter_ice
conservative,upper,codex_primary,0.25,restricted,199976,15540.34111921807,6385.4080736854485,1844.8895148443153,0.4108924009260575,0.11871615305553491,96236,13441,3692,MPI-ESM1-2-LR,ssp585,2081_2100,historical_error_shorter_ice
conservative,upper,codex_primary,0.5,unadjusted,199976,15540.34111921807,5387.938055981037,1419.0058634491174,0.34670655004593215,0.09131111425181614,96236,12932,4201,MPI-ESM1-2-LR,ssp585,2081_2100,historical_error_shorter_ice
conservative,upper,codex_primary,0.5,restricted,199976,15540.34111921807,5306.409460465514,1341.337598997748,0.3414602948389148,0.08631326614439458,96236,12888,4245,MPI-ESM1-2-LR,ssp585,2081_2100,historical_error_shorter_ice
conservative,upper,codex_primary,0.75,unadjusted,199976,15540.34111921807,4349.703740518865,1021.1010401507601,0.27989757156229816,0.06570647531591237,96236,12459,4674,MPI-ESM1-2-LR,ssp585,2081_2100,historical_error_shorter_ice
conservative,upper,codex_primary,0.75,restricted,199976,15540.34111921807,4227.410847245579,926.3202671488903,0.27202818875177215,0.05960746035383676,96236,12401,4732,MPI-ESM1-2-LR,ssp585,2081_2100,historical_error_shorter_ice
conservative,upper,no_ecology,0.5,unadjusted,199976,15540.34111921807,7464.406686905384,1891.552518826865,0.48032450701320023,0.12171885445214993,96236,12932,4201,MPI-ESM1-2-LR,ssp585,2081_2100,historical_error_shorter_ice
conservative,upper,no_ecology,0.5,restricted,199976,15540.34111921807,7464.406686905384,1832.4997771596873,0.48032450701320023,0.11791889013900175,96236,12888,4245,MPI-ESM1-2-LR,ssp585,2081_2100,historical_error_shorter_ice
conservative,upper,no_maintenance,0.5,unadjusted,199976,15540.34111921807,5387.938055981037,1476.9161435423405,0.34670655004593215,0.09503756270291273,96236,13787,3346,MPI-ESM1-2-LR,ssp585,2081_2100,historical_error_shorter_ice
conservative,upper,no_maintenance,0.5,restricted,199976,15540.34111921807,5306.409460465514,1400.0106024064817,0.3414602948389148,0.0900887948125636,96236,13787,3346,MPI-ESM1-2-LR,ssp585,2081_2100,historical_error_shorter_ice
conservative,upper,no_institutions,0.5,unadjusted,199976,15540.34111921807,5387.938055981037,1737.8219541958058,0.34670655004593215,0.11182649987307655,96236,12932,4201,MPI-ESM1-2-LR,ssp585,2081_2100,historical_error_shorter_ice
conservative,upper,no_institutions,0.5,restricted,199976,15540.34111921807,5306.409460465514,1690.4962993785618,0.3414602948389148,0.10878115778861494,96236,12888,4245,MPI-ESM1-2-LR,ssp585,2081_2100,historical_error_shorter_ice
core,lower,codex_primary,0.0,unadjusted,199976,17984.559534918462,6757.981781381439,1554.9162251878236,0.37576576553127566,0.08645839905997305,45362,7980,2457,MRI-ESM2-0,historical,1995_2014,central
core,lower,codex_primary,0.0,restricted,199976,17984.559534918462,6757.981781381439,1554.9162251878236,0.37576576553127566,0.08645839905997305,45362,7980,2457,MRI-ESM2-0,historical,1995_2014,central
core,lower,codex_primary,0.25,unadjusted,199976,17984.559534918462,5847.026835305585,1226.7413268641596,0.3251137078977728,0.06821080741412339,45362,7846,2591,MRI-ESM2-0,historical,1995_2014,central
core,lower,codex_primary,0.25,restricted,199976,17984.559534918462,5792.529708433735,1198.805049608875,0.32208349040670553,0.06665745954363235,45362,7843,2594,MRI-ESM2-0,historical,1995_2014,central
core,lower,codex_primary,0.5,unadjusted,199976,17984.559534918462,4936.071889229732,937.2390108704196,0.27446165026426994,0.052113537117809035,45362,7684,2753,MRI-ESM2-0,historical,1995_2014,central
core,lower,codex_primary,0.5,restricted,199976,17984.559534918462,4827.07763548603,890.0583480813954,0.26840121528213534,0.049490138824544234,45362,7675,2762,MRI-ESM2-0,historical,1995_2014,central
core,lower,codex_primary,0.75,unadjusted,199976,17984.559534918462,4025.1169431538788,686.486720224827,0.22380959263076708,0.038170894254705434,45362,7582,2855,MRI-ESM2-0,historical,1995_2014,central
core,lower,codex_primary,0.75,restricted,199976,17984.559534918462,3861.625562538326,628.6887880529633,0.2147189401575652,0.03495714125399144,45362,7559,2878,MRI-ESM2-0,historical,1995_2014,central
core,lower,no_ecology,0.5,unadjusted,199976,17984.559534918462,6757.981781381439,1251.6816769052891,0.37576576553127566,0.06959757198807394,45362,7684,2753,MRI-ESM2-0,historical,1995_2014,central
core,lower,no_ecology,0.5,restricted,199976,17984.559534918462,6757.981781381439,1216.2479370882488,0.37576576553127566,0.06762734081570394,45362,7675,2762,MRI-ESM2-0,historical,1995_2014,central
core,lower,no_maintenance,0.5,unadjusted,199976,17984.559534918462,4936.071889229732,945.884530344245,0.27446165026426994,0.052594256117740025,45362,7980,2457,MRI-ESM2-0,historical,1995_2014,central
core,lower,no_maintenance,0.5,restricted,199976,17984.559534918462,4827.07763548603,898.3234274629555,0.26840121528213534,0.04994970411806798,45362,7980,2457,MRI-ESM2-0,historical,1995_2014,central
core,lower,no_institutions,0.5,unadjusted,199976,17984.559534918462,4936.071889229732,1153.608578124849,0.27446165026426994,0.06414438873996471,45362,7684,2753,MRI-ESM2-0,historical,1995_2014,central
core,lower,no_institutions,0.5,restricted,199976,17984.559534918462,4827.07763548603,1124.7822218641136,0.26840121528213534,0.06254154958203223,45362,7675,2762,MRI-ESM2-0,historical,1995_2014,central
core,upper,codex_primary,0.0,unadjusted,199976,17984.559534918462,7948.475060929622,3684.78015753161,0.4419610636277759,0.20488576049790455,56459,17392,3050,MRI-ESM2-0,historical,1995_2014,central
core,upper,codex_primary,0.0,restricted,199976,17984.559534918462,7948.475060929622,3684.78015753161,0.4419610636277759,0.20488576049790455,56459,17392,3050,MRI-ESM2-0,historical,1995_2014,central
core,upper,codex_primary,0.25,unadjusted,199976,17984.559534918462,6883.4392962394995,2914.565477704598,0.3827416113736203,0.16205931938704063,56459,17168,3274,MRI-ESM2-0,historical,1995_2014,central
core,upper,codex_primary,0.25,restricted,199976,17984.559534918462,6825.678323329052,2847.726559236975,0.37952991342804093,0.1583428581449485,56459,17163,3279,MRI-ESM2-0,historical,1995_2014,central
core,upper,codex_primary,0.5,unadjusted,199976,17984.559534918462,5818.4035315493775,2235.2745500362385,0.32352215911946475,0.124288534600821,56459,16931,3511,MRI-ESM2-0,historical,1995_2014,central
core,upper,codex_primary,0.5,restricted,199976,17984.559534918462,5702.881585728482,2121.6515621161643,0.31709876322830594,0.11797072694478883,56459,16920,3522,MRI-ESM2-0,historical,1995_2014,central
core,upper,codex_primary,0.75,unadjusted,199976,17984.559534918462,4753.367766859254,1642.215346156671,0.26430270686530905,0.0913125141023431,56459,16754,3688,MRI-ESM2-0,historical,1995_2014,central
core,upper,codex_primary,0.75,restricted,199976,17984.559534918462,4580.084848127913,1501.694318388275,0.25466761302857105,0.08349908795223009,56459,16723,3719,MRI-ESM2-0,historical,1995_2014,central
core,upper,no_ecology,0.5,unadjusted,199976,17984.559534918462,7948.475060929622,2983.4580406338146,0.4419610636277759,0.165889969940114,56459,16931,3511,MRI-ESM2-0,historical,1995_2014,central
core,upper,no_ecology,0.5,restricted,199976,17984.559534918462,7948.475060929622,2896.1407399548407,0.4419610636277759,0.1610348440467364,56459,16920,3522,MRI-ESM2-0,historical,1995_2014,central
core,upper,no_maintenance,0.5,unadjusted,199976,17984.559534918462,5818.4035315493775,2249.0168111122853,0.32352215911946475,0.12505264900959287,56459,17392,3050,MRI-ESM2-0,historical,1995_2014,central
core,upper,no_maintenance,0.5,restricted,199976,17984.559534918462,5702.881585728482,2134.8984370210087,0.31709876322830594,0.11870729627133389,56459,17392,3050,MRI-ESM2-0,historical,1995_2014,central
core,upper,no_institutions,0.5,unadjusted,199976,17984.559534918462,5818.4035315493775,2744.5440788484943,0.32352215911946475,0.1526055766625667,56459,16931,3511,MRI-ESM2-0,historical,1995_2014,central
core,upper,no_institutions,0.5,restricted,199976,17984.559534918462,5702.881585728482,2678.677308897196,0.31709876322830594,0.14894317003962923,56459,16920,3522,MRI-ESM2-0,historical,1995_2014,central
conservative,lower,codex_primary,0.0,unadjusted,199976,17984.559534918462,4851.8290547005945,1060.7632103381022,0.26977747468768304,0.058981884336869385,36828,6267,1666,MRI-ESM2-0,historical,1995_2014,central
conservative,lower,codex_primary,0.0,restricted,199976,17984.559534918462,4851.8290547005945,1060.7632103381022,0.26977747468768304,0.058981884336869385,36828,6267,1666,MRI-ESM2-0,historical,1995_2014,central
conservative,lower,codex_primary,0.25,unadjusted,199976,17984.559534918462,4194.871503121123,839.0955991687699,0.23324849824519997,0.04665644424260704,36828,6187,1746,MRI-ESM2-0,historical,1995_2014,central
conservative,lower,codex_primary,0.25,restricted,199976,17984.559534918462,4158.307797386717,820.4307094244374,0.23121543729291946,0.04561861567037577,36828,6185,1748,MRI-ESM2-0,historical,1995_2014,central
conservative,lower,codex_primary,0.5,unadjusted,199976,17984.559534918462,3537.91395154165,643.5224218309902,0.19671952180271676,0.03578193953438447,36828,6116,1817,MRI-ESM2-0,historical,1995_2014,central
conservative,lower,codex_primary,0.5,restricted,199976,17984.559534918462,3464.786540072839,611.9624333615241,0.1926533998981559,0.03402710153525584,36828,6111,1822,MRI-ESM2-0,historical,1995_2014,central
conservative,lower,codex_primary,0.75,unadjusted,199976,17984.559534918462,2880.9563999621782,473.198353614071,0.16019054536023364,0.026311367409099926,36828,6058,1875,MRI-ESM2-0,historical,1995_2014,central
conservative,lower,codex_primary,0.75,restricted,199976,17984.559534918462,2771.2652827589627,434.3947139186503,0.1540913625033924,0.024153758843814786,36828,6041,1892,MRI-ESM2-0,historical,1995_2014,central
conservative,lower,no_ecology,0.5,unadjusted,199976,17984.559534918462,4851.8290547005945,861.3800521501889,0.26977747468768304,0.047895532302459264,36828,6116,1817,MRI-ESM2-0,historical,1995_2014,central
conservative,lower,no_ecology,0.5,restricted,199976,17984.559534918462,4851.8290547005945,837.9339750964863,0.26977747468768304,0.04659185416632364,36828,6111,1822,MRI-ESM2-0,historical,1995_2014,central
conservative,lower,no_maintenance,0.5,unadjusted,199976,17984.559534918462,3537.91395154165,648.8751052354977,0.19671952180271676,0.03607956613981314,36828,6267,1666,MRI-ESM2-0,historical,1995_2014,central
conservative,lower,no_maintenance,0.5,restricted,199976,17984.559534918462,3464.786540072839,616.997380842119,0.1926533998981559,0.03430706098996582,36828,6267,1666,MRI-ESM2-0,historical,1995_2014,central
conservative,lower,no_institutions,0.5,unadjusted,199976,17984.559534918462,3537.91395154165,785.4335420982449,0.19671952180271676,0.04367265934832948,36828,6116,1817,MRI-ESM2-0,historical,1995_2014,central
conservative,lower,no_institutions,0.5,restricted,199976,17984.559534918462,3464.786540072839,766.1127466329704,0.1926533998981559,0.04259836028485997,36828,6111,1822,MRI-ESM2-0,historical,1995_2014,central
conservative,upper,codex_primary,0.0,unadjusted,199976,17984.559534918462,5861.925259648028,2634.849628212014,0.32594210874426094,0.14650620845599485,46972,14429,2110,MRI-ESM2-0,historical,1995_2014,central
conservative,upper,codex_primary,0.0,restricted,199976,17984.559534918462,5861.925259648028,2634.849628212014,0.32594210874426094,0.14650620845599485,46972,14429,2110,MRI-ESM2-0,historical,1995_2014,central
conservative,upper,codex_primary,0.25,unadjusted,199976,17984.559534918462,5073.588577022258,2092.0139859768897,0.2821080253409309,0.1163227813233389,46972,14286,2253,MRI-ESM2-0,historical,1995_2014,central
conservative,upper,codex_primary,0.25,restricted,199976,17984.559534918462,5034.1219561805165,2044.2323735138186,0.27991355286774555,0.11366596827377272,46972,14282,2257,MRI-ESM2-0,historical,1995_2014,central
conservative,upper,codex_primary,0.5,unadjusted,199976,17984.559534918462,4285.251894396488,1612.46602614161,0.23827394193760087,0.08965835515798305,46972,14165,2374,MRI-ESM2-0,historical,1995_2014,central
conservative,upper,codex_primary,0.5,restricted,199976,17984.559534918462,4206.318652713005,1530.9509787239228,0.2338849969912302,0.08512585341617397,46972,14158,2381,MRI-ESM2-0,historical,1995_2014,central
conservative,upper,codex_primary,0.75,unadjusted,199976,17984.559534918462,3496.9152117707185,1191.7740281425472,0.1944398585342709,0.06626651188363121,46972,14049,2490,MRI-ESM2-0,historical,1995_2014,central
conservative,upper,codex_primary,0.75,restricted,199976,17984.559534918462,3378.5153492454933,1090.3796940687203,0.18785644111471483,0.060628657151800734,46972,14025,2514,MRI-ESM2-0,historical,1995_2014,central
conservative,upper,no_ecology,0.5,unadjusted,199976,17984.559534918462,5861.925259648028,2153.8061755987246,0.32594210874426094,0.11975862802850064,46972,14165,2374,MRI-ESM2-0,historical,1995_2014,central
conservative,upper,no_ecology,0.5,restricted,199976,17984.559534918462,5861.925259648028,2092.423707648654,0.32594210874426094,0.1163455631807966,46972,14158,2381,MRI-ESM2-0,historical,1995_2014,central
conservative,upper,no_maintenance,0.5,unadjusted,199976,17984.559534918462,4285.251894396488,1621.8099701817844,0.23827394193760087,0.09017790883523782,46972,14429,2110,MRI-ESM2-0,historical,1995_2014,central
conservative,upper,no_maintenance,0.5,restricted,199976,17984.559534918462,4206.318652713005,1539.878649123353,0.2338849969912302,0.08562226092518725,46972,14429,2110,MRI-ESM2-0,historical,1995_2014,central
conservative,upper,no_institutions,0.5,unadjusted,199976,17984.559534918462,4285.251894396488,1961.0108270467033,0.23827394193760087,0.10903857963489424,46972,14165,2374,MRI-ESM2-0,historical,1995_2014,central
conservative,upper,no_institutions,0.5,restricted,199976,17984.559534918462,4206.318652713005,1913.3351232475275,0.2338849969912302,0.10638765545147959,46972,14158,2381,MRI-ESM2-0,historical,1995_2014,central
core,lower,codex_primary,0.0,unadjusted,199976,17984.559534918462,6207.24169376543,1533.0823846354242,0.3451428255283969,0.08524436651666792,36270,7715,2015,MRI-ESM2-0,historical,1995_2014,historical_error_longer_ice
core,lower,codex_primary,0.0,restricted,199976,17984.559534918462,6207.24169376543,1533.0823846354242,0.3451428255283969,0.08524436651666792,36270,7715,2015,MRI-ESM2-0,historical,1995_2014,historical_error_longer_ice
core,lower,codex_primary,0.25,unadjusted,199976,17984.559534918462,5378.862979689627,1210.4775413421287,0.299082274950695,0.06730648804558653,36270,7597,2133,MRI-ESM2-0,historical,1995_2014,historical_error_longer_ice
core,lower,codex_primary,0.25,restricted,199976,17984.559534918462,5325.327011375202,1183.0577331743054,0.2961055010013258,0.06578185753603273,36270,7594,2136,MRI-ESM2-0,historical,1995_2014,historical_error_longer_ice
core,lower,codex_primary,0.5,unadjusted,199976,17984.559534918462,4550.484265613824,925.7042615728194,0.25302172437299314,0.05147216754324677,36270,7441,2289,MRI-ESM2-0,historical,1995_2014,historical_error_longer_ice
core,lower,codex_primary,0.5,restricted,199976,17984.559534918462,4443.412328984978,879.3488738693106,0.24706817647425486,0.048894657228718025,36270,7432,2298,MRI-ESM2-0,historical,1995_2014,historical_error_longer_ice
core,lower,codex_primary,0.75,unadjusted,199976,17984.559534918462,3722.1055515380212,679.7635452344521,0.2069611737952912,0.03779706385995368,36270,7365,2365,MRI-ESM2-0,historical,1995_2014,historical_error_longer_ice
core,lower,codex_primary,0.75,restricted,199976,17984.559534918462,3561.4976465947516,622.7463149596056,0.19803085194718384,0.03462672042373313,36270,7342,2388,MRI-ESM2-0,historical,1995_2014,historical_error_longer_ice
core,lower,no_ecology,0.5,unadjusted,199976,17984.559534918462,6207.24169376543,1235.5526675573167,0.3451428255283969,0.06870074661313735,36270,7441,2289,MRI-ESM2-0,historical,1995_2014,historical_error_longer_ice
core,lower,no_ecology,0.5,restricted,199976,17984.559534918462,6207.24169376543,1201.1109405492452,0.3451428255283969,0.06678567457919624,36270,7432,2298,MRI-ESM2-0,historical,1995_2014,historical_error_longer_ice
core,lower,no_maintenance,0.5,unadjusted,199976,17984.559534918462,4550.484265613824,933.7571157636554,0.25302172437299314,0.05191993242596191,36270,7715,2015,MRI-ESM2-0,historical,1995_2014,historical_error_longer_ice
core,lower,no_maintenance,0.5,restricted,199976,17984.559534918462,4443.412328984978,887.0910132952914,0.24706817647425486,0.04932514535999245,36270,7715,2015,MRI-ESM2-0,historical,1995_2014,historical_error_longer_ice
core,lower,no_institutions,0.5,unadjusted,199976,17984.559534918462,4550.484265613824,1138.9570492521402,0.25302172437299314,0.06332971608455375,36270,7441,2289,MRI-ESM2-0,historical,1995_2014,historical_error_longer_ice
core,lower,no_institutions,0.5,restricted,199976,17984.559534918462,4443.412328984978,1110.2769555463722,0.24706817647425486,0.06173500960035638,36270,7432,2298,MRI-ESM2-0,historical,1995_2014,historical_error_longer_ice
core,upper,codex_primary,0.0,unadjusted,199976,17984.559534918462,7397.734973313612,3646.8409591568056,0.4113381236248971,0.20277621768140452,47367,17014,2520,MRI-ESM2-0,historical,1995_2014,historical_error_longer_ice
core,upper,codex_primary,0.0,restricted,199976,17984.559534918462,7397.734973313612,3646.8409591568056,0.4113381236248971,0.20277621768140452,47367,17014,2520,MRI-ESM2-0,historical,1995_2014,historical_error_longer_ice
core,upper,codex_primary,0.25,unadjusted,199976,17984.559534918462,6415.275440623542,2886.056297486849,0.35671017842654257,0.16047411624862648,47367,16811,2723,MRI-ESM2-0,historical,1995_2014,historical_error_longer_ice
core,upper,codex_primary,0.25,restricted,199976,17984.559534918462,6358.475626270521,2820.040025343741,0.35355192402266133,0.15680339681760944,47367,16806,2728,MRI-ESM2-0,historical,1995_2014,historical_error_longer_ice
core,upper,codex_primary,0.5,unadjusted,199976,17984.559534918462,5432.81590793347,2214.782411943777,0.30208223322818795,0.12314910507780852,47367,16582,2952,MRI-ESM2-0,historical,1995_2014,historical_error_longer_ice
core,upper,codex_primary,0.5,restricted,199976,17984.559534918462,5319.21627922743,2102.493309849074,0.29576572442042554,0.11690546581176564,47367,16571,2963,MRI-ESM2-0,historical,1995_2014,historical_error_longer_ice
core,upper,codex_primary,0.75,unadjusted,199976,17984.559534918462,4450.356375243397,1629.9331298598847,0.24745428802983327,0.09062958293169422,47367,16437,3097,MRI-ESM2-0,historical,1995_2014,historical_error_longer_ice
core,upper,codex_primary,0.75,restricted,199976,17984.559534918462,4279.956932184338,1490.79643835495,0.23797952481818968,0.08289313038000454,47367,16406,3128,MRI-ESM2-0,historical,1995_2014,historical_error_longer_ice
core,upper,no_ecology,0.5,unadjusted,199976,17984.559534918462,7397.734973313612,2954.6647538796874,0.4113381236248971,0.16428896955429848,47367,16582,2952,MRI-ESM2-0,historical,1995_2014,historical_error_longer_ice
core,upper,no_ecology,0.5,restricted,199976,17984.559534918462,7397.734973313612,2869.052167096569,0.4113381236248971,0.15952863129764588,47367,16571,2963,MRI-ESM2-0,historical,1995_2014,historical_error_longer_ice
core,upper,no_maintenance,0.5,unadjusted,199976,17984.559534918462,5432.81590793347,2227.8724009358043,0.30208223322818795,0.12387695103737245,47367,17014,2520,MRI-ESM2-0,historical,1995_2014,historical_error_longer_ice
core,upper,no_maintenance,0.5,restricted,199976,17984.559534918462,5319.21627922743,2115.163580229581,0.29576572442042554,0.1176099740515091,47367,17014,2520,MRI-ESM2-0,historical,1995_2014,historical_error_longer_ice
core,upper,no_institutions,0.5,unadjusted,199976,17984.559534918462,5432.81590793347,2718.584377072046,0.30208223322818795,0.15116213281696986,47367,16582,2952,MRI-ESM2-0,historical,1995_2014,historical_error_longer_ice
core,upper,no_institutions,0.5,restricted,199976,17984.559534918462,5319.21627922743,2652.8638696757153,0.29576572442042554,0.14750785886776752,47367,16571,2963,MRI-ESM2-0,historical,1995_2014,historical_error_longer_ice
conservative,lower,codex_primary,0.0,unadjusted,199976,17984.559534918462,4360.729908770209,1039.982376812058,0.24247076500836745,0.057826402408846816,28471,6010,1277,MRI-ESM2-0,historical,1995_2014,historical_error_longer_ice
conservative,lower,codex_primary,0.0,restricted,199976,17984.559534918462,4360.729908770209,1039.982376812058,0.24247076500836745,0.057826402408846816,28471,6010,1277,MRI-ESM2-0,historical,1995_2014,historical_error_longer_ice
conservative,lower,codex_primary,0.25,unadjusted,199976,17984.559534918462,3777.5170518957807,823.6674178687064,0.21004223342592454,0.04579858718638564,28471,5946,1341,MRI-ESM2-0,historical,1995_2014,historical_error_longer_ice
conservative,lower,codex_primary,0.25,restricted,199976,17984.559534918462,3741.605708353254,805.5143525636607,0.2080454459331421,0.04478921771754766,28471,5944,1343,MRI-ESM2-0,historical,1995_2014,historical_error_longer_ice
conservative,lower,codex_primary,0.5,unadjusted,199976,17984.559534918462,3194.304195021353,632.6296964083305,0.17761370184348166,0.03517626857527588,28471,5881,1406,MRI-ESM2-0,historical,1995_2014,historical_error_longer_ice
conservative,lower,codex_primary,0.5,restricted,199976,17984.559534918462,3122.4815079363007,601.8873330156216,0.1736201268579168,0.033466893189516775,28471,5876,1411,MRI-ESM2-0,historical,1995_2014,historical_error_longer_ice
conservative,lower,codex_primary,0.75,unadjusted,199976,17984.559534918462,2611.091338146926,466.94744460897056,0.1451851702610388,0.025963796539045323,28471,5849,1438,MRI-ESM2-0,historical,1995_2014,historical_error_longer_ice
conservative,lower,codex_primary,0.75,restricted,199976,17984.559534918462,2503.357307519347,428.9154907288162,0.1391948077826915,0.023849096214785936,28471,5832,1455,MRI-ESM2-0,historical,1995_2014,historical_error_longer_ice
conservative,lower,no_ecology,0.5,unadjusted,199976,17984.559534918462,4360.729908770209,846.1256473512183,0.24247076500836745,0.04704733778485915,28471,5881,1406,MRI-ESM2-0,historical,1995_2014,historical_error_longer_ice
conservative,lower,no_ecology,0.5,restricted,199976,17984.559534918462,4360.729908770209,823.6606545225449,0.24247076500836745,0.04579821112234313,28471,5876,1411,MRI-ESM2-0,historical,1995_2014,historical_error_longer_ice
conservative,lower,no_maintenance,0.5,unadjusted,199976,17984.559534918462,3194.304195021353,637.3897145298486,0.17761370184348166,0.035440941063488676,28471,6010,1277,MRI-ESM2-0,historical,1995_2014,historical_error_longer_ice
conservative,lower,no_maintenance,0.5,restricted,199976,17984.559534918462,3122.4815079363007,606.3993405406375,0.1736201268579168,0.03371777548197745,28471,6010,1277,MRI-ESM2-0,historical,1995_2014,historical_error_longer_ice
conservative,lower,no_institutions,0.5,unadjusted,199976,17984.559534918462,3194.304195021353,771.5547946631083,0.17761370184348166,0.04290095585410768,28471,5881,1406,MRI-ESM2-0,historical,1995_2014,historical_error_longer_ice
conservative,lower,no_institutions,0.5,restricted,199976,17984.559534918462,3122.4815079363007,752.3802617528011,0.1736201268579168,0.04183478946437329,28471,5876,1411,MRI-ESM2-0,historical,1995_2014,historical_error_longer_ice
conservative,upper,codex_primary,0.0,unadjusted,199976,17984.559534918462,5370.826113717641,2598.4359346412994,0.29863539906494524,0.14448148866788912,38615,14066,1639,MRI-ESM2-0,historical,1995_2014,historical_error_longer_ice
conservative,upper,codex_primary,0.0,restricted,199976,17984.559534918462,5370.826113717641,2598.4359346412994,0.29863539906494524,0.14448148866788912,38615,14066,1639,MRI-ESM2-0,historical,1995_2014,historical_error_longer_ice
conservative,upper,codex_primary,0.25,unadjusted,199976,17984.559534918462,4656.234125796916,2064.7100850032884,0.2589017605216555,0.11480459563074027,38615,13944,1761,MRI-ESM2-0,historical,1995_2014,historical_error_longer_ice
conservative,upper,codex_primary,0.25,restricted,199976,17984.559534918462,4617.419867147054,2017.7397096316279,0.2567435615079682,0.11219289000178317,38615,13940,1765,MRI-ESM2-0,historical,1995_2014,historical_error_longer_ice
conservative,upper,codex_primary,0.5,unadjusted,199976,17984.559534918462,3941.642137876191,1592.8941518773343,0.2191681219783658,0.088570095296724,38615,13831,1874,MRI-ESM2-0,historical,1995_2014,historical_error_longer_ice
conservative,upper,codex_primary,0.5,restricted,199976,17984.559534918462,3864.0136205764657,1512.694176539433,0.21485172395099106,0.08411071583946308,38615,13824,1881,MRI-ESM2-0,historical,1995_2014,historical_error_longer_ice
conservative,upper,codex_primary,0.75,unadjusted,199976,17984.559534918462,3227.0501499554653,1180.1622704019642,0.179434483435076,0.06562086038919022,38615,13747,1958,MRI-ESM2-0,historical,1995_2014,historical_error_longer_ice
conservative,upper,codex_primary,0.75,restricted,199976,17984.559534918462,3110.607374005878,1080.130059054157,0.17295988639401397,0.060058744110857876,38615,13723,1982,MRI-ESM2-0,historical,1995_2014,historical_error_longer_ice
conservative,upper,no_ecology,0.5,unadjusted,199976,17984.559534918462,5370.826113717641,2126.283410802823,0.29863539906494524,0.11822827279558742,38615,13831,1874,MRI-ESM2-0,historical,1995_2014,historical_error_longer_ice
conservative,upper,no_ecology,0.5,restricted,199976,17984.559534918462,5370.826113717641,2066.578833561776,0.29863539906494524,0.11490850412818548,38615,13824,1881,MRI-ESM2-0,historical,1995_2014,historical_error_longer_ice
conservative,upper,no_maintenance,0.5,unadjusted,199976,17984.559534918462,3941.642137876191,1601.58582383349,0.2191681219783658,0.08905338052477087,38615,14066,1639,MRI-ESM2-0,historical,1995_2014,historical_error_longer_ice
conservative,upper,no_maintenance,0.5,restricted,199976,17984.559534918462,3864.0136205764657,1521.0452424145262,0.21485172395099106,0.0845750622616748,38615,14066,1639,MRI-ESM2-0,historical,1995_2014,historical_error_longer_ice
conservative,upper,no_institutions,0.5,unadjusted,199976,17984.559534918462,3941.642137876191,1936.155951656346,0.2191681219783658,0.10765656772950953,38615,13831,1874,MRI-ESM2-0,historical,1995_2014,historical_error_longer_ice
conservative,upper,no_institutions,0.5,restricted,199976,17984.559534918462,3864.0136205764657,1888.6265104121376,0.21485172395099106,0.10501377621983002,38615,13824,1881,MRI-ESM2-0,historical,1995_2014,historical_error_longer_ice
core,lower,codex_primary,0.0,unadjusted,199976,17984.559534918462,7447.0852410073985,1561.5102145299475,0.4140821590069129,0.08682504631254107,58776,8078,2647,MRI-ESM2-0,historical,1995_2014,historical_error_shorter_ice
core,lower,codex_primary,0.0,restricted,199976,17984.559534918462,7447.0852410073985,1561.5102145299475,0.4140821590069129,0.08682504631254107,58776,8078,2647,MRI-ESM2-0,historical,1995_2014,historical_error_shorter_ice
core,lower,codex_primary,0.25,unadjusted,199976,17984.559534918462,6430.774897999843,1228.8572877791369,0.3575719986644087,0.06832846172257998,58776,7930,2795,MRI-ESM2-0,historical,1995_2014,historical_error_shorter_ice
core,lower,codex_primary,0.25,restricted,199976,17984.559534918462,6375.548549680635,1200.8691929445595,0.35450123408927514,0.06677223262615778,58776,7927,2798,MRI-ESM2-0,historical,1995_2014,historical_error_shorter_ice
core,lower,codex_primary,0.5,unadjusted,199976,17984.559534918462,5414.464554992288,938.7279914602366,0.3010618383219045,0.05219632928110477,58776,7767,2958,MRI-ESM2-0,historical,1995_2014,historical_error_shorter_ice
core,lower,codex_primary,0.5,restricted,199976,17984.559534918462,5304.01185835387,891.4628986071895,0.29492030917163725,0.049568236401694624,58776,7758,2967,MRI-ESM2-0,historical,1995_2014,historical_error_shorter_ice
core,lower,codex_primary,0.75,unadjusted,199976,17984.559534918462,4398.15421198473,687.4603347920113,0.24455167797940014,0.03822503039105584,58776,7662,3063,MRI-ESM2-0,historical,1995_2014,historical_error_shorter_ice
core,lower,codex_primary,0.75,restricted,199976,17984.559534918462,4232.475167027104,629.564432197706,0.2353393842539994,0.0350058299162321,58776,7639,3086,MRI-ESM2-0,historical,1995_2014,historical_error_shorter_ice
core,lower,no_ecology,0.5,unadjusted,199976,17984.559534918462,7447.0852410073985,1253.8071077272814,0.4140821590069129,0.06971575285415885,58776,7767,2958,MRI-ESM2-0,historical,1995_2014,historical_error_shorter_ice
core,lower,no_ecology,0.5,restricted,199976,17984.559534918462,7447.0852410073985,1218.264769675938,0.4140821590069129,0.06773948326677555,58776,7758,2967,MRI-ESM2-0,historical,1995_2014,historical_error_shorter_ice
core,lower,no_maintenance,0.5,unadjusted,199976,17984.559534918462,5414.464554992288,949.171619371392,0.3010618383219045,0.05277702895800697,58776,8078,2647,MRI-ESM2-0,historical,1995_2014,historical_error_shorter_ice
core,lower,no_maintenance,0.5,restricted,199976,17984.559534918462,5304.01185835387,901.3145442569818,0.29492030917163725,0.05011601993960472,58776,8078,2647,MRI-ESM2-0,historical,1995_2014,historical_error_shorter_ice
core,lower,no_institutions,0.5,unadjusted,199976,17984.559534918462,5414.464554992288,1155.5675476404003,0.3010618383219045,0.06425331381604167,58776,7767,2958,MRI-ESM2-0,historical,1995_2014,historical_error_shorter_ice
core,lower,no_institutions,0.5,restricted,199976,17984.559534918462,5304.01185835387,1126.7312371784685,0.29492030917163725,0.06264992117214935,58776,7758,2967,MRI-ESM2-0,historical,1995_2014,historical_error_shorter_ice
core,upper,codex_primary,0.0,unadjusted,199976,17984.559534918462,8637.578520555584,3697.618389047006,0.4802774571034133,0.2055996079229955,69873,17542,3306,MRI-ESM2-0,historical,1995_2014,historical_error_shorter_ice
core,upper,codex_primary,0.0,restricted,199976,17984.559534918462,8637.578520555584,3697.618389047006,0.4802774571034133,0.2055996079229955,69873,17542,3306,MRI-ESM2-0,historical,1995_2014,historical_error_shorter_ice
core,upper,codex_primary,0.25,unadjusted,199976,17984.559534918462,7467.187358933758,2921.5626319816924,0.41519990214025626,0.16244838392117664,69873,17299,3549,MRI-ESM2-0,historical,1995_2014,historical_error_shorter_ice
core,upper,codex_primary,0.25,restricted,199976,17984.559534918462,7408.697164575953,2854.657264126541,0.4119476571106106,0.15872822787702948,69873,17294,3554,MRI-ESM2-0,historical,1995_2014,historical_error_shorter_ice
core,upper,codex_primary,0.5,unadjusted,199976,17984.559534918462,6296.796197311932,2240.494574023883,0.3501223471770992,0.12457878491123364,69873,17060,3788,MRI-ESM2-0,historical,1995_2014,historical_error_shorter_ice
core,upper,codex_primary,0.5,restricted,199976,17984.559534918462,6179.815808596321,2126.763724616339,0.3436178571178079,0.11825497980570816,69873,17049,3799,MRI-ESM2-0,historical,1995_2014,historical_error_shorter_ice
core,upper,codex_primary,0.75,unadjusted,199976,17984.559534918462,5126.405035690107,1645.8769940098807,0.28504479221394224,0.0915161136314892,69873,16876,3972,MRI-ESM2-0,historical,1995_2014,historical_error_shorter_ice
core,upper,codex_primary,0.75,restricted,199976,17984.559534918462,4950.934452616691,1505.2327919033842,0.2752880571250052,0.08369583858758699,69873,16845,4003,MRI-ESM2-0,historical,1995_2014,historical_error_shorter_ice
core,upper,no_ecology,0.5,unadjusted,199976,17984.559534918462,8637.578520555584,2990.939104058164,0.4802774571034133,0.1663059413966195,69873,17060,3788,MRI-ESM2-0,historical,1995_2014,historical_error_shorter_ice
core,upper,no_ecology,0.5,restricted,199976,17984.559534918462,8637.578520555584,2903.479694526079,0.4802774571034133,0.16144291378883874,69873,17049,3799,MRI-ESM2-0,historical,1995_2014,historical_error_shorter_ice
core,upper,no_maintenance,0.5,unadjusted,199976,17984.559534918462,6296.796197311932,2256.0846315208105,0.3501223471770992,0.1254456428104587,69873,17542,3306,MRI-ESM2-0,historical,1995_2014,historical_error_shorter_ice
core,upper,no_maintenance,0.5,restricted,199976,17984.559534918462,6179.815808596321,2141.6421313313504,0.3436178571178079,0.11908226760700927,69873,17542,3306,MRI-ESM2-0,historical,1995_2014,historical_error_shorter_ice
core,upper,no_institutions,0.5,unadjusted,199976,17984.559534918462,6296.796197311932,2750.7745125027127,0.3501223471770992,0.15295200903652179,69873,17060,3788,MRI-ESM2-0,historical,1995_2014,historical_error_shorter_ice
core,upper,no_institutions,0.5,restricted,199976,17984.559534918462,6179.815808596321,2684.897788350219,0.3436178571178079,0.14928904892762454,69873,17049,3799,MRI-ESM2-0,historical,1995_2014,historical_error_shorter_ice
conservative,lower,codex_primary,0.0,unadjusted,199976,17984.559534918462,5495.326571037034,1067.3253148470833,0.30555802939557225,0.059346758689017974,49440,6363,1839,MRI-ESM2-0,historical,1995_2014,historical_error_shorter_ice
conservative,lower,codex_primary,0.0,restricted,199976,17984.559534918462,5495.326571037034,1067.3253148470833,0.30555802939557225,0.059346758689017974,49440,6363,1839,MRI-ESM2-0,historical,1995_2014,historical_error_shorter_ice
conservative,lower,codex_primary,0.25,unadjusted,199976,17984.559534918462,4739.978772186596,841.187975658564,0.26355823521746796,0.04677278718032155,49440,6269,1933,MRI-ESM2-0,historical,1995_2014,historical_error_shorter_ice
conservative,lower,codex_primary,0.25,restricted,199976,17984.559534918462,4702.688472799856,822.4718704340592,0.2614847732950707,0.04573211086082838,49440,6267,1935,MRI-ESM2-0,historical,1995_2014,historical_error_shorter_ice
conservative,lower,codex_primary,0.5,unadjusted,199976,17984.559534918462,3984.6309733361577,644.994876868411,0.22155844103936367,0.03586381282322215,49440,6197,2005,MRI-ESM2-0,historical,1995_2014,historical_error_shorter_ice
conservative,lower,codex_primary,0.5,restricted,199976,17984.559534918462,3910.0503745626797,613.3514500275909,0.21741151719456925,0.03410433537928577,49440,6192,2010,MRI-ESM2-0,historical,1995_2014,historical_error_shorter_ice
conservative,lower,codex_primary,0.75,unadjusted,199976,17984.559534918462,3229.2831744857194,474.1612599664741,0.17955864686125939,0.02636490813388296,49440,6136,2066,MRI-ESM2-0,historical,1995_2014,historical_error_shorter_ice
conservative,lower,codex_primary,0.75,restricted,199976,17984.559534918462,3117.4122763255023,435.26081862925724,0.17333826109406775,0.024201917082493096,49440,6119,2083,MRI-ESM2-0,historical,1995_2014,historical_error_shorter_ice
conservative,lower,no_ecology,0.5,unadjusted,199976,17984.559534918462,5495.326571037034,863.4818750401867,0.30555802939557225,0.04801240049074693,49440,6197,2005,MRI-ESM2-0,historical,1995_2014,historical_error_shorter_ice
conservative,lower,no_ecology,0.5,restricted,199976,17984.559534918462,5495.326571037034,839.9286164559938,0.30555802939557225,0.04670276271293746,49440,6192,2010,MRI-ESM2-0,historical,1995_2014,historical_error_shorter_ice
conservative,lower,no_maintenance,0.5,unadjusted,199976,17984.559534918462,3984.6309733361577,652.1456687102486,0.22155844103936367,0.03626142010562203,49440,6363,1839,MRI-ESM2-0,historical,1995_2014,historical_error_shorter_ice
conservative,lower,no_maintenance,0.5,restricted,199976,17984.559534918462,3910.0503745626797,619.9729637764183,0.21741151719456925,0.0344725130783821,49440,6363,1839,MRI-ESM2-0,historical,1995_2014,historical_error_shorter_ice
conservative,lower,no_institutions,0.5,unadjusted,199976,17984.559534918462,3984.6309733361577,787.3701922305963,0.22155844103936367,0.043780343394112825,49440,6197,2005,MRI-ESM2-0,historical,1995_2014,historical_error_shorter_ice
conservative,lower,no_institutions,0.5,restricted,199976,17984.559534918462,3910.0503745626797,768.0394425641257,0.21741151719456925,0.042705490844683495,49440,6192,2010,MRI-ESM2-0,historical,1995_2014,historical_error_shorter_ice
conservative,upper,codex_primary,0.0,unadjusted,199976,17984.559534918462,6505.422775984467,2647.3905129123123,0.36172266345215004,0.1472035224311272,59584,14575,2348,MRI-ESM2-0,historical,1995_2014,historical_error_shorter_ice
conservative,upper,codex_primary,0.0,restricted,199976,17984.559534918462,6505.422775984467,2647.3905129123123,0.36172266345215004,0.1472035224311272,59584,14575,2348,MRI-ESM2-0,historical,1995_2014,historical_error_shorter_ice
conservative,upper,codex_primary,0.25,unadjusted,199976,17984.559534918462,5618.695846087731,2098.7763411718643,0.3124177623131989,0.11669879026488927,59584,14413,2510,MRI-ESM2-0,historical,1995_2014,historical_error_shorter_ice
conservative,upper,codex_primary,0.25,restricted,199976,17984.559534918462,5578.502631593657,2050.929480731298,0.3101828888698968,0.11403834921557318,59584,14409,2514,MRI-ESM2-0,historical,1995_2014,historical_error_shorter_ice
conservative,upper,codex_primary,0.5,unadjusted,199976,17984.559534918462,4731.9689161909955,1617.5074649998626,0.26311286117424776,0.08993867555440223,59584,14290,2633,MRI-ESM2-0,historical,1995_2014,historical_error_shorter_ice
conservative,upper,codex_primary,0.5,restricted,199976,17984.559534918462,4651.582487202844,1535.8865348877002,0.25864311428764347,0.08540028639042582,59584,14283,2640,MRI-ESM2-0,historical,1995_2014,historical_error_shorter_ice
conservative,upper,codex_primary,0.75,unadjusted,199976,17984.559534918462,3845.24198629426,1195.3069710388402,0.21380796003529667,0.0664629549985951,59584,14167,2756,MRI-ESM2-0,historical,1995_2014,historical_error_shorter_ice
conservative,upper,codex_primary,0.75,restricted,199976,17984.559534918462,3724.6623428120333,1093.7917947757992,0.20710333970539024,0.06081838104803817,59584,14143,2780,MRI-ESM2-0,historical,1995_2014,historical_error_shorter_ice
conservative,upper,no_ecology,0.5,unadjusted,199976,17984.559534918462,6505.422775984467,2161.0321174096566,0.36172266345215004,0.12016041389358686,59584,14290,2633,MRI-ESM2-0,historical,1995_2014,historical_error_shorter_ice
conservative,upper,no_ecology,0.5,restricted,199976,17984.559534918462,6505.422775984467,2099.51036745361,0.36172266345215004,0.11673960451337395,59584,14283,2640,MRI-ESM2-0,historical,1995_2014,historical_error_shorter_ice
conservative,upper,no_maintenance,0.5,unadjusted,199976,17984.559534918462,4731.9689161909955,1628.6992054609184,0.26311286117424776,0.09056097272211024,59584,14575,2348,MRI-ESM2-0,historical,1995_2014,historical_error_shorter_ice
conservative,upper,no_maintenance,0.5,restricted,199976,17984.559534918462,4651.582487202844,1546.4457370972964,0.25864311428764347,0.0859874123741951,59584,14575,2348,MRI-ESM2-0,historical,1995_2014,historical_error_shorter_ice
conservative,upper,no_institutions,0.5,unadjusted,199976,17984.559534918462,4731.9689161909955,1967.0331179303528,0.26311286117424776,0.1093734385938783,59584,14290,2633,MRI-ESM2-0,historical,1995_2014,historical_error_shorter_ice
conservative,upper,no_institutions,0.5,restricted,199976,17984.559534918462,4651.582487202844,1919.3474599299811,0.25864311428764347,0.10672196092450384,59584,14283,2640,MRI-ESM2-0,historical,1995_2014,historical_error_shorter_ice
core,lower,codex_primary,0.0,unadjusted,199976,18237.440029616537,7494.397842739064,1671.3799642987417,0.41093474909683597,0.09164553586383387,52352,8751,1956,MRI-ESM2-0,ssp126,2031_2050,central
core,lower,codex_primary,0.0,restricted,199976,18237.440029616537,7494.397842739064,1671.3799642987417,0.41093474909683597,0.09164553586383387,52352,8751,1956,MRI-ESM2-0,ssp126,2031_2050,central
core,lower,codex_primary,0.25,unadjusted,199976,18237.440029616537,6476.9141375167765,1316.9231457391957,0.3551438210076988,0.07220986846841385,52352,8593,2114,MRI-ESM2-0,ssp126,2031_2050,central
core,lower,codex_primary,0.25,restricted,199976,18237.440029616537,6419.011157699671,1286.0340411009272,0.3519688699332566,0.07051614914223066,52352,8592,2115,MRI-ESM2-0,ssp126,2031_2050,central
core,lower,codex_primary,0.5,unadjusted,199976,18237.440029616537,5459.430432294487,1008.2938361433842,0.29935289291856154,0.05528702682536441,52352,8519,2188,MRI-ESM2-0,ssp126,2031_2050,central
core,lower,codex_primary,0.5,restricted,199976,18237.440029616537,5343.624472660278,956.1636872626563,0.29300299076967734,0.05242861310084652,52352,8512,2195,MRI-ESM2-0,ssp126,2031_2050,central
core,lower,codex_primary,0.75,unadjusted,199976,18237.440029616537,4441.946727072199,738.4439102435535,0.24356196482942435,0.04049054631814354,52352,8347,2360,MRI-ESM2-0,ssp126,2031_2050,central
core,lower,codex_primary,0.75,restricted,199976,18237.440029616537,4268.237787620885,674.6530690993419,0.234037111606098,0.03699275051782184,52352,8335,2372,MRI-ESM2-0,ssp126,2031_2050,central
core,lower,no_ecology,0.5,unadjusted,199976,18237.440029616537,7494.397842739064,1346.954931650059,0.41093474909683597,0.07385657907374517,52352,8519,2188,MRI-ESM2-0,ssp126,2031_2050,central
core,lower,no_ecology,0.5,restricted,199976,18237.440029616537,7494.397842739064,1307.4017063224617,0.41093474909683597,0.07168778645464044,52352,8512,2195,MRI-ESM2-0,ssp126,2031_2050,central
core,lower,no_maintenance,0.5,unadjusted,199976,18237.440029616537,5459.430432294487,1015.6745963008751,0.29935289291856154,0.0556917305636909,52352,8751,1956,MRI-ESM2-0,ssp126,2031_2050,central
core,lower,no_maintenance,0.5,restricted,199976,18237.440029616537,5343.624472660278,963.0523208373588,0.29300299076967734,0.05280633242787464,52352,8751,1956,MRI-ESM2-0,ssp126,2031_2050,central
core,lower,no_institutions,0.5,unadjusted,199976,18237.440029616537,5459.430432294487,1241.0436932984599,0.29935289291856154,0.06804922682586358,52352,8519,2188,MRI-ESM2-0,ssp126,2031_2050,central
core,lower,no_institutions,0.5,restricted,199976,18237.440029616537,5343.624472660278,1209.720204379833,0.29300299076967734,0.06633168922915267,52352,8512,2195,MRI-ESM2-0,ssp126,2031_2050,central
core,upper,codex_primary,0.0,unadjusted,199976,18237.440029616537,8675.76756998018,3875.0245951242096,0.47571191767546545,0.2124763447518619,63218,18355,2385,MRI-ESM2-0,ssp126,2031_2050,central
core,upper,codex_primary,0.0,restricted,199976,18237.440029616537,8675.76756998018,3875.0245951242096,0.47571191767546545,0.2124763447518619,63218,18355,2385,MRI-ESM2-0,ssp126,2031_2050,central
core,upper,codex_primary,0.25,unadjusted,199976,18237.440029616537,7505.653660623563,3064.6868468934153,0.4115519309966103,0.16804369702746344,63218,18158,2582,MRI-ESM2-0,ssp126,2031_2050,central
core,upper,codex_primary,0.25,restricted,199976,18237.440029616537,7445.162199517276,2994.329737767472,0.40823504765069923,0.1641858579331779,63218,18156,2584,MRI-ESM2-0,ssp126,2031_2050,central
core,upper,codex_primary,0.5,unadjusted,199976,18237.440029616537,6335.539751266947,2353.5171086018872,0.34739194431775516,0.1290486551171608,63218,18059,2681,MRI-ESM2-0,ssp126,2031_2050,central
core,upper,codex_primary,0.5,restricted,199976,18237.440029616537,6214.556829054374,2233.933115928136,0.3407581776259331,0.122491594889434,63218,18051,2689,MRI-ESM2-0,ssp126,2031_2050,central
core,upper,codex_primary,0.75,unadjusted,199976,18237.440029616537,5165.42584191033,1731.5781374832682,0.28323195763889997,0.09494633757102348,63218,17837,2903,MRI-ESM2-0,ssp126,2031_2050,central
core,upper,codex_primary,0.75,restricted,199976,18237.440029616537,4983.951458591471,1583.821204923708,0.2732813076011669,0.08684449146106443,63218,17824,2916,MRI-ESM2-0,ssp126,2031_2050,central
core,upper,no_ecology,0.5,unadjusted,199976,18237.440029616537,8675.76756998018,3142.9166901554736,0.47571191767546545,0.1723332159037431,63218,18059,2681,MRI-ESM2-0,ssp126,2031_2050,central
core,upper,no_ecology,0.5,restricted,199976,18237.440029616537,8675.76756998018,3050.2295033617393,0.47571191767546545,0.16725096825038738,63218,18051,2689,MRI-ESM2-0,ssp126,2031_2050,central
core,upper,no_maintenance,0.5,unadjusted,199976,18237.440029616537,6335.539751266947,2364.2058862608396,0.34739194431775516,0.129634744921519,63218,18355,2385,MRI-ESM2-0,ssp126,2031_2050,central
core,upper,no_maintenance,0.5,restricted,199976,18237.440029616537,6214.556829054374,2243.9393856444503,0.3407581776259331,0.12304026124282925,63218,18355,2385,MRI-ESM2-0,ssp126,2031_2050,central
core,upper,no_institutions,0.5,unadjusted,199976,18237.440029616537,6335.539751266947,2887.5574132410948,0.34739194431775516,0.15833129038680155,63218,18059,2681,MRI-ESM2-0,ssp126,2031_2050,central
core,upper,no_institutions,0.5,restricted,199976,18237.440029616537,6214.556829054374,2819.03510651477,0.3407581776259331,0.15457405764936427,63218,18051,2689,MRI-ESM2-0,ssp126,2031_2050,central
conservative,lower,codex_primary,0.0,unadjusted,199976,18237.440029616537,5483.084692408277,1137.8268604056743,0.3006499093899181,0.06238961491075008,43263,6659,1519,MRI-ESM2-0,ssp126,2031_2050,central
conservative,lower,codex_primary,0.0,restricted,199976,18237.440029616537,5483.084692408277,1137.8268604056743,0.3006499093899181,0.06238961491075008,43263,6659,1519,MRI-ESM2-0,ssp126,2031_2050,central
conservative,lower,codex_primary,0.25,unadjusted,199976,18237.440029616537,4734.1911983318805,898.3569436662447,0.25958638880477913,0.049258938875596875,43263,6562,1616,MRI-ESM2-0,ssp126,2031_2050,central
conservative,lower,codex_primary,0.25,restricted,199976,18237.440029616537,4695.0310403823405,877.7008660265133,0.2574391489571938,0.048126319516400236,43263,6562,1616,MRI-ESM2-0,ssp126,2031_2050,central
conservative,lower,codex_primary,0.5,unadjusted,199976,18237.440029616537,3985.2977042554844,689.2573700312073,0.21852286821964015,0.03779353730084341,43263,6506,1672,MRI-ESM2-0,ssp126,2031_2050,central
conservative,lower,codex_primary,0.5,restricted,199976,18237.440029616537,3906.9773883564053,654.3090584813447,0.21422838852446957,0.03587724249778396,43263,6505,1673,MRI-ESM2-0,ssp126,2031_2050,central
conservative,lower,codex_primary,0.75,unadjusted,199976,18237.440029616537,3236.4042101790888,506.8545496915356,0.1774593476345012,0.027791978965711932,43263,6437,1741,MRI-ESM2-0,ssp126,2031_2050,central
conservative,lower,codex_primary,0.75,restricted,199976,18237.440029616537,3118.923736330471,463.9932953034785,0.1710176280917454,0.025441799646769528,43263,6432,1746,MRI-ESM2-0,ssp126,2031_2050,central
conservative,lower,no_ecology,0.5,unadjusted,199976,18237.440029616537,5483.084692408277,922.6614805574686,0.3006499093899181,0.050591611490380245,43263,6506,1672,MRI-ESM2-0,ssp126,2031_2050,central
conservative,lower,no_ecology,0.5,restricted,199976,18237.440029616537,5483.084692408277,896.6212566134506,0.3006499093899181,0.04916376723692525,43263,6505,1673,MRI-ESM2-0,ssp126,2031_2050,central
conservative,lower,no_maintenance,0.5,unadjusted,199976,18237.440029616537,3985.2977042554844,694.5684088811252,0.21852286821964015,0.03808475354837009,43263,6659,1519,MRI-ESM2-0,ssp126,2031_2050,central
conservative,lower,no_maintenance,0.5,restricted,199976,18237.440029616537,3906.9773883564053,659.0812875445524,0.21422838852446957,0.036138914588573996,43263,6659,1519,MRI-ESM2-0,ssp126,2031_2050,central
conservative,lower,no_institutions,0.5,unadjusted,199976,18237.440029616537,3985.2977042554844,842.0856107273099,0.21852286821964015,0.0461734546822258,43263,6506,1672,MRI-ESM2-0,ssp126,2031_2050,central
conservative,lower,no_institutions,0.5,restricted,199976,18237.440029616537,3906.9773883564053,820.92406452276,0.21422838852446957,0.0450131193407423,43263,6505,1673,MRI-ESM2-0,ssp126,2031_2050,central
conservative,upper,codex_primary,0.0,unadjusted,199976,18237.440029616537,6487.980531208374,2766.876063125514,0.3557506163514327,0.15171405957372686,53233,14944,1877,MRI-ESM2-0,ssp126,2031_2050,central
conservative,upper,codex_primary,0.0,restricted,199976,18237.440029616537,6487.980531208374,2766.876063125514,0.3557506163514327,0.15171405957372686,53233,14944,1877,MRI-ESM2-0,ssp126,2031_2050,central
conservative,upper,codex_primary,0.25,unadjusted,199976,18237.440029616537,5608.435548638703,2196.3844520322536,0.3075231797626713,0.1204327168980654,53233,14815,2006,MRI-ESM2-0,ssp126,2031_2050,central
conservative,upper,codex_primary,0.25,restricted,199976,18237.440029616537,5566.931361587978,2146.3876079617517,0.30524741150883056,0.11769127709131016,53233,14814,2007,MRI-ESM2-0,ssp126,2031_2050,central
conservative,upper,codex_primary,0.5,unadjusted,199976,18237.440029616537,4728.890566069031,1694.5157850111023,0.25929574317390974,0.0929141251326561,53233,14738,2083,MRI-ESM2-0,ssp126,2031_2050,central
conservative,upper,codex_primary,0.5,restricted,199976,18237.440029616537,4645.882191967583,1609.18265591595,0.2547442066662285,0.08823511706153557,53233,14736,2085,MRI-ESM2-0,ssp126,2031_2050,central
conservative,upper,codex_primary,0.75,unadjusted,199976,18237.440029616537,3849.3455834993597,1254.3173153160753,0.21106830658514833,0.06877704948058155,53233,14637,2184,MRI-ESM2-0,ssp126,2031_2050,central
conservative,upper,codex_primary,0.75,restricted,199976,18237.440029616537,3724.8330223471876,1148.2882056483688,0.20424100182362637,0.06296323408239402,53233,14631,2190,MRI-ESM2-0,ssp126,2031_2050,central
conservative,upper,no_ecology,0.5,unadjusted,199976,18237.440029616537,6487.980531208374,2264.8206195563293,0.3557506163514327,0.12418522642862118,53233,14738,2083,MRI-ESM2-0,ssp126,2031_2050,central
conservative,upper,no_ecology,0.5,restricted,199976,18237.440029616537,6487.980531208374,2200.05769203066,0.3557506163514327,0.12063412893793728,53233,14736,2085,MRI-ESM2-0,ssp126,2031_2050,central
conservative,upper,no_maintenance,0.5,unadjusted,199976,18237.440029616537,4728.890566069031,1701.774203665475,0.25929574317390974,0.09331212061023329,53233,14944,1877,MRI-ESM2-0,ssp126,2031_2050,central
conservative,upper,no_maintenance,0.5,restricted,199976,18237.440029616537,4645.882191967583,1615.7713009379413,0.2547442066662285,0.08859638733912342,53233,14944,1877,MRI-ESM2-0,ssp126,2031_2050,central
conservative,upper,no_institutions,0.5,unadjusted,199976,18237.440029616537,4728.890566069031,2059.626749278778,0.25929574317390974,0.11293398338440397,53233,14738,2083,MRI-ESM2-0,ssp126,2031_2050,central
conservative,upper,no_institutions,0.5,restricted,199976,18237.440029616537,4645.882191967583,2010.2949170364227,0.2547442066662285,0.11022900767716419,53233,14736,2085,MRI-ESM2-0,ssp126,2031_2050,central
core,lower,codex_primary,0.0,unadjusted,199976,18237.440029616537,6816.610591648404,1651.5307699614345,0.37377014430636246,0.09055715973730113,41994,8495,1665,MRI-ESM2-0,ssp126,2031_2050,historical_error_longer_ice
core,lower,codex_primary,0.0,restricted,199976,18237.440029616537,6816.610591648404,1651.5307699614345,0.37377014430636246,0.09055715973730113,41994,8495,1665,MRI-ESM2-0,ssp126,2031_2050,historical_error_longer_ice
core,lower,codex_primary,0.25,unadjusted,199976,18237.440029616537,5901.908468673138,1302.6392266625364,0.3236149623570404,0.07142664894563747,41994,8365,1795,MRI-ESM2-0,ssp126,2031_2050,historical_error_longer_ice
core,lower,codex_primary,0.25,restricted,199976,18237.440029616537,5844.812246187112,1272.3093889230724,0.320484247607969,0.06976359548582017,41994,8364,1796,MRI-ESM2-0,ssp126,2031_2050,historical_error_longer_ice
core,lower,codex_primary,0.5,unadjusted,199976,18237.440029616537,4987.206345697875,998.3051740060209,0.27345978040771857,0.05473932593526458,41994,8308,1852,MRI-ESM2-0,ssp126,2031_2050,historical_error_longer_ice
core,lower,codex_primary,0.5,restricted,199976,18237.440029616537,4873.01390072582,947.1010444794146,0.2671983509095756,0.05193168794202354,41994,8301,1859,MRI-ESM2-0,ssp126,2031_2050,historical_error_longer_ice
core,lower,codex_primary,0.75,unadjusted,199976,18237.440029616537,4072.5042227226113,732.9204276780584,0.2233045984583967,0.040187681302191455,41994,8151,2009,MRI-ESM2-0,ssp126,2031_2050,historical_error_longer_ice
core,lower,codex_primary,0.75,restricted,199976,18237.440029616537,3901.215555264529,669.9953977621462,0.2139124542111822,0.03673735988571383,41994,8139,2021,MRI-ESM2-0,ssp126,2031_2050,historical_error_longer_ice
core,lower,no_ecology,0.5,unadjusted,199976,18237.440029616537,6816.610591648404,1333.0511860181596,0.37377014430636246,0.07309420531902297,41994,8308,1852,MRI-ESM2-0,ssp126,2031_2050,historical_error_longer_ice
core,lower,no_ecology,0.5,restricted,199976,18237.440029616537,6816.610591648404,1294.6708634629106,0.37377014430636246,0.07098972560624961,41994,8301,1859,MRI-ESM2-0,ssp126,2031_2050,historical_error_longer_ice
core,lower,no_maintenance,0.5,unadjusted,199976,18237.440029616537,4987.206345697875,1005.205755654973,0.27345978040771857,0.05511770040217145,41994,8495,1665,MRI-ESM2-0,ssp126,2031_2050,historical_error_longer_ice
core,lower,no_maintenance,0.5,restricted,199976,18237.440029616537,4873.01390072582,953.5594112167,0.2671983509095756,0.05228581476721378,41994,8495,1665,MRI-ESM2-0,ssp126,2031_2050,historical_error_longer_ice
core,lower,no_institutions,0.5,unadjusted,199976,18237.440029616537,4987.206345697875,1227.5433924757451,0.27345978040771857,0.0673089748606321,41994,8308,1852,MRI-ESM2-0,ssp126,2031_2050,historical_error_longer_ice
core,lower,no_institutions,0.5,restricted,199976,18237.440029616537,4873.01390072582,1196.3202591432673,0.2671983509095756,0.06559693998721933,41994,8301,1859,MRI-ESM2-0,ssp126,2031_2050,historical_error_longer_ice
core,upper,codex_primary,0.0,unadjusted,199976,18237.440029616537,7997.980318889518,3846.5349441621343,0.4385473128849918,0.21091419288647892,52860,17995,2008,MRI-ESM2-0,ssp126,2031_2050,historical_error_longer_ice
core,upper,codex_primary,0.0,restricted,199976,18237.440029616537,7997.980318889518,3846.5349441621343,0.4385473128849918,0.21091419288647892,52860,17995,2008,MRI-ESM2-0,ssp126,2031_2050,historical_error_longer_ice
core,upper,codex_primary,0.25,unadjusted,199976,18237.440029616537,6930.647991779926,3043.8089062772565,0.380023072345952,0.16689891242050905,52860,17834,2169,MRI-ESM2-0,ssp126,2031_2050,historical_error_longer_ice
core,upper,codex_primary,0.25,restricted,199976,18237.440029616537,6870.963288004717,2974.1653042500366,0.37675042532541153,0.16308019653088185,52860,17832,2171,MRI-ESM2-0,ssp126,2031_2050,historical_error_longer_ice
core,upper,codex_primary,0.5,unadjusted,199976,18237.440029616537,5863.315664670335,2338.738487651519,0.3214988318069122,0.12823830997407226,52860,17759,2244,MRI-ESM2-0,ssp126,2031_2050,historical_error_longer_ice
core,upper,codex_primary,0.5,restricted,199976,18237.440029616537,5743.9462571199165,2220.329400192397,0.31495353776583135,0.12174567245110672,52860,17751,2252,MRI-ESM2-0,ssp126,2031_2050,historical_error_longer_ice
core,upper,codex_primary,0.75,unadjusted,199976,18237.440029616537,4795.983337560742,1722.6981886640683,0.2629745912678723,0.09445942993460196,52860,17556,2447,MRI-ESM2-0,ssp126,2031_2050,historical_error_longer_ice
core,upper,codex_primary,0.75,restricted,199976,18237.440029616537,4616.9292262351155,1576.108363734469,0.2531566502062511,0.08642157897023711,52860,17543,2460,MRI-ESM2-0,ssp126,2031_2050,historical_error_longer_ice
core,upper,no_ecology,0.5,unadjusted,199976,18237.440029616537,7997.980318889518,3122.3093439834797,0.4385473128849918,0.17120326860091284,52860,17759,2244,MRI-ESM2-0,ssp126,2031_2050,historical_error_longer_ice
core,upper,no_ecology,0.5,restricted,199976,18237.440029616537,7997.980318889518,3031.1359952854036,0.4385473128849918,0.16620402810718038,52860,17751,2252,MRI-ESM2-0,ssp126,2031_2050,historical_error_longer_ice
core,upper,no_maintenance,0.5,unadjusted,199976,18237.440029616537,5863.315664670335,2348.7814791558803,0.3214988318069122,0.12878898986598977,52860,17995,2008,MRI-ESM2-0,ssp126,2031_2050,historical_error_longer_ice
core,upper,no_maintenance,0.5,restricted,199976,18237.440029616537,5743.9462571199165,2229.7566752346224,0.31495353776583135,0.12226259121969026,52860,17995,2008,MRI-ESM2-0,ssp126,2031_2050,historical_error_longer_ice
core,upper,no_institutions,0.5,unadjusted,199976,18237.440029616537,5863.315664670335,2868.1245920642373,0.3214988318069122,0.1572657449404396,52860,17759,2244,MRI-ESM2-0,ssp126,2031_2050,historical_error_longer_ice
core,upper,no_institutions,0.5,restricted,199976,18237.440029616537,5743.9462571199165,2799.7026409240607,0.31495353776583135,0.15351401492630035,52860,17751,2252,MRI-ESM2-0,ssp126,2031_2050,historical_error_longer_ice
conservative,lower,codex_primary,0.0,unadjusted,199976,18237.440029616537,4867.552867058772,1118.004533293843,0.26689891010767686,0.06130271197483139,33610,6405,1255,MRI-ESM2-0,ssp126,2031_2050,historical_error_longer_ice
conservative,lower,codex_primary,0.0,restricted,199976,18237.440029616537,4867.552867058772,1118.004533293843,0.26689891010767686,0.06130271197483139,33610,6405,1255,MRI-ESM2-0,ssp126,2031_2050,historical_error_longer_ice
conservative,lower,codex_primary,0.25,unadjusted,199976,18237.440029616537,4212.058748643799,884.0947040135021,0.23095668809896902,0.04847690808456581,33610,6336,1324,MRI-ESM2-0,ssp126,2031_2050,historical_error_longer_ice
conservative,lower,codex_primary,0.25,restricted,199976,18237.440029616537,4173.678740895137,863.9978932725752,0.22885222564775135,0.04737495459173509,33610,6336,1324,MRI-ESM2-0,ssp126,2031_2050,historical_error_longer_ice
conservative,lower,codex_primary,0.5,unadjusted,199976,18237.440029616537,3556.564630228827,679.2856692156965,0.19501446609026124,0.03724676643830364,33610,6297,1363,MRI-ESM2-0,ssp126,2031_2050,historical_error_longer_ice
conservative,lower,codex_primary,0.5,restricted,199976,18237.440029616537,3479.804614731503,645.2633770199556,0.19080554118782592,0.03538124736652104,33610,6296,1364,MRI-ESM2-0,ssp126,2031_2050,historical_error_longer_ice
conservative,lower,codex_primary,0.75,unadjusted,199976,18237.440029616537,2901.070511813855,501.3437800453235,0.15907224408155343,0.027489811027818077,33610,6243,1417,MRI-ESM2-0,ssp126,2031_2050,historical_error_longer_ice
conservative,lower,codex_primary,0.75,restricted,199976,18237.440029616537,2785.9304885678703,459.3483368855659,0.15275885672790052,0.02518710609271976,33610,6238,1422,MRI-ESM2-0,ssp126,2031_2050,historical_error_longer_ice
conservative,lower,no_ecology,0.5,unadjusted,199976,18237.440029616537,4867.552867058772,908.781135976742,0.26689891010767686,0.049830520868111676,33610,6297,1363,MRI-ESM2-0,ssp126,2031_2050,historical_error_longer_ice
conservative,lower,no_ecology,0.5,restricted,199976,18237.440029616537,4867.552867058772,883.913814805073,0.26689891010767686,0.04846698952098807,33610,6296,1364,MRI-ESM2-0,ssp126,2031_2050,historical_error_longer_ice
conservative,lower,no_maintenance,0.5,unadjusted,199976,18237.440029616537,3556.564630228827,684.116529557076,0.19501446609026124,0.03751165341441073,33610,6405,1255,MRI-ESM2-0,ssp126,2031_2050,historical_error_longer_ice
conservative,lower,no_maintenance,0.5,restricted,199976,18237.440029616537,3479.804614731503,649.6053392457463,0.19080554118782592,0.03561932695547321,33610,6405,1255,MRI-ESM2-0,ssp126,2031_2050,historical_error_longer_ice
conservative,lower,no_institutions,0.5,unadjusted,199976,18237.440029616537,3556.564630228827,828.6047980017611,0.19501446609026124,0.045434271293347935,33610,6297,1363,MRI-ESM2-0,ssp126,2031_2050,historical_error_longer_ice
conservative,lower,no_institutions,0.5,restricted,199976,18237.440029616537,3479.804614731503,807.5436073833602,0.19080554118782592,0.044279438675162555,33610,6296,1364,MRI-ESM2-0,ssp126,2031_2050,historical_error_longer_ice
conservative,upper,codex_primary,0.0,unadjusted,199976,18237.440029616537,5872.448705858868,2738.669113706651,0.32199961706919145,0.15016740887203534,43580,14591,1528,MRI-ESM2-0,ssp126,2031_2050,historical_error_longer_ice
conservative,upper,codex_primary,0.0,restricted,199976,18237.440029616537,5872.448705858868,2738.669113706651,0.32199961706919145,0.15016740887203534,43580,14591,1528,MRI-ESM2-0,ssp126,2031_2050,historical_error_longer_ice
conservative,upper,codex_primary,0.25,unadjusted,199976,18237.440029616537,5086.30309895062,2175.7326092464655,0.27889347905686107,0.11930032974546882,43580,14498,1621,MRI-ESM2-0,ssp126,2031_2050,historical_error_longer_ice
conservative,upper,codex_primary,0.25,restricted,199976,18237.440029616537,5045.5790621007745,2126.4489120234007,0.27666048819938815,0.11659799338998082,43580,14497,1622,MRI-ESM2-0,ssp126,2031_2050,historical_error_longer_ice
conservative,upper,codex_primary,0.5,unadjusted,199976,18237.440029616537,4300.157492042373,1679.9118537512395,0.23578734104453083,0.0921133586195848,43580,14445,1674,MRI-ESM2-0,ssp126,2031_2050,historical_error_longer_ice
conservative,upper,codex_primary,0.5,restricted,199976,18237.440029616537,4218.70941834268,1595.7530122970823,0.23132135932958475,0.08749873939026928,43580,14443,1676,MRI-ESM2-0,ssp126,2031_2050,historical_error_longer_ice
conservative,upper,codex_primary,0.75,unadjusted,199976,18237.440029616537,3514.0118851341254,1245.565843620494,0.19268120303220054,0.06829718653482988,43580,14363,1756,MRI-ESM2-0,ssp126,2031_2050,historical_error_longer_ice
conservative,upper,codex_primary,0.75,restricted,199976,18237.440029616537,3391.8397745845864,1140.7030696157058,0.18598223045978146,0.0625473239535412,43580,14357,1762,MRI-ESM2-0,ssp126,2031_2050,historical_error_longer_ice
conservative,upper,no_ecology,0.5,unadjusted,199976,18237.440029616537,5872.448705858868,2244.460273411122,0.32199961706919145,0.12306882269475594,43580,14445,1674,MRI-ESM2-0,ssp126,2031_2050,historical_error_longer_ice
conservative,upper,no_ecology,0.5,restricted,199976,18237.440029616537,5872.448705858868,2181.2103605495977,0.32199961706919145,0.11960068721308689,43580,14443,1676,MRI-ESM2-0,ssp126,2031_2050,historical_error_longer_ice
conservative,upper,no_maintenance,0.5,unadjusted,199976,18237.440029616537,4300.157492042373,1686.5244862510217,0.23578734104453083,0.09247594418472135,43580,14591,1528,MRI-ESM2-0,ssp126,2031_2050,historical_error_longer_ice
conservative,upper,no_maintenance,0.5,restricted,199976,18237.440029616537,4218.70941834268,1601.7626626449849,0.23132135932958475,0.08782826208304542,43580,14591,1528,MRI-ESM2-0,ssp126,2031_2050,historical_error_longer_ice
conservative,upper,no_institutions,0.5,unadjusted,199976,18237.440029616537,4300.157492042373,2040.3939281628984,0.23578734104453083,0.11187940439279953,43580,14445,1674,MRI-ESM2-0,ssp126,2031_2050,historical_error_longer_ice
conservative,upper,no_institutions,0.5,restricted,199976,18237.440029616537,4218.70941834268,1991.1624515066922,0.23132135932958475,0.10917993140885786,43580,14443,1676,MRI-ESM2-0,ssp126,2031_2050,historical_error_longer_ice
core,lower,codex_primary,0.0,unadjusted,199976,18237.440029616537,8200.610912596505,1673.0176788429176,0.4496580056893507,0.09173533544872715,66871,8803,2045,MRI-ESM2-0,ssp126,2031_2050,historical_error_shorter_ice
core,lower,codex_primary,0.0,restricted,199976,18237.440029616537,8200.610912596505,1673.0176788429176,0.4496580056893507,0.09173533544872715,66871,8803,2045,MRI-ESM2-0,ssp126,2031_2050,historical_error_shorter_ice
core,lower,codex_primary,0.25,unadjusted,199976,18237.440029616537,7074.911719750375,1318.1233355809659,0.3879333781638833,0.07227567758635042,66871,8645,2203,MRI-ESM2-0,ssp126,2031_2050,historical_error_shorter_ice
core,lower,codex_primary,0.25,restricted,199976,18237.440029616537,7016.169374914713,1287.2007455588,0.38471240281096825,0.07058012218098929,66871,8644,2204,MRI-ESM2-0,ssp126,2031_2050,historical_error_shorter_ice
core,lower,codex_primary,0.5,unadjusted,199976,18237.440029616537,5949.212526904246,1009.0188039553856,0.326208750638416,0.055326778446799445,66871,8561,2287,MRI-ESM2-0,ssp126,2031_2050,historical_error_shorter_ice
core,lower,codex_primary,0.5,restricted,199976,18237.440029616537,5831.727837232923,956.8452762626939,0.31976679993258583,0.05246598616411257,66871,8554,2294,MRI-ESM2-0,ssp126,2031_2050,historical_error_shorter_ice
core,lower,codex_primary,0.75,unadjusted,199976,18237.440029616537,4823.513334058117,738.8959238742474,0.2644841231129486,0.040515331245740825,66871,8386,2462,MRI-ESM2-0,ssp126,2031_2050,historical_error_shorter_ice
core,lower,codex_primary,0.75,restricted,199976,18237.440029616537,4647.286299551131,675.0569023929928,0.2548211970542033,0.037014893608792676,66871,8374,2474,MRI-ESM2-0,ssp126,2031_2050,historical_error_shorter_ice
core,lower,no_ecology,0.5,unadjusted,199976,18237.440029616537,8200.610912596505,1348.0034126271426,0.4496580056893507,0.07391406965221346,66871,8561,2287,MRI-ESM2-0,ssp126,2031_2050,historical_error_shorter_ice
core,lower,no_ecology,0.5,restricted,199976,18237.440029616537,8200.610912596505,1308.388217568168,0.4496580056893507,0.07174187909286732,66871,8554,2294,MRI-ESM2-0,ssp126,2031_2050,historical_error_shorter_ice
core,lower,no_maintenance,0.5,unadjusted,199976,18237.440029616537,5949.212526904246,1016.5040076130981,0.326208750638416,0.05573720905797935,66871,8803,2045,MRI-ESM2-0,ssp126,2031_2050,historical_error_shorter_ice
core,lower,no_maintenance,0.5,restricted,199976,18237.440029616537,5831.727837232923,963.8265797525738,0.31976679993258583,0.05284878679175234,66871,8803,2045,MRI-ESM2-0,ssp126,2031_2050,historical_error_shorter_ice
core,lower,no_institutions,0.5,unadjusted,199976,18237.440029616537,5949.212526904246,1242.0226596978166,0.326208750638416,0.06810290576313585,66871,8561,2287,MRI-ESM2-0,ssp126,2031_2050,historical_error_shorter_ice
core,lower,no_institutions,0.5,restricted,199976,18237.440029616537,5831.727837232923,1210.6991707791897,0.31976679993258583,0.06638536816642494,66871,8554,2294,MRI-ESM2-0,ssp126,2031_2050,historical_error_shorter_ice
core,upper,codex_primary,0.0,unadjusted,199976,18237.440029616537,9381.980639837619,3881.5676249108956,0.51443517426798,0.2128351138431412,77737,18433,2521,MRI-ESM2-0,ssp126,2031_2050,historical_error_shorter_ice
core,upper,codex_primary,0.0,restricted,199976,18237.440029616537,9381.980639837619,3881.5676249108956,0.51443517426798,0.2128351138431412,77737,18433,2521,MRI-ESM2-0,ssp126,2031_2050,historical_error_shorter_ice
core,upper,codex_primary,0.25,unadjusted,199976,18237.440029616537,8103.651242857162,3069.506646485867,0.44434148815279484,0.16830797751774193,77737,18236,2718,MRI-ESM2-0,ssp126,2031_2050,historical_error_shorter_ice
core,upper,codex_primary,0.25,restricted,199976,18237.440029616537,8042.320416732318,2998.9940480391438,0.44097858052841077,0.16444161259304774,77737,18234,2720,MRI-ESM2-0,ssp126,2031_2050,historical_error_shorter_ice
core,upper,codex_primary,0.5,unadjusted,199976,18237.440029616537,6825.321845876704,2356.7514207165295,0.3742478020376095,0.12922599975047502,77737,18125,2829,MRI-ESM2-0,ssp126,2031_2050,historical_error_shorter_ice
core,upper,codex_primary,0.5,restricted,199976,18237.440029616537,6702.660193627017,2236.917055664158,0.36752198678884146,0.1226552110401205,77737,18117,2837,MRI-ESM2-0,ssp126,2031_2050,historical_error_shorter_ice
core,upper,codex_primary,0.75,unadjusted,199976,18237.440029616537,5546.992448896248,1733.6204596357356,0.3041541159224242,0.09505832270430704,77737,17898,3056,MRI-ESM2-0,ssp126,2031_2050,historical_error_shorter_ice
core,upper,codex_primary,0.75,restricted,199976,18237.440029616537,5362.999970521717,1585.561131271929,0.2940653930492722,0.0869398955498727,77737,17885,3069,MRI-ESM2-0,ssp126,2031_2050,historical_error_shorter_ice
core,upper,no_ecology,0.5,unadjusted,199976,18237.440029616537,9381.980639837619,3147.4014294391013,0.51443517426798,0.17257912428103425,77737,18125,2829,MRI-ESM2-0,ssp126,2031_2050,historical_error_shorter_ice
core,upper,no_ecology,0.5,restricted,199976,18237.440029616537,9381.980639837619,3054.37468324598,0.51443517426798,0.16747825781940087,77737,18117,2837,MRI-ESM2-0,ssp126,2031_2050,historical_error_shorter_ice
core,upper,no_maintenance,0.5,unadjusted,199976,18237.440029616537,6825.321845876704,2367.5566556707154,0.3742478020376095,0.1298184751711831,77737,18433,2521,MRI-ESM2-0,ssp126,2031_2050,historical_error_shorter_ice
core,upper,no_maintenance,0.5,restricted,199976,18237.440029616537,6702.660193627017,2247.0265957030138,0.36752198678884146,0.12320953993838904,77737,18433,2521,MRI-ESM2-0,ssp126,2031_2050,historical_error_shorter_ice
core,upper,no_institutions,0.5,unadjusted,199976,18237.440029616537,6825.321845876704,2892.115879263519,0.3742478020376095,0.15858124136758733,77737,18125,2829,MRI-ESM2-0,ssp126,2031_2050,historical_error_shorter_ice
core,upper,no_institutions,0.5,restricted,199976,18237.440029616537,6702.660193627017,2823.593572537194,0.36752198678884146,0.15482400863015003,77737,18117,2837,MRI-ESM2-0,ssp126,2031_2050,historical_error_shorter_ice
conservative,lower,codex_primary,0.0,unadjusted,199976,18237.440029616537,6155.045717367083,1139.445251916135,0.33749504905138267,0.062478354970091333,57217,6710,1599,MRI-ESM2-0,ssp126,2031_2050,historical_error_shorter_ice
conservative,lower,codex_primary,0.0,restricted,199976,18237.440029616537,6155.045717367083,1139.445251916135,0.33749504905138267,0.062478354970091333,57217,6710,1599,MRI-ESM2-0,ssp126,2031_2050,historical_error_shorter_ice
conservative,lower,codex_primary,0.25,unadjusted,199976,18237.440029616537,5303.061161277512,899.5436858842387,0.2907788128523329,0.04932401062996958,57217,6613,1696,MRI-ESM2-0,ssp126,2031_2050,historical_error_shorter_ice
conservative,lower,codex_primary,0.25,restricted,199976,18237.440029616537,5263.088288636093,878.8547387823094,0.2885870100238381,0.04818958896397195,57217,6613,1696,MRI-ESM2-0,ssp126,2031_2050,historical_error_shorter_ice
conservative,lower,codex_primary,0.5,unadjusted,199976,18237.440029616537,4451.076605187939,689.9737149394131,0.24406257665328307,0.03783281610900083,57217,6547,1762,MRI-ESM2-0,ssp126,2031_2050,historical_error_shorter_ice
conservative,lower,codex_primary,0.5,restricted,199976,18237.440029616537,4371.130859905103,654.983039036857,0.23967897099629343,0.035914198372863894,57217,6546,1763,MRI-ESM2-0,ssp126,2031_2050,historical_error_shorter_ice
conservative,lower,codex_primary,0.75,unadjusted,199976,18237.440029616537,3599.0920490983685,507.3017144484564,0.19734634045423335,0.027816498018615993,57217,6475,1834,MRI-ESM2-0,ssp126,2031_2050,historical_error_shorter_ice
conservative,lower,codex_primary,0.75,restricted,199976,18237.440029616537,3479.1734311741125,464.39347533606747,0.1907709319687488,0.02546374242119067,57217,6470,1839,MRI-ESM2-0,ssp126,2031_2050,historical_error_shorter_ice
conservative,lower,no_ecology,0.5,unadjusted,199976,18237.440029616537,6155.045717367083,923.6976431005586,0.33749504905138267,0.05064842662130911,57217,6547,1762,MRI-ESM2-0,ssp126,2031_2050,historical_error_shorter_ice
conservative,lower,no_ecology,0.5,restricted,199976,18237.440029616537,6155.045717367083,897.5968986526924,0.33749504905138267,0.049217263892029114,57217,6546,1763,MRI-ESM2-0,ssp126,2031_2050,historical_error_shorter_ice
conservative,lower,no_maintenance,0.5,unadjusted,199976,18237.440029616537,4451.076605187939,695.3891972895527,0.24406257665328307,0.03812975922938095,57217,6710,1599,MRI-ESM2-0,ssp126,2031_2050,historical_error_shorter_ice
conservative,lower,no_maintenance,0.5,restricted,199976,18237.440029616537,4371.130859905103,659.847938015242,0.23967897099629343,0.03618095176426557,57217,6710,1599,MRI-ESM2-0,ssp126,2031_2050,historical_error_shorter_ice
conservative,lower,no_institutions,0.5,unadjusted,199976,18237.440029616537,4451.076605187939,843.0510510030662,0.24406257665328307,0.046226391951611656,57217,6547,1762,MRI-ESM2-0,ssp126,2031_2050,historical_error_shorter_ice
conservative,lower,no_institutions,0.5,restricted,199976,18237.440029616537,4371.130859905103,821.8895047985162,0.23967897099629343,0.045066056610128157,57217,6546,1763,MRI-ESM2-0,ssp126,2031_2050,historical_error_shorter_ice
conservative,upper,codex_primary,0.0,unadjusted,199976,18237.440029616537,7159.941556167181,2773.3481387296206,0.39259575601289737,0.15206893808702676,67187,15018,2002,MRI-ESM2-0,ssp126,2031_2050,historical_error_shorter_ice
conservative,upper,codex_primary,0.0,restricted,199976,18237.440029616537,7159.941556167181,2773.3481387296206,0.39259575601289737,0.15206893808702676,67187,15018,2002,MRI-ESM2-0,ssp126,2031_2050,historical_error_shorter_ice
conservative,upper,codex_primary,0.25,unadjusted,199976,18237.440029616537,6177.3055115843335,2201.153603389606,0.33871560381022503,0.12069422023129678,67187,14889,2131,MRI-ESM2-0,ssp126,2031_2050,historical_error_shorter_ice
conservative,upper,codex_primary,0.25,restricted,199976,18237.440029616537,6134.98860984173,2151.003178612462,0.3363952725754748,0.11794435924775398,67187,14888,2132,MRI-ESM2-0,ssp126,2031_2050,historical_error_shorter_ice
conservative,upper,codex_primary,0.5,unadjusted,199976,18237.440029616537,5194.669467001487,1697.7162947515021,0.28483545160755275,0.09308961630549628,67187,14800,2220,MRI-ESM2-0,ssp126,2031_2050,historical_error_shorter_ice
conservative,upper,codex_primary,0.5,restricted,199976,18237.440029616537,5110.035663516279,1612.1359368774856,0.28019478913805224,0.08839705212241801,67187,14798,2222,MRI-ESM2-0,ssp126,2031_2050,historical_error_shorter_ice
conservative,upper,codex_primary,0.75,unadjusted,199976,18237.440029616537,4212.033422418639,1256.3392208685368,0.23095529940488044,0.06888791512560509,67187,14694,2326,MRI-ESM2-0,ssp126,2031_2050,historical_error_shorter_ice
conservative,upper,codex_primary,0.75,restricted,199976,18237.440029616537,4085.082717190828,1150.011420353439,0.22399430570062973,0.06305772183408898,67187,14688,2332,MRI-ESM2-0,ssp126,2031_2050,historical_error_shorter_ice
conservative,upper,no_ecology,0.5,unadjusted,199976,18237.440029616537,7159.941556167181,2269.2577441887847,0.39259575601289737,0.12442852398711896,67187,14800,2220,MRI-ESM2-0,ssp126,2031_2050,historical_error_shorter_ice
conservative,upper,no_ecology,0.5,restricted,199976,18237.440029616537,7159.941556167181,2204.159748120522,0.39259575601289737,0.12085905393197156,67187,14798,2222,MRI-ESM2-0,ssp126,2031_2050,historical_error_shorter_ice
conservative,upper,no_maintenance,0.5,unadjusted,199976,18237.440029616537,5194.669467001487,1705.091170701109,0.28483545160755275,0.0934939973994234,67187,15018,2002,MRI-ESM2-0,ssp126,2031_2050,historical_error_shorter_ice
conservative,upper,no_maintenance,0.5,restricted,199976,18237.440029616537,5110.035663516279,1618.827852222019,0.28019478913805224,0.08876398494487917,67187,15018,2002,MRI-ESM2-0,ssp126,2031_2050,historical_error_shorter_ice
conservative,upper,no_institutions,0.5,unadjusted,199976,18237.440029616537,5194.669467001487,2064.134993568797,0.28483545160755275,0.11318118059424802,67187,14800,2220,MRI-ESM2-0,ssp126,2031_2050,historical_error_shorter_ice
conservative,upper,no_institutions,0.5,restricted,199976,18237.440029616537,5110.035663516279,2014.803161326442,0.28019478913805224,0.11047620488700824,67187,14798,2222,MRI-ESM2-0,ssp126,2031_2050,historical_error_shorter_ice
core,lower,codex_primary,0.0,unadjusted,199976,18532.715557784722,7406.877409625096,1704.01543933838,0.39966498091068015,0.0919463439680648,49125,8869,1711,MRI-ESM2-0,ssp126,2081_2100,central
core,lower,codex_primary,0.0,restricted,199976,18532.715557784722,7406.877409625096,1704.01543933838,0.39966498091068015,0.0919463439680648,49125,8869,1711,MRI-ESM2-0,ssp126,2081_2100,central
core,lower,codex_primary,0.25,unadjusted,199976,18532.715557784722,6404.420873475159,1345.1829907484473,0.34557379643076447,0.07258423551336486,49125,8711,1869,MRI-ESM2-0,ssp126,2081_2100,central
core,lower,codex_primary,0.25,restricted,199976,18532.715557784722,6345.896650844193,1313.5484597410764,0.34241590937160743,0.07087727945996108,49125,8710,1870,MRI-ESM2-0,ssp126,2081_2100,central
core,lower,codex_primary,0.5,unadjusted,199976,18532.715557784722,5401.964337325225,1030.758416722242,0.2914826119508489,0.055618315271086585,49125,8648,1932,MRI-ESM2-0,ssp126,2081_2100,central
core,lower,codex_primary,0.5,restricted,199976,18532.715557784722,5284.915892063292,977.2184952158609,0.2851668378325349,0.052729374287805185,49125,8642,1938,MRI-ESM2-0,ssp126,2081_2100,central
core,lower,codex_primary,0.75,unadjusted,199976,18532.715557784722,4399.5078011752885,756.199197260338,0.23739142747093325,0.040803475071018086,49125,8535,2045,MRI-ESM2-0,ssp126,2081_2100,central
core,lower,codex_primary,0.75,restricted,199976,18532.715557784722,4223.93513328239,690.4999270380724,0.22791776629346222,0.037258432251069964,49125,8523,2057,MRI-ESM2-0,ssp126,2081_2100,central
core,lower,no_ecology,0.5,unadjusted,199976,18532.715557784722,7406.877409625096,1377.277716504176,0.39966498091068015,0.07431602304637144,49125,8648,1932,MRI-ESM2-0,ssp126,2081_2100,central
core,lower,no_ecology,0.5,restricted,199976,18532.715557784722,7406.877409625096,1336.4101909834496,0.39966498091068015,0.07211086722917336,49125,8642,1938,MRI-ESM2-0,ssp126,2081_2100,central
core,lower,no_maintenance,0.5,unadjusted,199976,18532.715557784722,5401.964337325225,1035.509599942547,0.2914826119508489,0.05587468262348516,49125,8869,1711,MRI-ESM2-0,ssp126,2081_2100,central
core,lower,no_maintenance,0.5,restricted,199976,18532.715557784722,5284.915892063292,981.8201429119399,0.2851668378325349,0.0529776729077096,49125,8869,1711,MRI-ESM2-0,ssp126,2081_2100,central
core,lower,no_institutions,0.5,unadjusted,199976,18532.715557784722,5401.964337325225,1269.5857370316553,0.2914826119508489,0.06850511103314064,49125,8648,1932,MRI-ESM2-0,ssp126,2081_2100,central
core,lower,no_institutions,0.5,restricted,199976,18532.715557784722,5284.915892063292,1237.6575404828932,0.2851668378325349,0.06678230918852102,49125,8642,1938,MRI-ESM2-0,ssp126,2081_2100,central
core,upper,codex_primary,0.0,unadjusted,199976,18532.715557784722,8620.569063895302,3953.1068795227898,0.4651541236370083,0.21330424390300834,60045,18511,2070,MRI-ESM2-0,ssp126,2081_2100,central
core,upper,codex_primary,0.0,restricted,199976,18532.715557784722,8620.569063895302,3953.1068795227898,0.4651541236370083,0.21330424390300834,60045,18511,2070,MRI-ESM2-0,ssp126,2081_2100,central
core,upper,codex_primary,0.25,unadjusted,199976,18532.715557784722,7461.074857797874,3129.8637152487404,0.402589401134138,0.16888316801117859,60045,18328,2253,MRI-ESM2-0,ssp126,2081_2100,central
core,upper,codex_primary,0.25,restricted,199976,18532.715557784722,7399.939836325401,3057.86592680518,0.3992906389380716,0.16499826575715798,60045,18326,2255,MRI-ESM2-0,ssp126,2081_2100,central
core,upper,codex_primary,0.5,unadjusted,199976,18532.715557784722,6301.580651700448,2403.956709941148,0.34002467863126784,0.12971421821295687,60045,18245,2336,MRI-ESM2-0,ssp126,2081_2100,central
core,upper,codex_primary,0.5,restricted,199976,18532.715557784722,6179.3106087555025,2281.470286535629,0.33342715423913494,0.12310501822693169,60045,18238,2343,MRI-ESM2-0,ssp126,2081_2100,central
core,upper,codex_primary,0.75,unadjusted,199976,18532.715557784722,5142.0864456030195,1770.0363605466619,0.2774599561283975,0.09550874263556874,60045,18107,2474,MRI-ESM2-0,ssp126,2081_2100,central
core,upper,codex_primary,0.75,restricted,199976,18532.715557784722,4958.681381185604,1618.4578154240508,0.26756366954019833,0.08732977152634346,60045,18094,2487,MRI-ESM2-0,ssp126,2081_2100,central
core,upper,no_ecology,0.5,unadjusted,199976,18532.715557784722,8620.569063895302,3210.6669585737845,0.4651541236370083,0.17324320057484152,60045,18245,2336,MRI-ESM2-0,ssp126,2081_2100,central
core,upper,no_ecology,0.5,restricted,199976,18532.715557784722,8620.569063895302,3115.5872163591407,0.4651541236370083,0.16811282764497126,60045,18238,2343,MRI-ESM2-0,ssp126,2081_2100,central
core,upper,no_maintenance,0.5,unadjusted,199976,18532.715557784722,6301.580651700448,2411.9719103716006,0.34002467863126784,0.13014670747258325,60045,18511,2070,MRI-ESM2-0,ssp126,2081_2100,central
core,upper,no_maintenance,0.5,restricted,199976,18532.715557784722,6179.3106087555025,2289.2476523389,0.33342715423913494,0.12352467425516034,60045,18511,2070,MRI-ESM2-0,ssp126,2081_2100,central
core,upper,no_institutions,0.5,unadjusted,199976,18532.715557784722,6301.580651700448,2950.039836001273,0.34002467863126784,0.15918011727979606,60045,18245,2336,MRI-ESM2-0,ssp126,2081_2100,central
core,upper,no_institutions,0.5,restricted,199976,18532.715557784722,6179.3106087555025,2880.0146583438614,0.33342715423913494,0.15540165440752704,60045,18238,2343,MRI-ESM2-0,ssp126,2081_2100,central
conservative,lower,codex_primary,0.0,unadjusted,199976,18532.715557784722,5404.512660631803,1164.0219559171312,0.29162011599328846,0.06280903369437299,40401,6731,1331,MRI-ESM2-0,ssp126,2081_2100,central
conservative,lower,codex_primary,0.0,restricted,199976,18532.715557784722,5404.512660631803,1164.0219559171312,0.29162011599328846,0.06280903369437299,40401,6731,1331,MRI-ESM2-0,ssp126,2081_2100,central
conservative,lower,codex_primary,0.25,unadjusted,199976,18532.715557784722,4668.968452444012,921.6575873596606,0.251931155900291,0.04973138364347882,40401,6667,1395,MRI-ESM2-0,ssp126,2081_2100,central
conservative,lower,codex_primary,0.25,restricted,199976,18532.715557784722,4629.397387982214,900.3855239977145,0.24979595534976104,0.04858357218025206,40401,6667,1395,MRI-ESM2-0,ssp126,2081_2100,central
conservative,lower,codex_primary,0.5,unadjusted,199976,18532.715557784722,3933.4242442562195,708.2886793287169,0.2122421958072935,0.03821828901006351,40401,6621,1441,MRI-ESM2-0,ssp126,2081_2100,central
conservative,lower,codex_primary,0.5,restricted,199976,18532.715557784722,3854.282115332625,672.1392484681462,0.20797179470623356,0.03626771513178554,40401,6620,1442,MRI-ESM2-0,ssp126,2081_2100,central
conservative,lower,codex_primary,0.75,unadjusted,199976,18532.715557784722,3197.8800360684286,521.0993862671214,0.17255323571429604,0.02811781061670868,40401,6534,1528,MRI-ESM2-0,ssp126,2081_2100,central
conservative,lower,codex_primary,0.75,restricted,199976,18532.715557784722,3079.1668426830374,476.6009706333708,0.16614763406270616,0.025716736931904897,40401,6529,1533,MRI-ESM2-0,ssp126,2081_2100,central
conservative,lower,no_ecology,0.5,unadjusted,199976,18532.715557784722,5404.512660631803,948.4118898097827,0.29162011599328846,0.05117500923448855,40401,6621,1441,MRI-ESM2-0,ssp126,2081_2100,central
conservative,lower,no_ecology,0.5,restricted,199976,18532.715557784722,5404.512660631803,921.224048867262,0.29162011599328846,0.04970799049901239,40401,6620,1442,MRI-ESM2-0,ssp126,2081_2100,central
conservative,lower,no_maintenance,0.5,unadjusted,199976,18532.715557784722,3933.4242442562195,710.575018646134,0.2122421958072935,0.038341656754541556,40401,6731,1331,MRI-ESM2-0,ssp126,2081_2100,central
conservative,lower,no_maintenance,0.5,restricted,199976,18532.715557784722,3854.282115332625,674.2297496022268,0.20797179470623356,0.036380515715572756,40401,6731,1331,MRI-ESM2-0,ssp126,2081_2100,central
conservative,lower,no_institutions,0.5,unadjusted,199976,18532.715557784722,3933.4242442562195,866.2429909248772,0.2122421958072935,0.0467412877634659,40401,6621,1441,MRI-ESM2-0,ssp126,2081_2100,central
conservative,lower,no_institutions,0.5,restricted,199976,18532.715557784722,3854.282115332625,844.5939505176802,0.20797179470623356,0.04557313513414962,40401,6620,1442,MRI-ESM2-0,ssp126,2081_2100,central
conservative,upper,codex_primary,0.0,unadjusted,199976,18532.715557784722,6439.1974864934855,2833.298272604968,0.34745029493471513,0.1528809020874889,50414,15048,1626,MRI-ESM2-0,ssp126,2081_2100,central
conservative,upper,codex_primary,0.0,restricted,199976,18532.715557784722,6439.1974864934855,2833.298272604968,0.34745029493471513,0.1528809020874889,50414,15048,1626,MRI-ESM2-0,ssp126,2081_2100,central
conservative,upper,codex_primary,0.25,unadjusted,199976,18532.715557784722,5568.937398441156,2251.8380728969432,0.3004922501010332,0.12150610448186866,50414,14969,1705,MRI-ESM2-0,ssp126,2081_2100,central
conservative,upper,codex_primary,0.25,restricted,199976,18532.715557784722,5527.007053256557,2200.499726432571,0.2982297459874908,0.11873595747862459,50414,14968,1706,MRI-ESM2-0,ssp126,2081_2100,central
conservative,upper,codex_primary,0.5,unadjusted,199976,18532.715557784722,4698.677310388825,1738.0256059772978,0.2535342052673512,0.09378148607300213,50414,14907,1767,MRI-ESM2-0,ssp126,2081_2100,central
conservative,upper,codex_primary,0.5,restricted,199976,18532.715557784722,4614.81662001963,1650.282688225333,0.24900919704026658,0.08904699816277743,50414,14905,1769,MRI-ESM2-0,ssp126,2081_2100,central
conservative,upper,codex_primary,0.75,unadjusted,199976,18532.715557784722,3828.417222336496,1286.6965640733704,0.2065761604336693,0.06942838787232612,50414,14802,1872,MRI-ESM2-0,ssp126,2081_2100,central
conservative,upper,codex_primary,0.75,restricted,199976,18532.715557784722,3702.626186782703,1177.4840636964082,0.19978864809304234,0.06353543062942023,50414,14796,1878,MRI-ESM2-0,ssp126,2081_2100,central
conservative,upper,no_ecology,0.5,unadjusted,199976,18532.715557784722,6439.1974864934855,2323.2897112087157,0.34745029493471513,0.12536153722128493,50414,14907,1767,MRI-ESM2-0,ssp126,2081_2100,central
conservative,upper,no_ecology,0.5,restricted,199976,18532.715557784722,6439.1974864934855,2256.516959322089,0.34745029493471513,0.12175857079801952,50414,14905,1769,MRI-ESM2-0,ssp126,2081_2100,central
conservative,upper,no_maintenance,0.5,unadjusted,199976,18532.715557784722,4698.677310388825,1742.6407471167352,0.2535342052673512,0.0940305127806666,50414,15048,1626,MRI-ESM2-0,ssp126,2081_2100,central
conservative,upper,no_maintenance,0.5,restricted,199976,18532.715557784722,4614.81662001963,1654.616227437503,0.24900919704026658,0.08928083001535501,50414,15048,1626,MRI-ESM2-0,ssp126,2081_2100,central
conservative,upper,no_institutions,0.5,unadjusted,199976,18532.715557784722,4698.677310388825,2113.105689766694,0.2535342052673512,0.11402029471493602,50414,14907,1767,MRI-ESM2-0,ssp126,2081_2100,central
conservative,upper,no_institutions,0.5,restricted,199976,18532.715557784722,4614.81662001963,2062.566800294941,0.24900919704026658,0.11129328531827348,50414,14905,1769,MRI-ESM2-0,ssp126,2081_2100,central
core,lower,codex_primary,0.0,unadjusted,199976,18532.715557784722,6744.57986363236,1680.6990208097284,0.36392831059230707,0.09068822189437563,39215,8566,1357,MRI-ESM2-0,ssp126,2081_2100,historical_error_longer_ice
core,lower,codex_primary,0.0,restricted,199976,18532.715557784722,6744.57986363236,1680.6990208097284,0.36392831059230707,0.09068822189437563,39215,8566,1357,MRI-ESM2-0,ssp126,2081_2100,historical_error_longer_ice
core,lower,codex_primary,0.25,unadjusted,199976,18532.715557784722,5842.355118501162,1328.0628177431215,0.3152454965536372,0.0716604543787575,39215,8419,1504,MRI-ESM2-0,ssp126,2081_2100,historical_error_longer_ice
core,lower,codex_primary,0.25,restricted,199976,18532.715557784722,5784.752875651261,1297.0938736692374,0.3121373582632556,0.06998941248652517,39215,8418,1505,MRI-ESM2-0,ssp126,2081_2100,historical_error_longer_ice
core,lower,codex_primary,0.5,unadjusted,199976,18532.715557784722,4940.130373369963,1018.9680526369328,0.26656268251496723,0.05498212334073796,39215,8377,1546,MRI-ESM2-0,ssp126,2081_2100,historical_error_longer_ice
core,lower,codex_primary,0.5,restricted,199976,18532.715557784722,4824.9258876701615,966.5203010734668,0.2603464059342041,0.05215211435474048,39215,8371,1552,MRI-ESM2-0,ssp126,2081_2100,historical_error_longer_ice
core,lower,codex_primary,0.75,unadjusted,199976,18532.715557784722,4037.905628238765,748.5597254842914,0.21787986847629737,0.04039125961601762,39215,8281,1642,MRI-ESM2-0,ssp126,2081_2100,historical_error_longer_ice
core,lower,codex_primary,0.75,restricted,199976,18532.715557784722,3865.0988996890615,684.1632203591305,0.2085554536051526,0.03691651222002086,39215,8269,1654,MRI-ESM2-0,ssp126,2081_2100,historical_error_longer_ice
core,lower,no_ecology,0.5,unadjusted,199976,18532.715557784722,6744.57986363236,1360.8198316343032,0.36392831059230707,0.0734279780743026,39215,8377,1546,MRI-ESM2-0,ssp126,2081_2100,historical_error_longer_ice
core,lower,no_ecology,0.5,restricted,199976,18532.715557784722,6744.57986363236,1321.3594763178048,0.36392831059230707,0.07129875123792982,39215,8371,1552,MRI-ESM2-0,ssp126,2081_2100,historical_error_longer_ice
core,lower,no_maintenance,0.5,unadjusted,199976,18532.715557784722,4940.130373369963,1023.3140994021066,0.26656268251496723,0.055216630083779625,39215,8566,1357,MRI-ESM2-0,ssp126,2081_2100,historical_error_longer_ice
core,lower,no_maintenance,0.5,restricted,199976,18532.715557784722,4824.9258876701615,970.7543598208644,0.2603464059342041,0.052380578377414104,39215,8566,1357,MRI-ESM2-0,ssp126,2081_2100,historical_error_longer_ice
core,lower,no_institutions,0.5,unadjusted,199976,18532.715557784722,4940.130373369963,1253.521360692488,0.26656268251496723,0.06763829924352034,39215,8377,1546,MRI-ESM2-0,ssp126,2081_2100,historical_error_longer_ice
core,lower,no_institutions,0.5,restricted,199976,18532.715557784722,4824.9258876701615,1221.6945577756292,0.2603464059342041,0.06592096846068804,39215,8371,1552,MRI-ESM2-0,ssp126,2081_2100,historical_error_longer_ice
core,upper,codex_primary,0.0,unadjusted,199976,18532.715557784722,7958.271517902567,3914.5418196455294,0.4294174533186353,0.2112233259847996,50135,18075,1652,MRI-ESM2-0,ssp126,2081_2100,historical_error_longer_ice
core,upper,codex_primary,0.0,restricted,199976,18532.715557784722,7958.271517902567,3914.5418196455294,0.4294174533186353,0.2112233259847996,50135,18075,1652,MRI-ESM2-0,ssp126,2081_2100,historical_error_longer_ice
core,upper,codex_primary,0.25,unadjusted,199976,18532.715557784722,6899.009102823877,3101.0670400188737,0.37226110125701073,0.16732933877659723,50135,17907,1820,MRI-ESM2-0,ssp126,2081_2100,historical_error_longer_ice
core,upper,codex_primary,0.25,restricted,199976,18532.715557784722,6838.79606113247,3029.9971975999815,0.3690120878297198,0.1634945072217019,50135,17905,1822,MRI-ESM2-0,ssp126,2081_2100,historical_error_longer_ice
core,upper,codex_primary,0.5,unadjusted,199976,18532.715557784722,5839.746687745186,2383.7954952070504,0.31510474919538617,0.128626346623322,50135,17853,1874,MRI-ESM2-0,ssp126,2081_2100,historical_error_longer_ice
core,upper,codex_primary,0.5,restricted,199976,18532.715557784722,5719.320604362374,2262.8155287386817,0.30860672234080433,0.12209843299452029,50135,17846,1881,MRI-ESM2-0,ssp126,2081_2100,historical_error_longer_ice
core,upper,codex_primary,0.75,unadjusted,199976,18532.715557784722,4780.4842726664965,1756.567386127906,0.25794839713376166,0.09478197518604092,50135,17737,1990,MRI-ESM2-0,ssp126,2081_2100,historical_error_longer_ice
core,upper,codex_primary,0.75,restricted,199976,18532.715557784722,4599.845147592277,1606.7883125135331,0.24820135685188877,0.08670010109978712,50135,17724,2003,MRI-ESM2-0,ssp126,2081_2100,historical_error_longer_ice
core,upper,no_ecology,0.5,unadjusted,199976,18532.715557784722,7958.271517902567,3182.395359001722,0.4294174533186353,0.17171770370505404,50135,17853,1874,MRI-ESM2-0,ssp126,2081_2100,historical_error_longer_ice
core,upper,no_ecology,0.5,restricted,199976,18532.715557784722,7958.271517902567,3089.299457332473,0.4294174533186353,0.16669437609939486,50135,17846,1881,MRI-ESM2-0,ssp126,2081_2100,historical_error_longer_ice
core,upper,no_maintenance,0.5,unadjusted,199976,18532.715557784722,5839.746687745186,2391.1298321591557,0.31510474919538617,0.12902209742029708,50135,18075,1652,MRI-ESM2-0,ssp126,2081_2100,historical_error_longer_ice
core,upper,no_maintenance,0.5,restricted,199976,18532.715557784722,5719.320604362374,2269.976898116407,0.30860672234080433,0.12248485069760305,50135,18075,1652,MRI-ESM2-0,ssp126,2081_2100,historical_error_longer_ice
core,upper,no_institutions,0.5,unadjusted,199976,18532.715557784722,5839.746687745186,2923.601035640133,0.31510474919538617,0.1577535157502628,50135,17853,1874,MRI-ESM2-0,ssp126,2081_2100,historical_error_longer_ice
core,upper,no_institutions,0.5,restricted,199976,18532.715557784722,5719.320604362374,2853.6772516146248,0.30860672234080433,0.15398052393978112,50135,17846,1881,MRI-ESM2-0,ssp126,2081_2100,historical_error_longer_ice
conservative,lower,codex_primary,0.0,unadjusted,199976,18532.715557784722,4807.749794908828,1140.887870764726,0.2594196074459967,0.06156075008044315,31158,6431,1029,MRI-ESM2-0,ssp126,2081_2100,historical_error_longer_ice
conservative,lower,codex_primary,0.0,restricted,199976,18532.715557784722,4807.749794908828,1140.887870764726,0.2594196074459967,0.06156075008044315,31158,6431,1029,MRI-ESM2-0,ssp126,2081_2100,historical_error_longer_ice
conservative,lower,codex_primary,0.25,unadjusted,199976,18532.715557784722,4162.523431804116,904.6763948433231,0.22460407482246364,0.04881510170609137,31158,6378,1082,MRI-ESM2-0,ssp126,2081_2100,historical_error_longer_ice
conservative,lower,codex_primary,0.25,restricted,199976,18532.715557784722,4123.83460318565,884.0649759439162,0.22251647851215312,0.04770293771505936,31158,6378,1082,MRI-ESM2-0,ssp126,2081_2100,historical_error_longer_ice
conservative,lower,codex_primary,0.5,unadjusted,199976,18532.715557784722,3517.2970686994026,696.5996528433927,0.18978854219893054,0.037587565118096466,31158,6353,1107,MRI-ESM2-0,ssp126,2081_2100,historical_error_longer_ice
conservative,lower,codex_primary,0.5,restricted,199976,18532.715557784722,3439.9194114624715,661.5342513853535,0.18561334957830955,0.035695483984670234,31158,6352,1108,MRI-ESM2-0,ssp126,2081_2100,historical_error_longer_ice
conservative,lower,codex_primary,0.75,unadjusted,199976,18532.715557784722,2872.0707055946905,513.5293192003113,0.15497300957539753,0.027709340144952573,31158,6283,1177,MRI-ESM2-0,ssp126,2081_2100,historical_error_longer_ice
conservative,lower,codex_primary,0.75,restricted,199976,18532.715557784722,2756.0042197392922,470.32407445535614,0.1487102206444659,0.025378044193733663,31158,6278,1182,MRI-ESM2-0,ssp126,2081_2100,historical_error_longer_ice
conservative,lower,no_ecology,0.5,unadjusted,199976,18532.715557784722,4807.749794908828,932.0979322707481,0.2594196074459967,0.05029473038446422,31158,6353,1107,MRI-ESM2-0,ssp126,2081_2100,historical_error_longer_ice
conservative,lower,no_ecology,0.5,restricted,199976,18532.715557784722,4807.749794908828,906.3056321890506,0.2594196074459967,0.04890301312633885,31158,6352,1108,MRI-ESM2-0,ssp126,2081_2100,historical_error_longer_ice
conservative,lower,no_maintenance,0.5,unadjusted,199976,18532.715557784722,3517.2970686994026,698.4808557056783,0.18978854219893054,0.0376890722532176,31158,6431,1029,MRI-ESM2-0,ssp126,2081_2100,historical_error_longer_ice
conservative,lower,no_maintenance,0.5,restricted,199976,18532.715557784722,3439.9194114624715,663.2571635707526,0.18561334957830955,0.03578844997122666,31158,6431,1029,MRI-ESM2-0,ssp126,2081_2100,historical_error_longer_ice
conservative,lower,no_institutions,0.5,unadjusted,199976,18532.715557784722,3517.2970686994026,850.3069382345933,0.18978854219893054,0.04588140014253979,31158,6353,1107,MRI-ESM2-0,ssp126,2081_2100,historical_error_longer_ice
conservative,lower,no_institutions,0.5,restricted,199976,18532.715557784722,3439.9194114624715,828.7592914592997,0.18561334957830955,0.04471871857501082,31158,6352,1108,MRI-ESM2-0,ssp126,2081_2100,historical_error_longer_ice
conservative,upper,codex_primary,0.0,unadjusted,199976,18532.715557784722,5842.434620770511,2795.5282982961853,0.31524978638742335,0.15084288589979009,41171,14622,1265,MRI-ESM2-0,ssp126,2081_2100,historical_error_longer_ice
conservative,upper,codex_primary,0.0,restricted,199976,18532.715557784722,5842.434620770511,2795.5282982961853,0.31524978638742335,0.15084288589979009,41171,14622,1265,MRI-ESM2-0,ssp126,2081_2100,historical_error_longer_ice
conservative,upper,codex_primary,0.25,unadjusted,199976,18532.715557784722,5062.49237780126,2223.6406146739077,0.2731651690232058,0.11998460817793434,41171,14558,1329,MRI-ESM2-0,ssp126,2081_2100,historical_error_longer_ice
conservative,upper,codex_primary,0.25,restricted,199976,18532.715557784722,5021.444268459994,2173.215736996023,0.270950269149883,0.11726375070183158,41171,14557,1330,MRI-ESM2-0,ssp126,2081_2100,historical_error_longer_ice
conservative,upper,codex_primary,0.5,unadjusted,199976,18532.715557784722,4282.5501348320095,1718.2949637579466,0.23108055165898833,0.09271684758773366,41171,14525,1362,MRI-ESM2-0,ssp126,2081_2100,historical_error_longer_ice
conservative,upper,codex_primary,0.5,restricted,199976,18532.715557784722,4200.453916149477,1632.0346335837485,0.22665075191234257,0.08806235807672597,41171,14523,1364,MRI-ESM2-0,ssp126,2081_2100,historical_error_longer_ice
conservative,upper,codex_primary,0.75,unadjusted,199976,18532.715557784722,3502.607891862758,1273.5167417468372,0.1889959342947708,0.06871722267446621,41171,14442,1445,MRI-ESM2-0,ssp126,2081_2100,historical_error_longer_ice
conservative,upper,codex_primary,0.75,restricted,199976,18532.715557784722,3379.4635638389586,1166.0755365145046,0.18235123467480213,0.06291984209646444,41171,14436,1451,MRI-ESM2-0,ssp126,2081_2100,historical_error_longer_ice
conservative,upper,no_ecology,0.5,unadjusted,199976,18532.715557784722,5842.434620770511,2295.630625215681,0.31524978638742335,0.12386909074700575,41171,14525,1362,MRI-ESM2-0,ssp126,2081_2100,historical_error_longer_ice
conservative,upper,no_ecology,0.5,restricted,199976,18532.715557784722,5842.434620770511,2230.80767428111,0.31524978638742335,0.12037133291802196,41171,14523,1364,MRI-ESM2-0,ssp126,2081_2100,historical_error_longer_ice
conservative,upper,no_maintenance,0.5,unadjusted,199976,18532.715557784722,4282.5501348320095,1722.2292414190365,0.23108055165898833,0.09292913583274681,41171,14622,1265,MRI-ESM2-0,ssp126,2081_2100,historical_error_longer_ice
conservative,upper,no_maintenance,0.5,restricted,199976,18532.715557784722,4200.453916149477,1635.7521763703733,0.22665075191234257,0.08826295160415769,41171,14622,1265,MRI-ESM2-0,ssp126,2081_2100,historical_error_longer_ice
conservative,upper,no_institutions,0.5,unadjusted,199976,18532.715557784722,4282.5501348320095,2087.225585770627,0.23108055165898833,0.11262383967760631,41171,14525,1362,MRI-ESM2-0,ssp126,2081_2100,historical_error_longer_ice
conservative,upper,no_institutions,0.5,restricted,199976,18532.715557784722,4200.453916149477,2036.7880899307777,0.22665075191234257,0.10990230134273112,41171,14523,1364,MRI-ESM2-0,ssp126,2081_2100,historical_error_longer_ice
core,lower,codex_primary,0.0,unadjusted,199976,18532.715557784722,8179.144123378478,1706.8622996080867,0.44133543720972956,0.09209995665697863,64822,8963,1862,MRI-ESM2-0,ssp126,2081_2100,historical_error_shorter_ice
core,lower,codex_primary,0.0,restricted,199976,18532.715557784722,8179.144123378478,1706.8622996080867,0.44133543720972956,0.09209995665697863,64822,8963,1862,MRI-ESM2-0,ssp126,2081_2100,historical_error_shorter_ice
core,lower,codex_primary,0.25,unadjusted,199976,18532.715557784722,7058.217307836874,1347.0808194930905,0.38085175838529767,0.07268663975837288,64822,8799,2026,MRI-ESM2-0,ssp126,2081_2100,historical_error_shorter_ice
core,lower,codex_primary,0.25,restricted,199976,18532.715557784722,6998.637182958191,1315.3746120568571,0.377636896284117,0.07097581614283882,64822,8798,2027,MRI-ESM2-0,ssp126,2081_2100,historical_error_shorter_ice
core,lower,codex_primary,0.5,unadjusted,199976,18532.715557784722,5937.290492295273,1032.0108613863924,0.3203680795608659,0.055685895473256385,64822,8734,2091,MRI-ESM2-0,ssp126,2081_2100,historical_error_shorter_ice
core,lower,codex_primary,0.5,restricted,199976,18532.715557784722,5818.130242537909,978.3541772676618,0.31393835535850473,0.052790654139009935,64822,8728,2097,MRI-ESM2-0,ssp126,2081_2100,historical_error_shorter_ice
core,lower,codex_primary,0.75,unadjusted,199976,18532.715557784722,4816.363676753671,756.9387355753522,0.25988440073643404,0.04084337954765608,64822,8619,2206,MRI-ESM2-0,ssp126,2081_2100,historical_error_shorter_ice
core,lower,codex_primary,0.75,restricted,199976,18532.715557784722,4637.623302117625,691.1045498349263,0.2502398144328923,0.03729105687075771,64822,8607,2218,MRI-ESM2-0,ssp126,2081_2100,historical_error_shorter_ice
core,lower,no_ecology,0.5,unadjusted,199976,18532.715557784722,8179.144123378478,1379.0737220900037,0.44133543720972956,0.07441293305290705,64822,8734,2091,MRI-ESM2-0,ssp126,2081_2100,historical_error_shorter_ice
core,lower,no_ecology,0.5,restricted,199976,18532.715557784722,8179.144123378478,1338.039392837349,0.44133543720972956,0.07219877673433031,64822,8728,2097,MRI-ESM2-0,ssp126,2081_2100,historical_error_shorter_ice
core,lower,no_maintenance,0.5,unadjusted,199976,18532.715557784722,5937.290492295273,1036.8679820404411,0.3203680795608659,0.05594797906477886,64822,8963,1862,MRI-ESM2-0,ssp126,2081_2100,historical_error_shorter_ice
core,lower,no_maintenance,0.5,restricted,199976,18532.715557784722,5818.130242537909,983.0545260181921,0.31393835535850473,0.0530442785329027,64822,8963,1862,MRI-ESM2-0,ssp126,2081_2100,historical_error_shorter_ice
core,lower,no_institutions,0.5,unadjusted,199976,18532.715557784722,5937.290492295273,1271.4248353622463,0.3203680795608659,0.06860434626528224,64822,8734,2091,MRI-ESM2-0,ssp126,2081_2100,historical_error_shorter_ice
core,lower,no_institutions,0.5,restricted,199976,18532.715557784722,5818.130242537909,1239.4966388134837,0.31393835535850473,0.0668815444206626,64822,8728,2097,MRI-ESM2-0,ssp126,2081_2100,historical_error_shorter_ice
core,upper,codex_primary,0.0,unadjusted,199976,18532.715557784722,9392.835777648683,3957.8300928488784,0.5068245799360577,0.21355910203814574,75742,18643,2281,MRI-ESM2-0,ssp126,2081_2100,historical_error_shorter_ice
core,upper,codex_primary,0.0,restricted,199976,18532.715557784722,9392.835777648683,3957.8300928488784,0.5068245799360577,0.21355910203814574,75742,18643,2281,MRI-ESM2-0,ssp126,2081_2100,historical_error_shorter_ice
core,upper,codex_primary,0.25,unadjusted,199976,18532.715557784722,8114.87129215959,3133.1324884553333,0.43786736308867125,0.16905954654547384,75742,18451,2473,MRI-ESM2-0,ssp126,2081_2100,historical_error_shorter_ice
core,upper,codex_primary,0.25,restricted,199976,18532.715557784722,8052.680368439402,3061.0468649331,0.4345116258505813,0.16516990483066568,75742,18449,2475,MRI-ESM2-0,ssp126,2081_2100,historical_error_shorter_ice
core,upper,codex_primary,0.5,unadjusted,199976,18532.715557784722,6836.906806670495,2406.2310526697943,0.36891014624128476,0.1298369386379024,75742,18366,2558,MRI-ESM2-0,ssp126,2081_2100,historical_error_shorter_ice
core,upper,codex_primary,0.5,restricted,199976,18532.715557784722,6712.52495923012,2283.6012688721376,0.3621986717651048,0.12322000312107008,75742,18359,2565,MRI-ESM2-0,ssp126,2081_2100,historical_error_shorter_ice
core,upper,codex_primary,0.75,unadjusted,199976,18532.715557784722,5558.942321181402,1771.494073423737,0.29995292939389834,0.09558739882993648,75742,18226,2698,MRI-ESM2-0,ssp126,2081_2100,historical_error_shorter_ice
core,upper,codex_primary,0.75,restricted,199976,18532.715557784722,5372.369550020838,1619.749295393036,0.28988571767962834,0.08739945802020661,75742,18213,2711,MRI-ESM2-0,ssp126,2081_2100,historical_error_shorter_ice
core,upper,no_ecology,0.5,unadjusted,199976,18532.715557784722,9392.835777648683,3213.928710659261,0.5068245799360577,0.17341920025903818,75742,18366,2558,MRI-ESM2-0,ssp126,2081_2100,historical_error_shorter_ice
core,upper,no_ecology,0.5,restricted,199976,18532.715557784722,9392.835777648683,3118.644127893231,0.5068245799360577,0.16827777441300207,75742,18359,2565,MRI-ESM2-0,ssp126,2081_2100,historical_error_shorter_ice
core,upper,no_maintenance,0.5,unadjusted,199976,18532.715557784722,6836.906806670495,2414.417014923878,0.36891014624128476,0.1302786419721256,75742,18643,2281,MRI-ESM2-0,ssp126,2081_2100,historical_error_shorter_ice
core,upper,no_maintenance,0.5,restricted,199976,18532.715557784722,6712.52495923012,2291.5414787928185,0.3621986717651048,0.12364844599529018,75742,18643,2281,MRI-ESM2-0,ssp126,2081_2100,historical_error_shorter_ice
core,upper,no_institutions,0.5,unadjusted,199976,18532.715557784722,6836.906806670495,2953.109753861097,0.36891014624128476,0.15934576585138568,75742,18366,2558,MRI-ESM2-0,ssp126,2081_2100,historical_error_shorter_ice
core,upper,no_institutions,0.5,restricted,199976,18532.715557784722,6712.52495923012,2883.0845762036856,0.3621986717651048,0.1555673029791167,75742,18359,2565,MRI-ESM2-0,ssp126,2081_2100,historical_error_shorter_ice
conservative,lower,codex_primary,0.0,unadjusted,199976,18532.715557784722,6134.481033642101,1166.8489966106026,0.3310082116414555,0.06296157694604362,55305,6824,1465,MRI-ESM2-0,ssp126,2081_2100,historical_error_shorter_ice
conservative,lower,codex_primary,0.0,restricted,199976,18532.715557784722,6134.481033642101,1166.8489966106026,0.3310082116414555,0.06296157694604362,55305,6824,1465,MRI-ESM2-0,ssp126,2081_2100,historical_error_shorter_ice
conservative,lower,codex_primary,0.25,unadjusted,199976,18532.715557784722,5286.902986247375,923.5416229179672,0.28527405871864236,0.049833043627005365,55305,6754,1535,MRI-ESM2-0,ssp126,2081_2100,historical_error_shorter_ice
conservative,lower,codex_primary,0.25,restricted,199976,18532.715557784722,5246.322461825315,902.1985148761512,0.28308438908843997,0.04868139868996047,55305,6754,1535,MRI-ESM2-0,ssp126,2081_2100,historical_error_shorter_ice
conservative,lower,codex_primary,0.5,unadjusted,199976,18532.715557784722,4439.324938852653,709.5322795069725,0.23953990579582932,0.03828539197586353,55305,6706,1583,MRI-ESM2-0,ssp126,2081_2100,historical_error_shorter_ice
conservative,lower,codex_primary,0.5,restricted,199976,18532.715557784722,4358.16389000853,673.2671265618042,0.23516056653542444,0.03632857389207575,55305,6705,1584,MRI-ESM2-0,ssp126,2081_2100,historical_error_shorter_ice
conservative,lower,codex_primary,0.75,unadjusted,199976,18532.715557784722,3591.7468914579304,521.8339511072242,0.1938057528730163,0.02815744673143846,55305,6617,1672,MRI-ESM2-0,ssp126,2081_2100,historical_error_shorter_ice
conservative,lower,codex_primary,0.75,restricted,199976,18532.715557784722,3470.005318191746,477.20184629159274,0.187236743982409,0.025749159361113848,55305,6612,1677,MRI-ESM2-0,ssp126,2081_2100,historical_error_shorter_ice
conservative,lower,no_ecology,0.5,unadjusted,199976,18532.715557784722,6134.481033642101,950.1952604157605,0.3310082116414555,0.05127123747478162,55305,6706,1583,MRI-ESM2-0,ssp126,2081_2100,historical_error_shorter_ice
conservative,lower,no_ecology,0.5,restricted,199976,18532.715557784722,6134.481033642101,922.8421022095287,0.3310082116414555,0.04979529844572001,55305,6705,1584,MRI-ESM2-0,ssp126,2081_2100,historical_error_shorter_ice
conservative,lower,no_maintenance,0.5,unadjusted,199976,18532.715557784722,4439.324938852653,711.9245562581332,0.23953990579582932,0.03841447595946548,55305,6824,1465,MRI-ESM2-0,ssp126,2081_2100,historical_error_shorter_ice
conservative,lower,no_maintenance,0.5,restricted,199976,18532.715557784722,4358.16389000853,675.4563287503362,0.23516056653542444,0.03644670024985133,55305,6824,1465,MRI-ESM2-0,ssp126,2081_2100,historical_error_shorter_ice
conservative,lower,no_institutions,0.5,unadjusted,199976,18532.715557784722,4439.324938852653,868.0682155521033,0.23953990579582932,0.04683977438953724,55305,6706,1583,MRI-ESM2-0,ssp126,2081_2100,historical_error_shorter_ice
conservative,lower,no_institutions,0.5,restricted,199976,18532.715557784722,4358.16389000853,846.4191751449065,0.23516056653542444,0.04567162176022097,55305,6705,1584,MRI-ESM2-0,ssp126,2081_2100,historical_error_shorter_ice
conservative,upper,codex_primary,0.0,unadjusted,199976,18532.715557784722,7169.1658595037825,2837.948509635561,0.3868383905828821,0.1531318225214692,65318,15176,1818,MRI-ESM2-0,ssp126,2081_2100,historical_error_shorter_ice
conservative,upper,codex_primary,0.0,restricted,199976,18532.715557784722,7169.1658595037825,2837.948509635561,0.3868383905828821,0.1531318225214692,65318,15176,1818,MRI-ESM2-0,ssp126,2081_2100,historical_error_shorter_ice
conservative,upper,codex_primary,0.25,unadjusted,199976,18532.715557784722,6186.87193224452,2255.054773365891,0.3338351529193846,0.12167967324241635,65318,15088,1906,MRI-ESM2-0,ssp126,2081_2100,historical_error_shorter_ice
conservative,upper,codex_primary,0.25,restricted,199976,18532.715557784722,6143.93212709966,2203.6305600942587,0.33151817972616987,0.11890489298361984,65318,15087,1907,MRI-ESM2-0,ssp126,2081_2100,historical_error_shorter_ice
conservative,upper,codex_primary,0.5,unadjusted,199976,18532.715557784722,5204.578004985259,1740.2652148961658,0.2808319152558871,0.09390233230904806,65318,15024,1970,MRI-ESM2-0,ssp126,2081_2100,historical_error_shorter_ice
conservative,upper,codex_primary,0.5,restricted,199976,18532.715557784722,5118.698394695535,1652.3821786108617,0.27619796886945747,0.08916028379428581,65318,15022,1972,MRI-ESM2-0,ssp126,2081_2100,historical_error_shorter_ice
conservative,upper,codex_primary,0.75,unadjusted,199976,18532.715557784722,4222.284077725997,1288.1333174385495,0.22782867759238953,0.06950591312008052,65318,14917,2077,MRI-ESM2-0,ssp126,2081_2100,historical_error_shorter_ice
conservative,upper,codex_primary,0.75,restricted,199976,18532.715557784722,4093.4646622914124,1178.7584049156535,0.22087775801274523,0.06360419233977357,65318,14911,2083,MRI-ESM2-0,ssp126,2081_2100,historical_error_shorter_ice
conservative,upper,no_ecology,0.5,unadjusted,199976,18532.715557784722,7169.1658595037825,2326.502527185935,0.3868383905828821,0.12553489637996848,65318,15024,1970,MRI-ESM2-0,ssp126,2081_2100,historical_error_shorter_ice
conservative,upper,no_ecology,0.5,restricted,199976,18532.715557784722,7169.1658595037825,2259.5295659747767,0.3868383905828821,0.12192112693520808,65318,15022,1972,MRI-ESM2-0,ssp126,2081_2100,historical_error_shorter_ice
conservative,upper,no_maintenance,0.5,unadjusted,199976,18532.715557784722,5204.578004985259,1745.051117859234,0.2808319152558871,0.09416057309130933,65318,15176,1818,MRI-ESM2-0,ssp126,2081_2100,historical_error_shorter_ice
conservative,upper,no_maintenance,0.5,restricted,199976,18532.715557784722,5118.698394695535,1656.878561940441,0.27619796886945747,0.08940290249285482,65318,15176,1818,MRI-ESM2-0,ssp126,2081_2100,historical_error_shorter_ice
conservative,upper,no_institutions,0.5,unadjusted,199976,18532.715557784722,5204.578004985259,2116.1239628894673,0.2808319152558871,0.11418315660710517,65318,15024,1970,MRI-ESM2-0,ssp126,2081_2100,historical_error_shorter_ice
conservative,upper,no_institutions,0.5,restricted,199976,18532.715557784722,5118.698394695535,2065.5850734177143,0.27619796886945747,0.11145614721044263,65318,15022,1972,MRI-ESM2-0,ssp126,2081_2100,historical_error_shorter_ice
core,lower,codex_primary,0.0,unadjusted,199976,17785.972587336302,7765.268998799061,1639.1063028409453,0.43659512914845994,0.09215724891018874,57963,8759,2124,MRI-ESM2-0,ssp585,2031_2050,central
core,lower,codex_primary,0.0,restricted,199976,17785.972587336302,7765.268998799061,1639.1063028409453,0.43659512914845994,0.09215724891018874,57963,8759,2124,MRI-ESM2-0,ssp585,2031_2050,central
core,lower,codex_primary,0.25,unadjusted,199976,17785.972587336302,6703.944520990688,1294.41719265809,0.37692313355773016,0.07277741975042294,57963,8650,2233,MRI-ESM2-0,ssp585,2031_2050,central
core,lower,codex_primary,0.25,restricted,199976,17785.972587336302,6646.52884350167,1264.0615209663117,0.3736949897378134,0.07107069994397323,57963,8645,2238,MRI-ESM2-0,ssp585,2031_2050,central
core,lower,codex_primary,0.5,unadjusted,199976,17785.972587336302,5642.620043182315,988.964326487961,0.31725113796700033,0.05560361243287355,57963,8474,2409,MRI-ESM2-0,ssp585,2031_2050,central
core,lower,codex_primary,0.5,restricted,199976,17785.972587336302,5527.7886882042785,937.7578539952981,0.31079485032716686,0.05272457547038986,57963,8464,2419,MRI-ESM2-0,ssp585,2031_2050,central
core,lower,codex_primary,0.75,unadjusted,199976,17785.972587336302,4581.295565373942,721.7632093918054,0.2575791423762705,0.04058047463233494,57963,8227,2656,MRI-ESM2-0,ssp585,2031_2050,central
core,lower,codex_primary,0.75,restricted,199976,17785.972587336302,4409.048532906887,659.5606264919126,0.2478947109165203,0.03708319144501116,57963,8215,2668,MRI-ESM2-0,ssp585,2031_2050,central
core,lower,no_ecology,0.5,unadjusted,199976,17785.972587336302,7765.268998799061,1321.1034936437459,0.43659512914845994,0.07427783255352467,57963,8474,2409,MRI-ESM2-0,ssp585,2031_2050,central
core,lower,no_ecology,0.5,restricted,199976,17785.972587336302,7765.268998799061,1282.3085585563813,0.43659512914845994,0.0720966229009816,57963,8464,2419,MRI-ESM2-0,ssp585,2031_2050,central
core,lower,no_maintenance,0.5,unadjusted,199976,17785.972587336302,5642.620043182315,996.6275858396916,0.31725113796700033,0.05603447216315262,57963,8759,2124,MRI-ESM2-0,ssp585,2031_2050,central
core,lower,no_maintenance,0.5,restricted,199976,17785.972587336302,5527.7886882042785,945.0312448860127,0.31079485032716686,0.05313351520393546,57963,8759,2124,MRI-ESM2-0,ssp585,2031_2050,central
core,lower,no_institutions,0.5,unadjusted,199976,17785.972587336302,5642.620043182315,1216.9285247350842,0.31725113796700033,0.06842069044914323,57963,8474,2409,MRI-ESM2-0,ssp585,2031_2050,central
core,lower,no_institutions,0.5,restricted,199976,17785.972587336302,5527.7886882042785,1186.004011941151,0.31079485032716686,0.06668198807331974,57963,8464,2419,MRI-ESM2-0,ssp585,2031_2050,central
core,upper,codex_primary,0.0,unadjusted,199976,17785.972587336302,8885.674859799972,3771.67462196266,0.4995889213349297,0.21205894720922433,68677,18246,2607,MRI-ESM2-0,ssp585,2031_2050,central
core,upper,codex_primary,0.0,restricted,199976,17785.972587336302,8885.674859799972,3771.67462196266,0.4995889213349297,0.21205894720922433,68677,18246,2607,MRI-ESM2-0,ssp585,2031_2050,central
core,upper,codex_primary,0.25,unadjusted,199976,17785.972587336302,7679.865176862782,2985.2292143029413,0.431793377570529,0.1678417752891646,68677,18106,2747,MRI-ESM2-0,ssp585,2031_2050,central
core,upper,codex_primary,0.25,restricted,199976,17785.972587336302,7620.07637758,2916.374255097512,0.42843180715377527,0.1639704683439119,68677,18100,2753,MRI-ESM2-0,ssp585,2031_2050,central
core,upper,codex_primary,0.5,unadjusted,199976,17785.972587336302,6474.0554939255935,2286.325418883807,0.3639978338061283,0.12854655024666356,68677,17830,3023,MRI-ESM2-0,ssp585,2031_2050,central
core,upper,codex_primary,0.5,restricted,199976,17785.972587336302,6354.477895360029,2169.3805507358416,0.3572746929726209,0.12197143226682194,68677,17819,3034,MRI-ESM2-0,ssp585,2031_2050,central
core,upper,codex_primary,0.75,unadjusted,199976,17785.972587336302,5268.245810988404,1678.8444194991391,0.2962022900417276,0.09439148808170797,68677,17517,3336,MRI-ESM2-0,ssp585,2031_2050,central
core,upper,codex_primary,0.75,restricted,199976,17785.972587336302,5088.879413140058,1534.8950634248306,0.28611757879146654,0.08629806752978374,68677,17503,3350,MRI-ESM2-0,ssp585,2031_2050,central
core,upper,no_ecology,0.5,unadjusted,199976,17785.972587336302,8885.674859799972,3052.606389665802,0.4995889213349297,0.17162999519291244,68677,17830,3023,MRI-ESM2-0,ssp585,2031_2050,central
core,upper,no_ecology,0.5,restricted,199976,17785.972587336302,8885.674859799972,2961.7616859800983,0.4995889213349297,0.16652233502759847,68677,17819,3034,MRI-ESM2-0,ssp585,2031_2050,central
core,upper,no_maintenance,0.5,unadjusted,199976,17785.972587336302,6474.0554939255935,2300.2081098244003,0.3639978338061283,0.12932709181516222,68677,18246,2607,MRI-ESM2-0,ssp585,2031_2050,central
core,upper,no_maintenance,0.5,restricted,199976,17785.972587336302,6354.477895360029,2182.7847124973923,0.3572746929726209,0.12272506897101289,68677,18246,2607,MRI-ESM2-0,ssp585,2031_2050,central
core,upper,no_institutions,0.5,unadjusted,199976,17785.972587336302,6474.0554939255935,2807.5403504304318,0.3639978338061283,0.15785138184849187,68677,17830,3023,MRI-ESM2-0,ssp585,2031_2050,central
core,upper,no_institutions,0.5,restricted,199976,17785.972587336302,6354.477895360029,2740.5775090684638,0.3572746929726209,0.15408645749402358,68677,17819,3034,MRI-ESM2-0,ssp585,2031_2050,central
conservative,lower,codex_primary,0.0,unadjusted,199976,17785.972587336302,5761.694521805156,1116.3152514552175,0.32394599134306046,0.06276380141561892,48559,6715,1625,MRI-ESM2-0,ssp585,2031_2050,central
conservative,lower,codex_primary,0.0,restricted,199976,17785.972587336302,5761.694521805156,1116.3152514552175,0.32394599134306046,0.06276380141561892,48559,6715,1625,MRI-ESM2-0,ssp585,2031_2050,central
conservative,lower,codex_primary,0.25,unadjusted,199976,17785.972587336302,4968.275018327966,882.7437464731553,0.2793367072805117,0.04963145771975793,48559,6633,1707,MRI-ESM2-0,ssp585,2031_2050,central
conservative,lower,codex_primary,0.25,restricted,199976,17785.972587336302,4929.283918548575,862.5114710312434,0.27714446844803126,0.04849391658487969,48559,6633,1707,MRI-ESM2-0,ssp585,2031_2050,central
conservative,lower,codex_primary,0.5,unadjusted,199976,17785.972587336302,4174.855514850777,677.0377618788513,0.234727423217963,0.03806582735660491,48559,6551,1789,MRI-ESM2-0,ssp585,2031_2050,central
conservative,lower,codex_primary,0.5,restricted,199976,17785.972587336302,4096.873315291994,642.7364894845801,0.2303429455530021,0.03613726976854848,48559,6548,1792,MRI-ESM2-0,ssp585,2031_2050,central
conservative,lower,codex_primary,0.75,unadjusted,199976,17785.972587336302,3381.436011373587,497.74430808361126,0.19011813915541428,0.027985217318844156,48559,6456,1884,MRI-ESM2-0,ssp585,2031_2050,central
conservative,lower,codex_primary,0.75,restricted,199976,17785.972587336302,3264.4627120354126,455.7422086427477,0.18354142265797294,0.025623687791312483,48559,6452,1888,MRI-ESM2-0,ssp585,2031_2050,central
conservative,lower,no_ecology,0.5,unadjusted,199976,17785.972587336302,5761.694521805156,906.331652529164,0.32394599134306046,0.050957666108991787,48559,6551,1789,MRI-ESM2-0,ssp585,2031_2050,central
conservative,lower,no_ecology,0.5,restricted,199976,17785.972587336302,5761.694521805156,880.8407646775013,0.32394599134306046,0.04952446431322311,48559,6548,1792,MRI-ESM2-0,ssp585,2031_2050,central
conservative,lower,no_maintenance,0.5,unadjusted,199976,17785.972587336302,4174.855514850777,681.9973296819601,0.234727423217963,0.03834467450869375,48559,6715,1625,MRI-ESM2-0,ssp585,2031_2050,central
conservative,lower,no_maintenance,0.5,restricted,199976,17785.972587336302,4096.873315291994,647.3131149206065,0.2303429455530021,0.036394586337184426,48559,6715,1625,MRI-ESM2-0,ssp585,2031_2050,central
conservative,lower,no_institutions,0.5,unadjusted,199976,17785.972587336302,4174.855514850777,826.6538408693932,0.234727423217963,0.04647785420843248,48559,6551,1789,MRI-ESM2-0,ssp585,2031_2050,central
conservative,lower,no_institutions,0.5,restricted,199976,17785.972587336302,4096.873315291994,805.7656197120544,0.2303429455530021,0.04530343312716918,48559,6548,1792,MRI-ESM2-0,ssp585,2031_2050,central
conservative,upper,codex_primary,0.0,unadjusted,199976,17785.972587336302,6708.61619802163,2685.1452893355645,0.3771857943151333,0.15096983176772694,58375,14893,2030,MRI-ESM2-0,ssp585,2031_2050,central
conservative,upper,codex_primary,0.0,restricted,199976,17785.972587336302,6708.61619802163,2685.1452893355645,0.3771857943151333,0.15096983176772694,58375,14893,2030,MRI-ESM2-0,ssp585,2031_2050,central
conservative,upper,codex_primary,0.25,unadjusted,199976,17785.972587336302,5792.322400297046,2132.47845399413,0.32566801572724835,0.11989664571463834,58375,14786,2137,MRI-ESM2-0,ssp585,2031_2050,central
conservative,upper,codex_primary,0.25,restricted,199976,17785.972587336302,5751.198240689108,2083.7108018696945,0.32335584756180213,0.11715472919109898,58375,14785,2138,MRI-ESM2-0,ssp585,2031_2050,central
conservative,upper,codex_primary,0.5,unadjusted,199976,17785.972587336302,4876.028602572465,1641.1036812774935,0.2741502371393635,0.0922695496813015,58375,14637,2286,MRI-ESM2-0,ssp585,2031_2050,central
conservative,upper,codex_primary,0.5,restricted,199976,17785.972587336302,4793.780283356585,1557.8333637701735,0.2695259008084708,0.08758775243358681,58375,14633,2290,MRI-ESM2-0,ssp585,2031_2050,central
conservative,upper,codex_primary,0.75,unadjusted,199976,17785.972587336302,3959.7348048478834,1214.1392582774974,0.22263245855147856,0.06826386650016375,58375,14503,2420,MRI-ESM2-0,ssp585,2031_2050,central
conservative,upper,codex_primary,0.75,restricted,199976,17785.972587336302,3836.3623260240633,1110.815561047358,0.21569595405513958,0.06245458636533961,58375,14497,2426,MRI-ESM2-0,ssp585,2031_2050,central
conservative,upper,no_ecology,0.5,unadjusted,199976,17785.972587336302,6708.61619802163,2192.9780119325465,0.3771857943151333,0.12329817788507992,58375,14637,2286,MRI-ESM2-0,ssp585,2031_2050,central
conservative,upper,no_ecology,0.5,restricted,199976,17785.972587336302,6708.61619802163,2129.5929308723794,0.3771857943151333,0.11973440982297813,58375,14633,2290,MRI-ESM2-0,ssp585,2031_2050,central
conservative,upper,no_maintenance,0.5,unadjusted,199976,17785.972587336302,4876.028602572465,1650.6088314214983,0.2741502371393635,0.09280396803246732,58375,14893,2030,MRI-ESM2-0,ssp585,2031_2050,central
conservative,upper,no_maintenance,0.5,restricted,199976,17785.972587336302,4793.780283356585,1566.8905872132293,0.2695259008084708,0.08809698651671503,58375,14893,2030,MRI-ESM2-0,ssp585,2031_2050,central
conservative,upper,no_institutions,0.5,unadjusted,199976,17785.972587336302,4876.028602572465,1996.5676626953614,0.2741502371393635,0.11225518609631317,58375,14637,2286,MRI-ESM2-0,ssp585,2031_2050,central
conservative,upper,no_institutions,0.5,restricted,199976,17785.972587336302,4793.780283356585,1948.5156846839875,0.2695259008084708,0.10955350769354834,58375,14633,2290,MRI-ESM2-0,ssp585,2031_2050,central
core,lower,codex_primary,0.0,unadjusted,199976,17785.972587336302,7056.936157503681,1631.1788795367468,0.39676976464746455,0.09171153680390545,45865,8573,1875,MRI-ESM2-0,ssp585,2031_2050,historical_error_longer_ice
core,lower,codex_primary,0.0,restricted,199976,17785.972587336302,7056.936157503681,1631.1788795367468,0.39676976464746455,0.09171153680390545,45865,8573,1875,MRI-ESM2-0,ssp585,2031_2050,historical_error_longer_ice
core,lower,codex_primary,0.25,unadjusted,199976,17785.972587336302,6103.896375874257,1288.7803410971765,0.34318597680850244,0.07246049294008214,45865,8479,1969,MRI-ESM2-0,ssp585,2031_2050,historical_error_longer_ice
core,lower,codex_primary,0.25,restricted,199976,17785.972587336302,6047.63637960011,1258.6636009386127,0.3400228101051981,0.07076720684000082,45865,8474,1974,MRI-ESM2-0,ssp585,2031_2050,historical_error_longer_ice
core,lower,codex_primary,0.5,unadjusted,199976,17785.972587336302,5150.856594244833,985.2060295011249,0.2896021889695404,0.055392305630932795,45865,8324,2124,MRI-ESM2-0,ssp585,2031_2050,historical_error_longer_ice
core,lower,codex_primary,0.5,restricted,199976,17785.972587336302,5038.336601696537,934.3840552245223,0.2832758555629315,0.052534886728084144,45865,8314,2134,MRI-ESM2-0,ssp585,2031_2050,historical_error_longer_ice
core,lower,codex_primary,0.75,unadjusted,199976,17785.972587336302,4197.816812615409,719.3391231044591,0.2360184011305783,0.04044418260357783,45865,8090,2358,MRI-ESM2-0,ssp585,2031_2050,historical_error_longer_ice
core,lower,codex_primary,0.75,restricted,199976,17785.972587336302,4029.036823792968,657.5951785322337,0.22652890102066509,0.036972685935681954,45865,8078,2370,MRI-ESM2-0,ssp585,2031_2050,historical_error_longer_ice
core,lower,no_ecology,0.5,unadjusted,199976,17785.972587336302,7056.936157503681,1315.805294898027,0.39676976464746455,0.07397994618719285,45865,8324,2124,MRI-ESM2-0,ssp585,2031_2050,historical_error_longer_ice
core,lower,no_ecology,0.5,restricted,199976,17785.972587336302,7056.936157503681,1277.447631377395,0.39676976464746455,0.07182332172753622,45865,8314,2134,MRI-ESM2-0,ssp585,2031_2050,historical_error_longer_ice
core,lower,no_maintenance,0.5,unadjusted,199976,17785.972587336302,5150.856594244833,992.5098261857075,0.2896021889695404,0.05580295490235824,45865,8573,1875,MRI-ESM2-0,ssp585,2031_2050,historical_error_longer_ice
core,lower,no_maintenance,0.5,restricted,199976,17785.972587336302,5038.336601696537,941.327052632072,0.2832758555629315,0.05292525039099078,45865,8573,1875,MRI-ESM2-0,ssp585,2031_2050,historical_error_longer_ice
core,lower,no_institutions,0.5,unadjusted,199976,17785.972587336302,5150.856594244833,1211.864704159884,0.2896021889695404,0.06813598178053741,45865,8324,2124,MRI-ESM2-0,ssp585,2031_2050,historical_error_longer_ice
core,lower,no_institutions,0.5,restricted,199976,17785.972587336302,5038.336601696537,1181.033011273561,0.2832758555629315,0.06640249811890872,45865,8314,2134,MRI-ESM2-0,ssp585,2031_2050,historical_error_longer_ice
core,upper,codex_primary,0.0,unadjusted,199976,17785.972587336302,8177.342018504592,3760.749792484281,0.45976355683393433,0.21144470868924833,56579,17993,2279,MRI-ESM2-0,ssp585,2031_2050,historical_error_longer_ice
core,upper,codex_primary,0.0,restricted,199976,17785.972587336302,8177.342018504592,3760.749792484281,0.45976355683393433,0.21144470868924833,56579,17993,2279,MRI-ESM2-0,ssp585,2031_2050,historical_error_longer_ice
core,upper,codex_primary,0.25,unadjusted,199976,17785.972587336302,7079.817031746352,2977.6136054422695,0.3980562208213014,0.16741359466405253,56579,17880,2392,MRI-ESM2-0,ssp585,2031_2050,historical_error_longer_ice
core,upper,codex_primary,0.25,restricted,199976,17785.972587336302,7021.183913678441,2909.020608450529,0.39475962752116,0.16355701630406005,56579,17874,2398,MRI-ESM2-0,ssp585,2031_2050,historical_error_longer_ice
core,upper,codex_primary,0.5,unadjusted,199976,17785.972587336302,5982.292044988111,2281.209223547238,0.33634888480866837,0.12825889685512445,56579,17634,2638,MRI-ESM2-0,ssp585,2031_2050,historical_error_longer_ice
core,upper,codex_primary,0.5,restricted,199976,17785.972587336302,5865.025808852289,2164.682412477318,0.3297556982083856,0.12170728375116142,56579,17623,2649,MRI-ESM2-0,ssp585,2031_2050,historical_error_longer_ice
core,upper,codex_primary,0.75,unadjusted,199976,17785.972587336302,4884.767058229872,1675.478171387162,0.2746415487960355,0.09420222386826968,56579,17337,2935,MRI-ESM2-0,ssp585,2031_2050,historical_error_longer_ice
core,upper,codex_primary,0.75,restricted,199976,17785.972587336302,4708.867704026139,1532.0248997361807,0.26475176889561136,0.08613669520816589,56579,17323,2949,MRI-ESM2-0,ssp585,2031_2050,historical_error_longer_ice
core,upper,no_ecology,0.5,unadjusted,199976,17785.972587336302,8177.342018504592,3045.3641874713303,0.45976355683393433,0.17122280901521483,56579,17634,2638,MRI-ESM2-0,ssp585,2031_2050,historical_error_longer_ice
core,upper,no_ecology,0.5,restricted,199976,17785.972587336302,8177.342018504592,2955.0049533115393,0.45976355683393433,0.16614244392884744,56579,17623,2649,MRI-ESM2-0,ssp585,2031_2050,historical_error_longer_ice
core,upper,no_maintenance,0.5,unadjusted,199976,17785.972587336302,5982.292044988111,2294.4079083994707,0.33634888480866837,0.12900098080849962,56579,17993,2279,MRI-ESM2-0,ssp585,2031_2050,historical_error_longer_ice
core,upper,no_maintenance,0.5,restricted,199976,17785.972587336302,5865.025808852289,2177.447773376047,0.3297556982083856,0.12242500446258418,56579,17993,2279,MRI-ESM2-0,ssp585,2031_2050,historical_error_longer_ice
core,upper,no_institutions,0.5,unadjusted,199976,17785.972587336302,5982.292044988111,2800.8384768456967,0.33634888480866837,0.15747457515142618,56579,17634,2638,MRI-ESM2-0,ssp585,2031_2050,historical_error_longer_ice
core,upper,no_institutions,0.5,restricted,199976,17785.972587336302,5865.025808852289,2733.9684553913385,0.3297556982083856,0.15371486951115268,56579,17623,2649,MRI-ESM2-0,ssp585,2031_2050,historical_error_longer_ice
conservative,lower,codex_primary,0.0,unadjusted,199976,17785.972587336302,5103.320704417802,1108.4323984740363,0.28692952715171677,0.06232059523487883,37266,6532,1401,MRI-ESM2-0,ssp585,2031_2050,historical_error_longer_ice
conservative,lower,codex_primary,0.0,restricted,199976,17785.972587336302,5103.320704417802,1108.4323984740363,0.28692952715171677,0.06232059523487883,37266,6532,1401,MRI-ESM2-0,ssp585,2031_2050,historical_error_longer_ice
conservative,lower,codex_primary,0.25,unadjusted,199976,17785.972587336302,4410.789114197373,877.1407891972481,0.24799257350356405,0.04931643658451248,37266,6465,1468,MRI-ESM2-0,ssp585,2031_2050,historical_error_longer_ice
conservative,lower,codex_primary,0.25,restricted,199976,17785.972587336302,4372.925012684412,857.1468506586273,0.24586369911522046,0.04819229572348042,37266,6465,1468,MRI-ESM2-0,ssp585,2031_2050,historical_error_longer_ice
conservative,lower,codex_primary,0.5,unadjusted,199976,17785.972587336302,3718.257523976945,673.3041506326105,0.20905561985541135,0.0378559084877937,37266,6404,1529,MRI-ESM2-0,ssp585,2031_2050,historical_error_longer_ice
conservative,lower,codex_primary,0.5,restricted,199976,17785.972587336302,3642.5293209510223,639.3863970639377,0.2047978710787242,0.03594891389404164,37266,6401,1532,MRI-ESM2-0,ssp585,2031_2050,historical_error_longer_ice
conservative,lower,codex_primary,0.75,unadjusted,199976,17785.972587336302,3025.7259337565174,495.33716648604855,0.17011866620725868,0.02784987798973282,37266,6322,1611,MRI-ESM2-0,ssp585,2031_2050,historical_error_longer_ice
conservative,lower,codex_primary,0.75,restricted,199976,17785.972587336302,2912.133629217632,453.7925510912362,0.16373204304222785,0.025514070083203583,37266,6318,1615,MRI-ESM2-0,ssp585,2031_2050,historical_error_longer_ice
conservative,lower,no_ecology,0.5,unadjusted,199976,17785.972587336302,5103.320704417802,901.0679169754909,0.28692952715171677,0.05066171740403196,37266,6404,1529,MRI-ESM2-0,ssp585,2031_2050,historical_error_longer_ice
conservative,lower,no_ecology,0.5,restricted,199976,17785.972587336302,5103.320704417802,876.0129015613287,0.28692952715171677,0.04925302213639158,37266,6401,1532,MRI-ESM2-0,ssp585,2031_2050,historical_error_longer_ice
conservative,lower,no_maintenance,0.5,unadjusted,199976,17785.972587336302,3718.257523976945,677.9042557685713,0.20905561985541135,0.038114545181028914,37266,6532,1401,MRI-ESM2-0,ssp585,2031_2050,historical_error_longer_ice
conservative,lower,no_maintenance,0.5,restricted,199976,17785.972587336302,3642.5293209510223,643.6326290167987,0.2047978710787242,0.036187654392038596,37266,6532,1401,MRI-ESM2-0,ssp585,2031_2050,historical_error_longer_ice
conservative,lower,no_institutions,0.5,unadjusted,199976,17785.972587336302,3718.257523976945,821.621878178561,0.20905561985541135,0.04619493672016338,37266,6404,1529,MRI-ESM2-0,ssp585,2031_2050,historical_error_longer_ice
conservative,lower,no_institutions,0.5,restricted,199976,17785.972587336302,3642.5293209510223,800.826476928833,0.2047978710787242,0.04502573435309494,37266,6401,1532,MRI-ESM2-0,ssp585,2031_2050,historical_error_longer_ice
conservative,upper,codex_primary,0.0,unadjusted,199976,17785.972587336302,6050.242380634274,2674.27280856481,0.3401693301237895,0.15035853650583636,47082,14644,1730,MRI-ESM2-0,ssp585,2031_2050,historical_error_longer_ice
conservative,upper,codex_primary,0.0,restricted,199976,17785.972587336302,6050.242380634274,2674.27280856481,0.3401693301237895,0.15035853650583636,47082,14644,1730,MRI-ESM2-0,ssp585,2031_2050,historical_error_longer_ice
conservative,upper,codex_primary,0.25,unadjusted,199976,17785.972587336302,5234.836496166455,2124.903043556116,0.29432388195030074,0.11947072520898053,47082,14564,1810,MRI-ESM2-0,ssp585,2031_2050,historical_error_longer_ice
conservative,upper,codex_primary,0.25,restricted,199976,17785.972587336302,5194.839334824944,2076.396759015445,0.2920750782289912,0.11674350383817915,47082,14563,1811,MRI-ESM2-0,ssp585,2031_2050,historical_error_longer_ice
conservative,upper,codex_primary,0.5,unadjusted,199976,17785.972587336302,4419.430611698634,1636.0171449861787,0.2484784337768118,0.09198356384238615,47082,14445,1929,MRI-ESM2-0,ssp585,2031_2050,historical_error_longer_ice
conservative,upper,codex_primary,0.5,restricted,199976,17785.972587336302,4339.436289015613,1553.1639051664417,0.24398082633419282,0.08732521640521936,47082,14441,1933,MRI-ESM2-0,ssp585,2031_2050,historical_error_longer_ice
conservative,upper,codex_primary,0.75,unadjusted,199976,17785.972587336302,3604.0247272308134,1210.793740740938,0.20263298560332293,0.06807576784431957,47082,14327,2047,MRI-ESM2-0,ssp585,2031_2050,historical_error_longer_ice
conservative,upper,codex_primary,0.75,restricted,199976,17785.972587336302,3484.033243206283,1107.9649736525096,0.1958865744393945,0.06229431470289041,47082,14321,2053,MRI-ESM2-0,ssp585,2031_2050,historical_error_longer_ice
conservative,upper,no_ecology,0.5,unadjusted,199976,17785.972587336302,6050.242380634274,2185.776904002999,0.3401693301237895,0.12289330219474658,47082,14445,1929,MRI-ESM2-0,ssp585,2031_2050,historical_error_longer_ice
conservative,upper,no_ecology,0.5,restricted,199976,17785.972587336302,6050.242380634274,2122.8758933395134,0.3401693301237895,0.11935675054683324,47082,14441,1933,MRI-ESM2-0,ssp585,2031_2050,historical_error_longer_ice
conservative,upper,no_maintenance,0.5,unadjusted,199976,17785.972587336302,4419.430611698634,1644.8382890418227,0.2484784337768118,0.09247952457842848,47082,14644,1730,MRI-ESM2-0,ssp585,2031_2050,historical_error_longer_ice
conservative,upper,no_maintenance,0.5,restricted,199976,17785.972587336302,4339.436289015613,1561.5823277466764,0.24398082633419282,0.08779853449557942,47082,14644,1730,MRI-ESM2-0,ssp585,2031_2050,historical_error_longer_ice
conservative,upper,no_institutions,0.5,unadjusted,199976,17785.972587336302,4419.430611698634,1989.9034807834503,0.2484784337768118,0.1118804985789909,47082,14445,1929,MRI-ESM2-0,ssp585,2031_2050,historical_error_longer_ice
conservative,upper,no_institutions,0.5,restricted,199976,17785.972587336302,4339.436289015613,1941.9443226796875,0.24398082633419282,0.10918403889042094,47082,14441,1933,MRI-ESM2-0,ssp585,2031_2050,historical_error_longer_ice
core,lower,codex_primary,0.0,unadjusted,199976,17785.972587336302,8385.399129051042,1640.2238335340726,0.4714613770978983,0.09222008104869789,74380,8783,2188,MRI-ESM2-0,ssp585,2031_2050,historical_error_shorter_ice
core,lower,codex_primary,0.0,restricted,199976,17785.972587336302,8385.399129051042,1640.2238335340726,0.4714613770978983,0.09222008104869789,74380,8783,2188,MRI-ESM2-0,ssp585,2031_2050,historical_error_shorter_ice
core,lower,codex_primary,0.25,unadjusted,199976,17785.972587336302,7229.147295154877,1295.1386454385215,0.4064521779541066,0.07281798277147163,74380,8672,2299,MRI-ESM2-0,ssp585,2031_2050,historical_error_shorter_ice
core,lower,codex_primary,0.25,restricted,199976,17785.972587336302,7170.823854046793,1264.7701291168396,0.4031729959570754,0.07111054078748338,74380,8667,2304,MRI-ESM2-0,ssp585,2031_2050,historical_error_shorter_ice
core,lower,codex_primary,0.5,unadjusted,199976,17785.972587336302,6072.895461258714,989.4748008500459,0.3414429788103151,0.05563231338580588,74380,8496,2475,MRI-ESM2-0,ssp585,2031_2050,historical_error_shorter_ice
core,lower,codex_primary,0.5,restricted,199976,17785.972587336302,5956.248579042544,938.2471724963654,0.33488461481625253,0.052752086954435194,74380,8486,2485,MRI-ESM2-0,ssp585,2031_2050,historical_error_shorter_ice
core,lower,codex_primary,0.75,unadjusted,199976,17785.972587336302,4916.6436273625495,721.9419075983106,0.27643377966652344,0.040590521775139624,74380,8245,2726,MRI-ESM2-0,ssp585,2031_2050,historical_error_shorter_ice
core,lower,codex_primary,0.75,restricted,199976,17785.972587336302,4741.673304038295,659.7143910050758,0.2665962336754297,0.03709183671377047,74380,8233,2738,MRI-ESM2-0,ssp585,2031_2050,historical_error_shorter_ice
core,lower,no_ecology,0.5,unadjusted,199976,17785.972587336302,8385.399129051042,1321.8492956811394,0.4714613770978983,0.07431976458921917,74380,8496,2475,MRI-ESM2-0,ssp585,2031_2050,historical_error_shorter_ice
core,lower,no_ecology,0.5,restricted,199976,17785.972587336302,8385.399129051042,1283.0241379351783,0.4714613770978983,0.07213685569540895,74380,8486,2485,MRI-ESM2-0,ssp585,2031_2050,historical_error_shorter_ice
core,lower,no_maintenance,0.5,unadjusted,199976,17785.972587336302,6072.895461258714,997.2240503580696,0.3414429788103151,0.05606800783377446,74380,8783,2188,MRI-ESM2-0,ssp585,2031_2050,historical_error_shorter_ice
core,lower,no_maintenance,0.5,restricted,199976,17785.972587336302,5956.248579042544,945.6042191251142,0.33488461481625253,0.053165730155144225,74380,8783,2188,MRI-ESM2-0,ssp585,2031_2050,historical_error_shorter_ice
core,lower,no_institutions,0.5,unadjusted,199976,17785.972587336302,6072.895461258714,1217.5915706771423,0.3414429788103151,0.06845796959926011,74380,8496,2475,MRI-ESM2-0,ssp585,2031_2050,historical_error_shorter_ice
core,lower,no_institutions,0.5,restricted,199976,17785.972587336302,5956.248579042544,1186.6670578832088,0.33488461481625253,0.0667192672234366,74380,8486,2485,MRI-ESM2-0,ssp585,2031_2050,historical_error_shorter_ice
core,upper,codex_primary,0.0,unadjusted,199976,17785.972587336302,9505.80499005195,3780.835592714377,0.534455169284368,0.21257401438965165,85094,18288,2721,MRI-ESM2-0,ssp585,2031_2050,historical_error_shorter_ice
core,upper,codex_primary,0.0,restricted,199976,17785.972587336302,9505.80499005195,3780.835592714377,0.534455169284368,0.21257401438965165,85094,18288,2721,MRI-ESM2-0,ssp585,2031_2050,historical_error_shorter_ice
core,upper,codex_primary,0.25,unadjusted,199976,17785.972587336302,8205.067951026973,2989.6334096855026,0.4613224219669056,0.168089397136153,85094,18145,2864,MRI-ESM2-0,ssp585,2031_2050,historical_error_shorter_ice
core,upper,codex_primary,0.25,restricted,199976,17785.972587336302,8144.371388125122,2920.6518797428607,0.4579098133730372,0.16421097386725866,85094,18139,2870,MRI-ESM2-0,ssp585,2031_2050,historical_error_shorter_ice
core,upper,codex_primary,0.5,unadjusted,199976,17785.972587336302,6904.330912001992,2289.384468542037,0.38818967464944304,0.12871854250872342,85094,17869,3140,MRI-ESM2-0,ssp585,2031_2050,historical_error_shorter_ice
core,upper,codex_primary,0.5,restricted,199976,17785.972587336302,6782.937786198296,2172.2238488432804,0.38136445746170666,0.1221312940957704,85094,17858,3151,MRI-ESM2-0,ssp585,2031_2050,historical_error_shorter_ice
core,upper,codex_primary,0.75,unadjusted,199976,17785.972587336302,5603.593872977012,1679.1216835546884,0.3150569273319806,0.09440707699899589,85094,17547,3462,MRI-ESM2-0,ssp585,2031_2050,historical_error_shorter_ice
core,upper,codex_primary,0.75,restricted,199976,17785.972587336302,5421.504184271466,1535.1369020173943,0.3048191015503759,0.08631166468289843,85094,17533,3476,MRI-ESM2-0,ssp585,2031_2050,historical_error_shorter_ice
core,upper,no_ecology,0.5,unadjusted,199976,17785.972587336302,9505.80499005195,3056.889004099674,0.534455169284368,0.17187078126254357,85094,17869,3140,MRI-ESM2-0,ssp585,2031_2050,historical_error_shorter_ice
core,upper,no_ecology,0.5,restricted,199976,17785.972587336302,9505.80499005195,2965.753769015907,0.534455169284368,0.16674678623577424,85094,17858,3151,MRI-ESM2-0,ssp585,2031_2050,historical_error_shorter_ice
core,upper,no_maintenance,0.5,unadjusted,199976,17785.972587336302,6904.330912001992,2305.1136461614315,0.38818967464944304,0.1296029010976146,85094,18288,2721,MRI-ESM2-0,ssp585,2031_2050,historical_error_shorter_ice
core,upper,no_maintenance,0.5,restricted,199976,17785.972587336302,6782.937786198296,2187.4721628653724,0.38136445746170666,0.12298861656982779,85094,18288,2721,MRI-ESM2-0,ssp585,2031_2050,historical_error_shorter_ice
core,upper,no_institutions,0.5,unadjusted,199976,17785.972587336302,6904.330912001992,2811.838263444111,0.38818967464944304,0.15809302806674475,85094,17869,3140,MRI-ESM2-0,ssp585,2031_2050,historical_error_shorter_ice
core,upper,no_institutions,0.5,restricted,199976,17785.972587336302,6782.937786198296,2744.875422082144,0.38136445746170666,0.1543281037122765,85094,17858,3151,MRI-ESM2-0,ssp585,2031_2050,historical_error_shorter_ice
conservative,lower,codex_primary,0.0,unadjusted,199976,17785.972587336302,6353.014401847701,1117.4327821483448,0.3571924093918304,0.06282663355412806,64627,6739,1686,MRI-ESM2-0,ssp585,2031_2050,historical_error_shorter_ice
conservative,lower,codex_primary,0.0,restricted,199976,17785.972587336302,6353.014401847701,1117.4327821483448,0.3571924093918304,0.06282663355412806,64627,6739,1686,MRI-ESM2-0,ssp585,2031_2050,historical_error_shorter_ice
conservative,lower,codex_primary,0.25,unadjusted,199976,17785.972587336302,5469.071343895231,883.4651992535867,0.30749352148384823,0.049672020740806615,64627,6655,1770,MRI-ESM2-0,ssp585,2031_2050,historical_error_shorter_ice
conservative,lower,codex_primary,0.25,restricted,199976,17785.972587336302,5429.209983059539,863.2200791817712,0.30525235302145703,0.048533757428389834,64627,6655,1770,MRI-ESM2-0,ssp585,2031_2050,historical_error_shorter_ice
conservative,lower,codex_primary,0.5,unadjusted,199976,17785.972587336302,4585.128285942761,677.5482362409363,0.2577946335758661,0.03809452830953725,64627,6573,1852,MRI-ESM2-0,ssp585,2031_2050,historical_error_shorter_ice
conservative,lower,codex_primary,0.5,restricted,199976,17785.972587336302,4505.4055642713765,643.2258079856476,0.25331229665108373,0.03616478125259383,64627,6570,1855,MRI-ESM2-0,ssp585,2031_2050,historical_error_shorter_ice
conservative,lower,codex_primary,0.75,unadjusted,199976,17785.972587336302,3701.18522799029,497.9230062901166,0.20809574566788389,0.027995264461648846,64627,6474,1951,MRI-ESM2-0,ssp585,2031_2050,historical_error_shorter_ice
conservative,lower,codex_primary,0.75,restricted,199976,17785.972587336302,3581.6011454832155,455.8959731559109,0.20137224028071046,0.02563233306007179,64627,6470,1955,MRI-ESM2-0,ssp585,2031_2050,historical_error_shorter_ice
conservative,lower,no_ecology,0.5,unadjusted,199976,17785.972587336302,6353.014401847701,907.0774545665579,0.3571924093918304,0.0509995981446863,64627,6573,1852,MRI-ESM2-0,ssp585,2031_2050,historical_error_shorter_ice
conservative,lower,no_ecology,0.5,restricted,199976,17785.972587336302,6353.014401847701,881.5563440562985,0.3571924093918304,0.04956469710765049,64627,6570,1855,MRI-ESM2-0,ssp585,2031_2050,historical_error_shorter_ice
conservative,lower,no_maintenance,0.5,unadjusted,199976,17785.972587336302,4585.128285942761,682.5937942003379,0.2577946335758661,0.03837821017931558,64627,6739,1686,MRI-ESM2-0,ssp585,2031_2050,historical_error_shorter_ice
conservative,lower,no_maintenance,0.5,restricted,199976,17785.972587336302,4505.4055642713765,647.886089159708,0.25331229665108373,0.03642680128839319,64627,6739,1686,MRI-ESM2-0,ssp585,2031_2050,historical_error_shorter_ice
conservative,lower,no_institutions,0.5,unadjusted,199976,17785.972587336302,4585.128285942761,827.3168868114511,0.2577946335758661,0.04651513335854935,64627,6573,1852,MRI-ESM2-0,ssp585,2031_2050,historical_error_shorter_ice
conservative,lower,no_institutions,0.5,restricted,199976,17785.972587336302,4505.4055642713765,806.4286656541124,0.25331229665108373,0.04534071227728606,64627,6570,1855,MRI-ESM2-0,ssp585,2031_2050,historical_error_shorter_ice
conservative,upper,codex_primary,0.0,unadjusted,199976,17785.972587336302,7299.936078064175,2694.256035361221,0.4104322123639032,0.15148207510898473,74443,14932,2140,MRI-ESM2-0,ssp585,2031_2050,historical_error_shorter_ice
conservative,upper,codex_primary,0.0,restricted,199976,17785.972587336302,7299.936078064175,2694.256035361221,0.4104322123639032,0.15148207510898473,74443,14932,2140,MRI-ESM2-0,ssp585,2031_2050,historical_error_shorter_ice
conservative,upper,codex_primary,0.25,unadjusted,199976,17785.972587336302,6293.118725864311,2136.846469140817,0.35382482993058484,0.12014223336103992,74443,14822,2250,MRI-ESM2-0,ssp585,2031_2050,historical_error_shorter_ice
conservative,upper,codex_primary,0.25,restricted,199976,17785.972587336302,6251.124305200072,2087.9535057175785,0.35146373213522786,0.11739327132462868,74443,14821,2251,MRI-ESM2-0,ssp585,2031_2050,historical_error_shorter_ice
conservative,upper,codex_primary,0.5,unadjusted,199976,17785.972587336302,5286.30137366445,1644.138249216575,0.2972174474972666,0.09244016548115054,74443,14673,2399,MRI-ESM2-0,ssp585,2031_2050,historical_error_shorter_ice
conservative,upper,codex_primary,0.5,restricted,199976,17785.972587336302,5202.312532335967,1560.6542545276109,0.2924952519065524,0.0877463544298277,74443,14669,2403,MRI-ESM2-0,ssp585,2031_2050,historical_error_shorter_ice
conservative,upper,codex_primary,0.75,unadjusted,199976,17785.972587336302,4279.4840214645865,1214.4013931571683,0.2406100650639482,0.06827860479341051,74443,14530,2542,MRI-ESM2-0,ssp585,2031_2050,historical_error_shorter_ice
conservative,upper,codex_primary,0.75,restricted,199976,17785.972587336302,4153.500759471865,1111.0447152562522,0.23352677167787708,0.06246747035061335,74443,14524,2548,MRI-ESM2-0,ssp585,2031_2050,historical_error_shorter_ice
conservative,upper,no_ecology,0.5,unadjusted,199976,17785.972587336302,7299.936078064175,2197.2263048230075,0.4104322123639032,0.12353703425740367,74443,14673,2399,MRI-ESM2-0,ssp585,2031_2050,historical_error_shorter_ice
conservative,upper,no_ecology,0.5,restricted,199976,17785.972587336302,7299.936078064175,2133.553655749272,0.4104322123639032,0.11995709794742247,74443,14669,2403,MRI-ESM2-0,ssp585,2031_2050,historical_error_shorter_ice
conservative,upper,no_maintenance,0.5,unadjusted,199976,17785.972587336302,5286.30137366445,1655.48988603938,0.2972174474972666,0.09307840085270888,74443,14932,2140,MRI-ESM2-0,ssp585,2031_2050,historical_error_shorter_ice
conservative,upper,no_maintenance,0.5,restricted,199976,17785.972587336302,5202.312532335967,1571.5556302312086,0.2924952519065524,0.08835927428282239,74443,14932,2140,MRI-ESM2-0,ssp585,2031_2050,historical_error_shorter_ice
conservative,upper,no_institutions,0.5,unadjusted,199976,17785.972587336302,5286.30137366445,2000.8298827541598,0.2972174474972666,0.1124948255109063,74443,14673,2399,MRI-ESM2-0,ssp585,2031_2050,historical_error_shorter_ice
conservative,upper,no_institutions,0.5,restricted,199976,17785.972587336302,5202.312532335967,1952.7779047427862,0.2924952519065524,0.10979314710814148,74443,14669,2403,MRI-ESM2-0,ssp585,2031_2050,historical_error_shorter_ice
core,lower,codex_primary,0.0,unadjusted,199976,17346.317768174635,8693.779556268119,1653.2689594515336,0.5011887636590305,0.09530950496507065,76072,8806,2328,MRI-ESM2-0,ssp585,2081_2100,central
core,lower,codex_primary,0.0,restricted,199976,17346.317768174635,8693.779556268119,1653.2689594515336,0.5011887636590305,0.09530950496507065,76072,8806,2328,MRI-ESM2-0,ssp585,2081_2100,central
core,lower,codex_primary,0.25,unadjusted,199976,17346.317768174635,7492.441006034449,1304.7569217392586,0.43193265027006844,0.07521809176891144,76072,8623,2511,MRI-ESM2-0,ssp585,2081_2100,central
core,lower,codex_primary,0.25,restricted,199976,17346.317768174635,7432.214596949121,1274.3931495182708,0.4284606506278259,0.07346764694097818,76072,8620,2514,MRI-ESM2-0,ssp585,2081_2100,central
core,lower,codex_primary,0.5,unadjusted,199976,17346.317768174635,6291.10245580078,995.0472126283737,0.36267653688110646,0.05736359877218387,76072,8447,2687,MRI-ESM2-0,ssp585,2081_2100,central
core,lower,codex_primary,0.5,restricted,199976,17346.317768174635,6170.649637630124,944.0546191731333,0.3557325375966213,0.05442392049943848,76072,8439,2695,MRI-ESM2-0,ssp585,2081_2100,central
core,lower,codex_primary,0.75,unadjusted,199976,17346.317768174635,5089.763905567113,729.1111240378731,0.2934204234921446,0.04203261659229929,76072,8354,2780,MRI-ESM2-0,ssp585,2081_2100,central
core,lower,codex_primary,0.75,restricted,199976,17346.317768174635,4909.084678311128,666.4927513398732,0.28300442456541686,0.0384227223464504,76072,8335,2799,MRI-ESM2-0,ssp585,2081_2100,central
core,lower,no_ecology,0.5,unadjusted,199976,17346.317768174635,8693.779556268119,1329.5773123848992,0.5011887636590305,0.07664896551268538,76072,8447,2687,MRI-ESM2-0,ssp585,2081_2100,central
core,lower,no_ecology,0.5,restricted,199976,17346.317768174635,8693.779556268119,1291.3934757935156,0.5011887636590305,0.07444770083497726,76072,8439,2695,MRI-ESM2-0,ssp585,2081_2100,central
core,lower,no_maintenance,0.5,unadjusted,199976,17346.317768174635,6291.10245580078,1006.8141946723074,0.36267653688110646,0.05804195496288635,76072,8806,2328,MRI-ESM2-0,ssp585,2081_2100,central
core,lower,no_maintenance,0.5,restricted,199976,17346.317768174635,6170.649637630124,955.0141533482246,0.3557325375966213,0.05505572802894187,76072,8806,2328,MRI-ESM2-0,ssp585,2081_2100,central
core,lower,no_institutions,0.5,unadjusted,199976,17346.317768174635,6291.10245580078,1222.099786978384,0.36267653688110646,0.07045298047177342,76072,8447,2687,MRI-ESM2-0,ssp585,2081_2100,central
core,lower,no_institutions,0.5,restricted,199976,17346.317768174635,6170.649637630124,1191.0165770819485,0.3557325375966213,0.0686610606930718,76072,8439,2695,MRI-ESM2-0,ssp585,2081_2100,central
core,upper,codex_primary,0.0,unadjusted,199976,17346.317768174635,9757.695944540073,3780.075185870619,0.5625226099825382,0.21791801789806592,86248,18088,2892,MRI-ESM2-0,ssp585,2081_2100,central
core,upper,codex_primary,0.0,restricted,199976,17346.317768174635,9757.695944540073,3780.075185870619,0.5625226099825382,0.21791801789806592,86248,18088,2892,MRI-ESM2-0,ssp585,2081_2100,central
core,upper,codex_primary,0.25,unadjusted,199976,17346.317768174635,8420.004377324916,2991.8367849871556,0.48540586479818415,0.17247676567278686,86248,17844,3136,MRI-ESM2-0,ssp585,2081_2100,central
core,upper,codex_primary,0.25,restricted,199976,17346.317768174635,8357.912965010964,2922.878555749964,0.48182634935613045,0.1685013842599253,86248,17840,3140,MRI-ESM2-0,ssp585,2081_2100,central
core,upper,codex_primary,0.5,unadjusted,199976,17346.317768174635,7082.312810109759,2292.297888953264,0.4082891196138301,0.13214896207879653,86248,17609,3371,MRI-ESM2-0,ssp585,2081_2100,central
core,upper,codex_primary,0.5,restricted,199976,17346.317768174635,6958.129985481853,2175.433007351481,0.40113008872972244,0.1254118041895184,86248,17600,3380,MRI-ESM2-0,ssp585,2081_2100,central
core,upper,codex_primary,0.75,unadjusted,199976,17346.317768174635,5744.621242894599,1686.4128803253222,0.3311723744294758,0.09722022292358735,86248,17463,3517,MRI-ESM2-0,ssp585,2081_2100,central
core,upper,codex_primary,0.75,restricted,199976,17346.317768174635,5558.3470059527435,1541.741643722578,0.32043382810331467,0.0888800530652804,86248,17440,3540,MRI-ESM2-0,ssp585,2081_2100,central
core,upper,no_ecology,0.5,unadjusted,199976,17346.317768174635,9757.695944540073,3060.5185252058945,0.5625226099825382,0.17643620773632093,86248,17609,3371,MRI-ESM2-0,ssp585,2081_2100,central
core,upper,no_ecology,0.5,restricted,199976,17346.317768174635,9757.695944540073,2970.302629367717,0.5625226099825382,0.17123534049499223,86248,17600,3380,MRI-ESM2-0,ssp585,2081_2100,central
core,upper,no_maintenance,0.5,unadjusted,199976,17346.317768174635,7082.312810109759,2307.601339127984,0.4082891196138301,0.13303119255440773,86248,18088,2892,MRI-ESM2-0,ssp585,2081_2100,central
core,upper,no_maintenance,0.5,restricted,199976,17346.317768174635,6958.129985481853,2189.7961569616723,0.40113008872972244,0.1262398271625867,86248,18088,2892,MRI-ESM2-0,ssp585,2081_2100,central
core,upper,no_institutions,0.5,unadjusted,199976,17346.317768174635,7082.312810109759,2811.7945973766373,0.4082891196138301,0.1620974915226936,86248,17609,3371,MRI-ESM2-0,ssp585,2081_2100,central
core,upper,no_institutions,0.5,restricted,199976,17346.317768174635,6958.129985481853,2744.4809652278213,0.40113008872972244,0.15821691968903814,86248,17600,3380,MRI-ESM2-0,ssp585,2081_2100,central
conservative,lower,codex_primary,0.0,unadjusted,199976,17346.317768174635,6681.725862683254,1135.9253614056638,0.3851956335621987,0.0654851004453378,66338,6822,1759,MRI-ESM2-0,ssp585,2081_2100,central
conservative,lower,codex_primary,0.0,restricted,199976,17346.317768174635,6681.725862683254,1135.9253614056638,0.3851956335621987,0.0654851004453378,66338,6822,1759,MRI-ESM2-0,ssp585,2081_2100,central
conservative,lower,codex_primary,0.25,unadjusted,199976,17346.317768174635,5749.848003509232,900.1202891023421,0.3314736925930472,0.05189114491801809,66338,6748,1833,MRI-ESM2-0,ssp585,2081_2100,central
conservative,lower,codex_primary,0.25,restricted,199976,17346.317768174635,5708.0777352910845,879.6531106801517,0.3290656732787243,0.050711230039498935,66338,6748,1833,MRI-ESM2-0,ssp585,2081_2100,central
conservative,lower,codex_primary,0.5,unadjusted,199976,17346.317768174635,4817.970144335209,689.6337756659257,0.27775175162389565,0.03975678209534474,66338,6670,1911,MRI-ESM2-0,ssp585,2081_2100,central
conservative,lower,codex_primary,0.5,restricted,199976,17346.317768174635,4734.429607898916,655.1009347412453,0.27293571299524994,0.037765994114506644,66338,6667,1914,MRI-ESM2-0,ssp585,2081_2100,central
conservative,lower,codex_primary,0.75,unadjusted,199976,17346.317768174635,3886.0922851611867,507.18788834419996,0.22402981065474412,0.029238936765861617,66338,6602,1979,MRI-ESM2-0,ssp585,2081_2100,central
conservative,lower,codex_primary,0.75,restricted,199976,17346.317768174635,3760.7814805067474,464.58469921933346,0.2168057527117755,0.026782900292055586,66338,6589,1992,MRI-ESM2-0,ssp585,2081_2100,central
conservative,lower,no_ecology,0.5,unadjusted,199976,17346.317768174635,6681.725862683254,923.64245001963,0.3851956335621987,0.053247176856995024,66338,6670,1911,MRI-ESM2-0,ssp585,2081_2100,central
conservative,lower,no_ecology,0.5,restricted,199976,17346.317768174635,6681.725862683254,898.2407514743542,0.3851956335621987,0.0517827912228358,66338,6667,1914,MRI-ESM2-0,ssp585,2081_2100,central
conservative,lower,no_maintenance,0.5,unadjusted,199976,17346.317768174635,4817.970144335209,695.5985824843193,0.27775175162389565,0.04010064797501502,66338,6822,1759,MRI-ESM2-0,ssp585,2081_2100,central
conservative,lower,no_maintenance,0.5,restricted,199976,17346.317768174635,4734.429607898916,660.5675277044018,0.27293571299524994,0.03808113840254604,66338,6822,1759,MRI-ESM2-0,ssp585,2081_2100,central
conservative,lower,no_institutions,0.5,unadjusted,199976,17346.317768174635,4817.970144335209,839.4755233354443,0.27775175162389565,0.04839502738014138,66338,6670,1911,MRI-ESM2-0,ssp585,2081_2100,central
conservative,lower,no_institutions,0.5,restricted,199976,17346.317768174635,4734.429607898916,818.2451371185547,0.27293571299524994,0.04717111424188208,66338,6667,1914,MRI-ESM2-0,ssp585,2081_2100,central
conservative,upper,codex_primary,0.0,unadjusted,199976,17346.317768174635,7571.048170816342,2704.383566545714,0.4364642843512862,0.15590533983572344,75641,14809,2234,MRI-ESM2-0,ssp585,2081_2100,central
conservative,upper,codex_primary,0.0,restricted,199976,17346.317768174635,7571.048170816342,2704.383566545714,0.4364642843512862,0.15590533983572344,75641,14809,2234,MRI-ESM2-0,ssp585,2081_2100,central
conservative,upper,codex_primary,0.25,unadjusted,199976,17346.317768174635,6524.669443684578,2150.2589348920765,0.3761414688052941,0.12396054099949477,75641,14706,2337,MRI-ESM2-0,ssp585,2081_2100,central
conservative,upper,codex_primary,0.25,restricted,199976,17346.317768174635,6481.274275590006,2101.1584641062705,0.3736397754387521,0.12112994193852918,75641,14705,2338,MRI-ESM2-0,ssp585,2081_2100,central
conservative,upper,codex_primary,0.5,unadjusted,199976,17346.317768174635,5478.290716552812,1656.1286335057407,0.31581865325930186,0.09547436266527108,75641,14584,2459,MRI-ESM2-0,ssp585,2081_2100,central
conservative,upper,codex_primary,0.5,restricted,199976,17346.317768174635,5391.50038036367,1572.495184596669,0.310815266526218,0.09065296771408932,75641,14580,2463,MRI-ESM2-0,ssp585,2081_2100,central
conservative,upper,codex_primary,0.75,unadjusted,199976,17346.317768174635,4431.911989421048,1225.818543806283,0.25549583771330975,0.07066736354013402,75641,14475,2568,MRI-ESM2-0,ssp585,2081_2100,central
conservative,upper,codex_primary,0.75,restricted,199976,17346.317768174635,4301.726485137334,1121.6463811388214,0.2479907576136839,0.06466192976106497,75641,14459,2584,MRI-ESM2-0,ssp585,2081_2100,central
conservative,upper,no_ecology,0.5,unadjusted,199976,17346.317768174635,7571.048170816342,2213.123284572866,0.4364642843512862,0.12758461560258585,75641,14584,2459,MRI-ESM2-0,ssp585,2081_2100,central
conservative,upper,no_ecology,0.5,restricted,199976,17346.317768174635,7571.048170816342,2149.7706077116663,0.4364642843512862,0.12393238936599328,75641,14580,2463,MRI-ESM2-0,ssp585,2081_2100,central
conservative,upper,no_maintenance,0.5,unadjusted,199976,17346.317768174635,5478.290716552812,1664.7745896759013,0.31581865325930186,0.09597279445268037,75641,14809,2234,MRI-ESM2-0,ssp585,2081_2100,central
conservative,upper,no_maintenance,0.5,restricted,199976,17346.317768174635,5391.50038036367,1580.5513014331484,0.310815266526218,0.09111739578142589,75641,14809,2234,MRI-ESM2-0,ssp585,2081_2100,central
conservative,upper,no_institutions,0.5,unadjusted,199976,17346.317768174635,5478.290716552812,2011.5914965997022,0.31581865325930186,0.11596648484616014,75641,14584,2459,MRI-ESM2-0,ssp585,2081_2100,central
conservative,upper,no_institutions,0.5,restricted,199976,17346.317768174635,5391.50038036367,1963.0837824624532,0.310815266526218,0.11317005768591024,75641,14580,2463,MRI-ESM2-0,ssp585,2081_2100,central
core,lower,codex_primary,0.0,unadjusted,199976,17346.317768174635,8014.903288866213,1650.826262408769,0.4620521424766697,0.09516868562373204,58260,8700,2202,MRI-ESM2-0,ssp585,2081_2100,historical_error_longer_ice
core,lower,codex_primary,0.0,restricted,199976,17346.317768174635,8014.903288866213,1650.826262408769,0.4620521424766697,0.09516868562373204,58260,8700,2202,MRI-ESM2-0,ssp585,2081_2100,historical_error_longer_ice
core,lower,codex_primary,0.25,unadjusted,199976,17346.317768174635,6916.826024648161,1303.179702628434,0.39874895162698404,0.07512716647099499,58260,8529,2373,MRI-ESM2-0,ssp585,2081_2100,historical_error_longer_ice
core,lower,codex_primary,0.25,restricted,199976,17346.317768174635,6856.905206842208,1272.8787073816263,0.39529456905387733,0.07338034068054389,58260,8526,2376,MRI-ESM2-0,ssp585,2081_2100,historical_error_longer_ice
core,lower,codex_primary,0.5,unadjusted,199976,17346.317768174635,5818.748760430111,994.0850047344737,0.33544576077729854,0.057308128331323774,58260,8364,2538,MRI-ESM2-0,ssp585,2081_2100,historical_error_longer_ice
core,lower,codex_primary,0.5,restricted,199976,17346.317768174635,5698.907124818204,943.1889846226264,0.32853699563108507,0.05437401742709334,58260,8356,2546,MRI-ESM2-0,ssp585,2081_2100,historical_error_longer_ice
core,lower,codex_primary,0.75,unadjusted,199976,17346.317768174635,4720.6714962120595,728.5824398971431,0.2721425699276129,0.0420021384154438,58260,8281,2621,MRI-ESM2-0,ssp585,2081_2100,historical_error_longer_ice
core,lower,codex_primary,0.75,restricted,199976,17346.317768174635,4540.9090427942,666.0692074503347,0.26177942220829287,0.03839830541282801,58260,8262,2640,MRI-ESM2-0,ssp585,2081_2100,historical_error_longer_ice
core,lower,no_ecology,0.5,unadjusted,199976,17346.317768174635,8014.903288866213,1328.1981125230852,0.4620521424766697,0.076569455850736,58260,8364,2538,MRI-ESM2-0,ssp585,2081_2100,historical_error_longer_ice
core,lower,no_ecology,0.5,restricted,199976,17346.317768174635,8014.903288866213,1290.1522378508346,0.4620521424766697,0.07437614455662069,58260,8356,2546,MRI-ESM2-0,ssp585,2081_2100,historical_error_longer_ice
core,lower,no_maintenance,0.5,unadjusted,199976,17346.317768174635,5818.748760430111,1005.6730648048934,0.33544576077729854,0.05797616982723597,58260,8700,2202,MRI-ESM2-0,ssp585,2081_2100,historical_error_longer_ice
core,lower,no_maintenance,0.5,restricted,199976,17346.317768174635,5698.907124818204,953.9860736353952,0.32853699563108507,0.05499646013551519,58260,8700,2202,MRI-ESM2-0,ssp585,2081_2100,historical_error_longer_ice
core,lower,no_institutions,0.5,unadjusted,199976,17346.317768174635,5818.748760430111,1220.6665948145312,0.33544576077729854,0.07037035820098336,58260,8364,2538,MRI-ESM2-0,ssp585,2081_2100,historical_error_longer_ice
core,lower,no_institutions,0.5,restricted,199976,17346.317768174635,5698.907124818204,1189.5833849180958,0.32853699563108507,0.06857843842228174,58260,8356,2546,MRI-ESM2-0,ssp585,2081_2100,historical_error_longer_ice
core,upper,codex_primary,0.0,unadjusted,199976,17346.317768174635,9078.819677138172,3776.3878037957634,0.5233859888001776,0.21770544355669066,68436,17942,2710,MRI-ESM2-0,ssp585,2081_2100,historical_error_longer_ice
core,upper,codex_primary,0.0,restricted,199976,17346.317768174635,9078.819677138172,3776.3878037957634,0.5233859888001776,0.21770544355669066,68436,17942,2710,MRI-ESM2-0,ssp585,2081_2100,historical_error_longer_ice
core,upper,codex_primary,0.25,unadjusted,199976,17346.317768174635,7844.3893959386305,2989.464362837224,0.45222216615509986,0.1723399976173622,68436,17716,2936,MRI-ESM2-0,ssp585,2081_2100,historical_error_longer_ice
core,upper,codex_primary,0.25,restricted,199976,17346.317768174635,7782.603574904053,2920.587949853921,0.448660267782182,0.16836933283975328,68436,17712,2940,MRI-ESM2-0,ssp585,2081_2100,historical_error_longer_ice
core,upper,codex_primary,0.5,unadjusted,199976,17346.317768174635,6609.9591147390865,2290.79847038115,0.38105834351002194,0.13206252191367598,68436,17495,3157,MRI-ESM2-0,ssp585,2081_2100,historical_error_longer_ice
core,upper,codex_primary,0.5,restricted,199976,17346.317768174635,6486.387472669934,2174.059113327595,0.3739345467641863,0.1253326004044703,68436,17486,3166,MRI-ESM2-0,ssp585,2081_2100,historical_error_longer_ice
core,upper,codex_primary,0.75,unadjusted,199976,17346.317768174635,5375.528833539545,1685.5477949388696,0.3098945208649441,0.09717035151006813,68436,17362,3290,MRI-ESM2-0,ssp585,2081_2100,historical_error_longer_ice
core,upper,codex_primary,0.75,restricted,199976,17346.317768174635,5190.171370435816,1541.012527628646,0.29920882574619073,0.08883802016217808,68436,17339,3313,MRI-ESM2-0,ssp585,2081_2100,historical_error_longer_ice
core,upper,no_ecology,0.5,unadjusted,199976,17346.317768174635,9078.819677138172,3058.3668760934065,0.5233859888001776,0.17631216705280273,68436,17495,3157,MRI-ESM2-0,ssp585,2081_2100,historical_error_longer_ice
core,upper,no_ecology,0.5,restricted,199976,17346.317768174635,9078.819677138172,2968.3303010384125,0.5233859888001776,0.17112163749729184,68436,17486,3166,MRI-ESM2-0,ssp585,2081_2100,historical_error_longer_ice
core,upper,no_maintenance,0.5,unadjusted,199976,17346.317768174635,6609.9591147390865,2305.8128202552484,0.38105834351002194,0.13292808601060757,68436,17942,2710,MRI-ESM2-0,ssp585,2081_2100,historical_error_longer_ice
core,upper,no_maintenance,0.5,restricted,199976,17346.317768174635,6486.387472669934,2188.15501986408,0.3739345467641863,0.1261452170488135,68436,17942,2710,MRI-ESM2-0,ssp585,2081_2100,historical_error_longer_ice
core,upper,no_institutions,0.5,unadjusted,199976,17346.317768174635,6609.9591147390865,2809.6458974374036,0.38105834351002194,0.16197362085642597,68436,17495,3157,MRI-ESM2-0,ssp585,2081_2100,historical_error_longer_ice
core,upper,no_institutions,0.5,restricted,199976,17346.317768174635,6486.387472669934,2742.3322652885886,0.3739345467641863,0.15809304902277058,68436,17486,3166,MRI-ESM2-0,ssp585,2081_2100,historical_error_longer_ice
conservative,lower,codex_primary,0.0,unadjusted,199976,17346.317768174635,6024.368181861722,1133.500367006467,0.34729954001619046,0.06534530164586891,49027,6717,1648,MRI-ESM2-0,ssp585,2081_2100,historical_error_longer_ice
conservative,lower,codex_primary,0.0,restricted,199976,17346.317768174635,6024.368181861722,1133.500367006467,0.34729954001619046,0.06534530164586891,49027,6717,1648,MRI-ESM2-0,ssp585,2081_2100,historical_error_longer_ice
conservative,lower,codex_primary,0.25,unadjusted,199976,17346.317768174635,5192.484291729279,898.5553899250252,0.2993421636294449,0.051800929853459084,49027,6655,1710,MRI-ESM2-0,ssp585,2081_2100,historical_error_longer_ice
conservative,lower,codex_primary,0.25,restricted,199976,17346.317768174635,5151.019614790507,878.1504242052517,0.2969517613842579,0.05062460148265001,49027,6655,1710,MRI-ESM2-0,ssp585,2081_2100,historical_error_longer_ice
conservative,lower,codex_primary,0.5,unadjusted,199976,17346.317768174635,4360.600401596835,688.6794675767179,0.25138478724269925,0.03970176707129401,49027,6588,1777,MRI-ESM2-0,ssp585,2081_2100,historical_error_longer_ice
conservative,lower,codex_primary,0.5,restricted,199976,17346.317768174635,4277.671047719291,654.242270606643,0.24660398275232526,0.0377164928805227,49027,6585,1780,MRI-ESM2-0,ssp585,2081_2100,historical_error_longer_ice
conservative,lower,codex_primary,0.75,unadjusted,199976,17346.317768174635,3528.71651146439,506.6636464605902,0.20342741085595362,0.029208714681231554,49027,6530,1835,MRI-ESM2-0,ssp585,2081_2100,historical_error_longer_ice
conservative,lower,codex_primary,0.75,restricted,199976,17346.317768174635,3404.3224806480757,464.16450223584445,0.19625620412039269,0.026758676304630434,49027,6517,1848,MRI-ESM2-0,ssp585,2081_2100,historical_error_longer_ice
conservative,lower,no_ecology,0.5,unadjusted,199976,17346.317768174635,6024.368181861722,922.2745355930903,0.34729954001619046,0.05316831779048758,49027,6588,1777,MRI-ESM2-0,ssp585,2081_2100,historical_error_longer_ice
conservative,lower,no_ecology,0.5,restricted,199976,17346.317768174635,6024.368181861722,897.0094712686796,0.34729954001619046,0.05171180899928092,49027,6585,1780,MRI-ESM2-0,ssp585,2081_2100,historical_error_longer_ice
conservative,lower,no_maintenance,0.5,unadjusted,199976,17346.317768174635,4360.600401596835,694.4653524215976,0.25138478724269925,0.04003531825617401,49027,6717,1648,MRI-ESM2-0,ssp585,2081_2100,historical_error_longer_ice
conservative,lower,no_maintenance,0.5,restricted,199976,17346.317768174635,4277.671047719291,659.5464184074771,0.24660398275232526,0.038022272347480554,49027,6717,1648,MRI-ESM2-0,ssp585,2081_2100,historical_error_longer_ice
conservative,lower,no_institutions,0.5,unadjusted,199976,17346.317768174635,4360.600401596835,838.0547230220892,0.25138478724269925,0.048313119488660114,49027,6588,1777,MRI-ESM2-0,ssp585,2081_2100,historical_error_longer_ice
conservative,lower,no_institutions,0.5,restricted,199976,17346.317768174635,4277.671047719291,816.8243368051996,0.24660398275232526,0.04708920635040082,49027,6585,1780,MRI-ESM2-0,ssp585,2081_2100,historical_error_longer_ice
conservative,upper,codex_primary,0.0,unadjusted,199976,17346.317768174635,6913.690489994811,2700.76259193455,0.39856819080527794,0.15569659382636533,58330,14667,2068,MRI-ESM2-0,ssp585,2081_2100,historical_error_longer_ice
conservative,upper,codex_primary,0.0,restricted,199976,17346.317768174635,6913.690489994811,2700.76259193455,0.39856819080527794,0.15569659382636533,58330,14667,2068,MRI-ESM2-0,ssp585,2081_2100,historical_error_longer_ice
conservative,upper,codex_primary,0.25,unadjusted,199976,17346.317768174635,5967.305731904624,2147.9339565450637,0.3440099398416917,0.12382650803768207,58330,14582,2153,MRI-ESM2-0,ssp585,2081_2100,historical_error_longer_ice
conservative,upper,codex_primary,0.25,restricted,199976,17346.317768174635,5924.216155089429,2098.9135271376776,0.3415258635442857,0.12100052329195557,58330,14581,2154,MRI-ESM2-0,ssp585,2081_2100,historical_error_longer_ice
conservative,upper,codex_primary,0.5,unadjusted,199976,17346.317768174635,5020.920973814438,1654.660920548472,0.2894516888781055,0.09538975030102848,58330,14474,2261,MRI-ESM2-0,ssp585,2081_2100,historical_error_longer_ice
conservative,upper,codex_primary,0.5,restricted,199976,17346.317768174635,4934.741820184045,1571.1500728633273,0.2844835362832933,0.09057542320283808,58330,14470,2265,MRI-ESM2-0,ssp585,2081_2100,historical_error_longer_ice
conservative,upper,codex_primary,0.75,unadjusted,199976,17346.317768174635,4074.536215724251,1224.972651319302,0.23489343791451928,0.07061859858042983,58330,14378,2357,MRI-ESM2-0,ssp585,2081_2100,historical_error_longer_ice
conservative,upper,codex_primary,0.75,restricted,199976,17346.317768174635,3945.267485278662,1120.933012597863,0.22744120902230108,0.06462080469057495,58330,14362,2373,MRI-ESM2-0,ssp585,2081_2100,historical_error_longer_ice
conservative,upper,no_ecology,0.5,unadjusted,199976,17346.317768174635,6913.690489994811,2211.016276114131,0.39856819080527794,0.12746314841358966,58330,14474,2261,MRI-ESM2-0,ssp585,2081_2100,historical_error_longer_ice
conservative,upper,no_ecology,0.5,restricted,199976,17346.317768174635,6913.690489994811,2147.8387438585405,0.39856819080527794,0.12382101910984183,58330,14470,2265,MRI-ESM2-0,ssp585,2081_2100,historical_error_longer_ice
conservative,upper,no_maintenance,0.5,unadjusted,199976,17346.317768174635,5020.920973814438,1663.0177764180112,0.2894516888781055,0.09587151570975813,58330,14667,2068,MRI-ESM2-0,ssp585,2081_2100,historical_error_longer_ice
conservative,upper,no_maintenance,0.5,restricted,199976,17346.317768174635,4934.741820184045,1578.9389466260998,0.2844835362832933,0.09102444494144954,58330,14667,2068,MRI-ESM2-0,ssp585,2081_2100,historical_error_longer_ice
conservative,upper,no_institutions,0.5,unadjusted,199976,17346.317768174635,5020.920973814438,2009.489818139855,0.2894516888781055,0.11584532492692338,58330,14474,2261,MRI-ESM2-0,ssp585,2081_2100,historical_error_longer_ice
conservative,upper,no_institutions,0.5,restricted,199976,17346.317768174635,4934.741820184045,1960.9821040026056,0.2844835362832933,0.11304889776667346,58330,14470,2265,MRI-ESM2-0,ssp585,2081_2100,historical_error_longer_ice
core,lower,codex_primary,0.0,unadjusted,199976,17346.317768174635,9274.86366428953,1653.362567660578,0.5346877526541203,0.09531490139619196,94718,8809,2381,MRI-ESM2-0,ssp585,2081_2100,historical_error_shorter_ice
core,lower,codex_primary,0.0,restricted,199976,17346.317768174635,9274.86366428953,1653.362567660578,0.5346877526541203,0.09531490139619196,94718,8809,2381,MRI-ESM2-0,ssp585,2081_2100,historical_error_shorter_ice
core,lower,codex_primary,0.25,unadjusted,199976,17346.317768174635,7985.153219686946,1304.823698519663,0.46033707709064003,0.07522194139171304,94718,8626,2564,MRI-ESM2-0,ssp585,2081_2100,historical_error_shorter_ice
core,lower,codex_primary,0.25,restricted,199976,17346.317768174635,7924.583438319771,1274.4584887764938,0.4568452823376174,0.0734714136918873,94718,8623,2567,MRI-ESM2-0,ssp585,2081_2100,historical_error_shorter_ice
core,lower,codex_primary,0.5,unadjusted,199976,17346.317768174635,6695.442775084363,995.0702736418361,0.38598640152715996,0.05736492821937668,94718,8449,2741,MRI-ESM2-0,ssp585,2081_2100,historical_error_shorter_ice
core,lower,codex_primary,0.5,restricted,199976,17346.317768174635,6574.3032123500125,944.0753273738839,0.3790028120211147,0.05442511430904275,94718,8441,2749,MRI-ESM2-0,ssp585,2081_2100,historical_error_shorter_ice
core,lower,codex_primary,0.75,unadjusted,199976,17346.317768174635,5405.732330481781,729.1258689826149,0.31163572596367983,0.04203346662542671,94718,8356,2834,MRI-ESM2-0,ssp585,2081_2100,historical_error_shorter_ice
core,lower,codex_primary,0.75,restricted,199976,17346.317768174635,5224.022986380255,666.5047504130214,0.301160341704612,0.03842341408248963,94718,8337,2853,MRI-ESM2-0,ssp585,2081_2100,historical_error_shorter_ice
core,lower,no_ecology,0.5,unadjusted,199976,17346.317768174635,9274.86366428953,1329.6105636673,0.5346877526541203,0.07665088241994174,94718,8449,2741,MRI-ESM2-0,ssp585,2081_2100,historical_error_shorter_ice
core,lower,no_ecology,0.5,restricted,199976,17346.317768174635,9274.86366428953,1291.4233297999042,0.5346877526541203,0.07444942189225222,94718,8441,2749,MRI-ESM2-0,ssp585,2081_2100,historical_error_shorter_ice
core,lower,no_maintenance,0.5,unadjusted,199976,17346.317768174635,6695.442775084363,1006.8586967982452,0.38598640152715996,0.05804452047140133,94718,8809,2381,MRI-ESM2-0,ssp585,2081_2100,historical_error_shorter_ice
core,lower,no_maintenance,0.5,restricted,199976,17346.317768174635,6574.3032123500125,955.0563026614502,0.3790028120211147,0.05505815789986831,94718,8809,2381,MRI-ESM2-0,ssp585,2081_2100,historical_error_shorter_ice
core,lower,no_institutions,0.5,unadjusted,199976,17346.317768174635,6695.442775084363,1222.1311578145467,0.38598640152715996,0.07045478897295403,94718,8449,2741,MRI-ESM2-0,ssp585,2081_2100,historical_error_shorter_ice
core,lower,no_institutions,0.5,restricted,199976,17346.317768174635,6574.3032123500125,1191.0479479181113,0.3790028120211147,0.06866286919425241,94718,8441,2749,MRI-ESM2-0,ssp585,2081_2100,historical_error_shorter_ice
core,upper,codex_primary,0.0,unadjusted,199976,17346.317768174635,10338.780052561488,3780.2082524755338,0.5960215989776282,0.2179256890710891,104894,18094,2974,MRI-ESM2-0,ssp585,2081_2100,historical_error_shorter_ice
core,upper,codex_primary,0.0,restricted,199976,17346.317768174635,10338.780052561488,3780.2082524755338,0.5960215989776282,0.2179256890710891,104894,18094,2974,MRI-ESM2-0,ssp585,2081_2100,historical_error_shorter_ice
core,upper,codex_primary,0.25,unadjusted,199976,17346.317768174635,8912.716590977414,2991.9307579648193,0.5138102916187558,0.17248218313249905,104894,17850,3218,MRI-ESM2-0,ssp585,2081_2100,historical_error_shorter_ice
core,upper,codex_primary,0.25,restricted,199976,17346.317768174635,8850.281806381616,2922.969845578091,0.510210981065922,0.16850664703842083,104894,17846,3222,MRI-ESM2-0,ssp585,2081_2100,historical_error_shorter_ice
core,upper,codex_primary,0.5,unadjusted,199976,17346.317768174635,7486.653129393339,2292.3381465694424,0.43159898425988336,0.13215128289504793,104894,17614,3454,MRI-ESM2-0,ssp585,2081_2100,historical_error_shorter_ice
core,upper,codex_primary,0.5,restricted,199976,17346.317768174635,7361.783560201743,2175.4688890252155,0.4244003631542159,0.12541387273652727,104894,17605,3463,MRI-ESM2-0,ssp585,2081_2100,historical_error_shorter_ice
core,upper,codex_primary,0.75,unadjusted,199976,17346.317768174635,6060.589667809267,1686.4370848823035,0.3493876769010111,0.0972216182950607,104894,17468,3600,MRI-ESM2-0,ssp585,2081_2100,historical_error_shorter_ice
core,upper,codex_primary,0.75,restricted,199976,17346.317768174635,5873.28531402187,1541.7607699008383,0.3385897452425098,0.08888115567267617,104894,17445,3623,MRI-ESM2-0,ssp585,2081_2100,historical_error_shorter_ice
core,upper,no_ecology,0.5,unadjusted,199976,17346.317768174635,10338.780052561488,3060.5769312156626,0.5960215989776282,0.1764395747915397,104894,17614,3454,MRI-ESM2-0,ssp585,2081_2100,historical_error_shorter_ice
core,upper,no_ecology,0.5,restricted,199976,17346.317768174635,10338.780052561488,2970.3546787217833,0.5960215989776282,0.17123834109458702,104894,17605,3463,MRI-ESM2-0,ssp585,2081_2100,historical_error_shorter_ice
core,upper,no_maintenance,0.5,unadjusted,199976,17346.317768174635,7486.653129393339,2307.663037856637,0.43159898425988336,0.13303474943198126,104894,18094,2974,MRI-ESM2-0,ssp585,2081_2100,historical_error_shorter_ice
core,upper,no_maintenance,0.5,restricted,199976,17346.317768174635,7361.783560201743,2189.853479747882,0.4244003631542159,0.12624313177091773,104894,18094,2974,MRI-ESM2-0,ssp585,2081_2100,historical_error_shorter_ice
core,upper,no_institutions,0.5,unadjusted,199976,17346.317768174635,7486.653129393339,2811.852943275883,0.43159898425988336,0.1621008551125935,104894,17614,3454,MRI-ESM2-0,ssp585,2081_2100,historical_error_shorter_ice
core,upper,no_institutions,0.5,restricted,199976,17346.317768174635,7361.783560201743,2744.539311127067,0.4244003631542159,0.15822028327893803,104894,17605,3463,MRI-ESM2-0,ssp585,2081_2100,historical_error_shorter_ice
conservative,lower,codex_primary,0.0,unadjusted,199976,17346.317768174635,7250.085501185138,1136.0189696147086,0.41796106805369965,0.06549049687645914,84652,6825,1812,MRI-ESM2-0,ssp585,2081_2100,historical_error_shorter_ice
conservative,lower,codex_primary,0.0,restricted,199976,17346.317768174635,7250.085501185138,1136.0189696147086,0.41796106805369965,0.06549049687645914,84652,6825,1812,MRI-ESM2-0,ssp585,2081_2100,historical_error_shorter_ice
conservative,lower,codex_primary,0.25,unadjusted,199976,17346.317768174635,6231.691486895742,900.1870658827463,0.35925154664980563,0.051894994540819694,84652,6751,1886,MRI-ESM2-0,ssp585,2081_2100,historical_error_shorter_ice
conservative,lower,codex_primary,0.25,restricted,199976,17346.317768174635,6189.5992097219105,879.718449938375,0.35682496380171214,0.050714996790408064,84652,6751,1886,MRI-ESM2-0,ssp585,2081_2100,historical_error_shorter_ice
conservative,lower,codex_primary,0.5,unadjusted,199976,17346.317768174635,5213.297472606344,689.6568366793883,0.3005420252459115,0.03975811154253756,84652,6672,1965,MRI-ESM2-0,ssp585,2081_2100,historical_error_shorter_ice
conservative,lower,codex_primary,0.5,restricted,199976,17346.317768174635,5129.112918258684,655.1216429419957,0.29568885954972474,0.03776718792411091,84652,6669,1968,MRI-ESM2-0,ssp585,2081_2100,historical_error_shorter_ice
conservative,lower,codex_primary,0.75,unadjusted,199976,17346.317768174635,4194.90345831695,507.2026332889417,0.24183250384201754,0.02923978679898904,84652,6604,2033,MRI-ESM2-0,ssp585,2081_2100,historical_error_shorter_ice
conservative,lower,codex_primary,0.75,restricted,199976,17346.317768174635,4068.6266267954566,464.59669829248173,0.23455275529773723,0.026783592028094824,84652,6591,2046,MRI-ESM2-0,ssp585,2081_2100,historical_error_shorter_ice
conservative,lower,no_ecology,0.5,unadjusted,199976,17346.317768174635,7250.085501185138,923.6757013020308,0.41796106805369965,0.053249093764251375,84652,6672,1965,MRI-ESM2-0,ssp585,2081_2100,historical_error_shorter_ice
conservative,lower,no_ecology,0.5,restricted,199976,17346.317768174635,7250.085501185138,898.2706054807429,0.41796106805369965,0.051784512280110766,84652,6669,1968,MRI-ESM2-0,ssp585,2081_2100,historical_error_shorter_ice
conservative,lower,no_maintenance,0.5,unadjusted,199976,17346.317768174635,5213.297472606344,695.6430846102573,0.3005420252459115,0.04010321348353002,84652,6825,1812,MRI-ESM2-0,ssp585,2081_2100,historical_error_shorter_ice
conservative,lower,no_maintenance,0.5,restricted,199976,17346.317768174635,5129.112918258684,660.6096770176275,0.29568885954972474,0.038083568273472486,84652,6825,1812,MRI-ESM2-0,ssp585,2081_2100,historical_error_shorter_ice
conservative,lower,no_institutions,0.5,unadjusted,199976,17346.317768174635,5213.297472606344,839.5068941716071,0.3005420252459115,0.04839683588132197,84652,6672,1965,MRI-ESM2-0,ssp585,2081_2100,historical_error_shorter_ice
conservative,lower,no_institutions,0.5,restricted,199976,17346.317768174635,5129.112918258684,818.2765079547174,0.29568885954972474,0.04717292274306267,84652,6669,1968,MRI-ESM2-0,ssp585,2081_2100,historical_error_shorter_ice
conservative,upper,codex_primary,0.0,unadjusted,199976,17346.317768174635,8139.407809318226,2704.5166331506293,0.4692297188427871,0.15591301100874663,93955,14815,2316,MRI-ESM2-0,ssp585,2081_2100,historical_error_shorter_ice
conservative,upper,codex_primary,0.0,restricted,199976,17346.317768174635,8139.407809318226,2704.5166331506293,0.4692297188427871,0.15591301100874663,93955,14815,2316,MRI-ESM2-0,ssp585,2081_2100,historical_error_shorter_ice
conservative,upper,codex_primary,0.25,unadjusted,199976,17346.317768174635,7006.512927071086,2150.3529078697397,0.40391932286205234,0.12396595845920692,93955,14712,2419,MRI-ESM2-0,ssp585,2081_2100,historical_error_shorter_ice
conservative,upper,codex_primary,0.25,restricted,199976,17346.317768174635,6962.795750020831,2101.249753934397,0.4013990659617399,0.12113520471702469,93955,14711,2420,MRI-ESM2-0,ssp585,2081_2100,historical_error_shorter_ice
conservative,upper,codex_primary,0.5,unadjusted,199976,17346.317768174635,5873.618044823948,1656.1688911219185,0.3386089268813178,0.09547668348152245,93955,14589,2542,MRI-ESM2-0,ssp585,2081_2100,historical_error_shorter_ice
conservative,upper,codex_primary,0.5,restricted,199976,17346.317768174635,5786.183690723437,1572.5310662704037,0.3335684130806928,0.0906550362610982,93955,14585,2546,MRI-ESM2-0,ssp585,2081_2100,historical_error_shorter_ice
conservative,upper,codex_primary,0.75,unadjusted,199976,17346.317768174635,4740.723162576812,1225.842748363264,0.27329853090058326,0.07066875891160734,93955,14480,2651,MRI-ESM2-0,ssp585,2081_2100,historical_error_shorter_ice
conservative,upper,codex_primary,0.75,restricted,199976,17346.317768174635,4609.5716314260435,1121.6655073170816,0.2657377601996456,0.06466303236846072,93955,14464,2667,MRI-ESM2-0,ssp585,2081_2100,historical_error_shorter_ice
conservative,upper,no_ecology,0.5,unadjusted,199976,17346.317768174635,8139.407809318226,2213.181690582634,0.4692297188427871,0.12758798265780466,93955,14589,2542,MRI-ESM2-0,ssp585,2081_2100,historical_error_shorter_ice
conservative,upper,no_ecology,0.5,restricted,199976,17346.317768174635,8139.407809318226,2149.822657065732,0.4692297188427871,0.12393538996558803,93955,14585,2546,MRI-ESM2-0,ssp585,2081_2100,historical_error_shorter_ice
conservative,upper,no_maintenance,0.5,unadjusted,199976,17346.317768174635,5873.618044823948,1664.8362884045544,0.3386089268813178,0.0959763513302539,93955,14815,2316,MRI-ESM2-0,ssp585,2081_2100,historical_error_shorter_ice
conservative,upper,no_maintenance,0.5,restricted,199976,17346.317768174635,5786.183690723437,1580.608624219358,0.3335684130806928,0.09112070038975693,93955,14815,2316,MRI-ESM2-0,ssp585,2081_2100,historical_error_shorter_ice
conservative,upper,no_institutions,0.5,unadjusted,199976,17346.317768174635,5873.618044823948,2011.649842498948,0.3386089268813178,0.11596984843606005,93955,14589,2542,MRI-ESM2-0,ssp585,2081_2100,historical_error_shorter_ice
conservative,upper,no_institutions,0.5,restricted,199976,17346.317768174635,5786.183690723437,1963.142128361699,0.3335684130806928,0.11317342127581016,93955,14585,2546,MRI-ESM2-0,ssp585,2081_2100,historical_error_shorter_ice
core,lower,codex_primary,0.0,unadjusted,199976,17504.917566532982,6636.320767689498,1542.5794501222388,0.37911179772575676,0.08812263435455649,45362,7936,2501,UKESM1-0-LL,historical,1995_2014,central
core,lower,codex_primary,0.0,restricted,199976,17504.917566532982,6636.320767689498,1542.5794501222388,0.37911179772575676,0.08812263435455649,45362,7936,2501,UKESM1-0-LL,historical,1995_2014,central
core,lower,codex_primary,0.25,unadjusted,199976,17504.917566532982,5742.21775301067,1215.6407574796679,0.3280345497878269,0.06944567164393892,45362,7853,2584,UKESM1-0-LL,historical,1995_2014,central
core,lower,codex_primary,0.25,restricted,199976,17504.917566532982,5688.963938278323,1187.7435645252463,0.32499232953572127,0.06785199416168917,45362,7853,2584,UKESM1-0-LL,historical,1995_2014,central
core,lower,codex_primary,0.5,unadjusted,199976,17504.917566532982,4848.114738331839,928.6834692005541,0.276957301849897,0.0530527187957783,45362,7756,2681,UKESM1-0-LL,historical,1995_2014,central
core,lower,codex_primary,0.5,restricted,199976,17504.917566532982,4741.607108867146,881.5875038037435,0.27087286134568567,0.05036227679753367,45362,7751,2686,UKESM1-0-LL,historical,1995_2014,central
core,lower,codex_primary,0.75,unadjusted,199976,17504.917566532982,3954.01172365301,676.7740119508752,0.2258800539119671,0.03866193653175351,45362,7644,2793,UKESM1-0-LL,historical,1995_2014,central
core,lower,codex_primary,0.75,restricted,199976,17504.917566532982,3794.250279455969,619.0477290851246,0.2167533931556501,0.03536421846788125,45362,7630,2807,UKESM1-0-LL,historical,1995_2014,central
core,lower,no_ecology,0.5,unadjusted,199976,17504.917566532982,6636.320767689498,1240.4455496434998,0.37911179772575676,0.07086269015142709,45362,7756,2681,UKESM1-0-LL,historical,1995_2014,central
core,lower,no_ecology,0.5,restricted,199976,17504.917566532982,6636.320767689498,1204.8286345805866,0.37911179772575676,0.06882800961508409,45362,7751,2686,UKESM1-0-LL,historical,1995_2014,central
core,lower,no_maintenance,0.5,unadjusted,199976,17504.917566532982,4848.114738331839,936.3944771102872,0.276957301849897,0.0534932240355445,45362,7936,2501,UKESM1-0-LL,historical,1995_2014,central
core,lower,no_maintenance,0.5,restricted,199976,17504.917566532982,4741.607108867146,888.8285263884362,0.27087286134568567,0.050775933277615384,45362,7936,2501,UKESM1-0-LL,historical,1995_2014,central
core,lower,no_institutions,0.5,unadjusted,199976,17504.917566532982,4848.114738331839,1144.8054994409133,0.276957301849897,0.065399079720868,45362,7756,2681,UKESM1-0-LL,historical,1995_2014,central
core,lower,no_institutions,0.5,restricted,199976,17504.917566532982,4741.607108867146,1116.3044267582336,0.27087286134568567,0.06377090451956516,45362,7751,2686,UKESM1-0-LL,historical,1995_2014,central
core,upper,codex_primary,0.0,unadjusted,199976,17504.917566532982,7807.28205915178,3652.089352177278,0.4460050742585752,0.20863219368479494,56459,17292,3150,UKESM1-0-LL,historical,1995_2014,central
core,upper,codex_primary,0.0,restricted,199976,17504.917566532982,7807.28205915178,3652.089352177278,0.4460050742585752,0.20863219368479494,56459,17292,3150,UKESM1-0-LL,historical,1995_2014,central
core,upper,codex_primary,0.25,unadjusted,199976,17504.917566532982,6761.931363184182,2885.7018848181924,0.3862875296317918,0.16485092682385785,56459,17144,3298,UKESM1-0-LL,historical,1995_2014,central
core,upper,codex_primary,0.25,restricted,199976,17504.917566532982,6705.422758409515,2818.8882850315163,0.3830593736259216,0.1610340793846894,56459,17144,3298,UKESM1-0-LL,historical,1995_2014,central
core,upper,codex_primary,0.5,unadjusted,199976,17504.917566532982,5716.5806672165845,2208.151352356545,0.32656998500500845,0.12614463015685545,56459,16975,3467,UKESM1-0-LL,historical,1995_2014,central
core,upper,codex_primary,0.5,restricted,199976,17504.917566532982,5603.563457667249,2094.5508380633596,0.3201136729932679,0.11965499580916938,56459,16969,3473,UKESM1-0-LL,historical,1995_2014,central
core,upper,codex_primary,0.75,unadjusted,199976,17504.917566532982,4671.229971248984,1612.8894813093168,0.26685244037822486,0.0921392217460619,56459,16764,3678,UKESM1-0-LL,historical,1995_2014,central
core,upper,codex_primary,0.75,restricted,199976,17504.917566532982,4501.704156924984,1472.4879684488903,0.2571679723606142,0.08411853199835038,56459,16739,3703,UKESM1-0-LL,historical,1995_2014,central
core,upper,no_ecology,0.5,unadjusted,199976,17504.917566532982,7807.28205915178,2947.4048795893646,0.4460050742585752,0.1683758217304834,56459,16975,3467,UKESM1-0-LL,historical,1995_2014,central
core,upper,no_ecology,0.5,restricted,199976,17504.917566532982,7807.28205915178,2859.6264688444817,0.4460050742585752,0.16336132163865186,56459,16969,3473,UKESM1-0-LL,historical,1995_2014,central
core,upper,no_maintenance,0.5,unadjusted,199976,17504.917566532982,5716.5806672165845,2225.2117948558375,0.32656998500500845,0.1271192387166758,56459,17292,3150,UKESM1-0-LL,historical,1995_2014,central
core,upper,no_maintenance,0.5,restricted,199976,17504.917566532982,5603.563457667249,2110.9210320497687,0.3201136729932679,0.12059017267728024,56459,17292,3150,UKESM1-0-LL,historical,1995_2014,central
core,upper,no_institutions,0.5,unadjusted,199976,17504.917566532982,5716.5806672165845,2715.1845442978984,0.32656998500500845,0.15510981608327945,56459,16975,3467,UKESM1-0-LL,historical,1995_2014,central
core,upper,no_institutions,0.5,restricted,199976,17504.917566532982,5603.563457667249,2649.889571162522,0.3201136729932679,0.15137972293161492,56459,16969,3473,UKESM1-0-LL,historical,1995_2014,central
conservative,lower,codex_primary,0.0,unadjusted,199976,17504.917566532982,4757.946999085385,1057.9962830386428,0.27180630705636294,0.060439946604569424,36828,6334,1599,UKESM1-0-LL,historical,1995_2014,central
conservative,lower,codex_primary,0.0,restricted,199976,17504.917566532982,4757.946999085385,1057.9962830386428,0.27180630705636294,0.060439946604569424,36828,6334,1599,UKESM1-0-LL,historical,1995_2014,central
conservative,lower,codex_primary,0.25,unadjusted,199976,17504.917566532982,4114.533984899794,836.3462309244604,0.23505017771498807,0.04777778745576274,36828,6268,1665,UKESM1-0-LL,historical,1995_2014,central
conservative,lower,codex_primary,0.25,restricted,199976,17504.917566532982,4078.3614324678065,817.4593507917663,0.23298375539140373,0.04669884035070449,36828,6268,1665,UKESM1-0-LL,historical,1995_2014,central
conservative,lower,codex_primary,0.5,unadjusted,199976,17504.917566532982,3471.120970714203,640.2813194939075,0.19829404837361322,0.03657722563161555,36828,6187,1746,UKESM1-0-LL,historical,1995_2014,central
conservative,lower,codex_primary,0.5,restricted,199976,17504.917566532982,3398.775865850229,608.353538364324,0.19416120372644458,0.03475329352749499,36828,6183,1750,UKESM1-0-LL,historical,1995_2014,central
conservative,lower,codex_primary,0.75,unadjusted,199976,17504.917566532982,2827.707956528612,467.49490203906174,0.16153791903223838,0.02670648977706975,36828,6110,1823,UKESM1-0-LL,historical,1995_2014,central
conservative,lower,codex_primary,0.75,restricted,199976,17504.917566532982,2719.190299232651,428.24074301007516,0.15533865206148542,0.02446402511650858,36828,6098,1835,UKESM1-0-LL,historical,1995_2014,central
conservative,lower,no_ecology,0.5,unadjusted,199976,17504.917566532982,4757.946999085385,857.137669794728,0.27180630705636294,0.04896553591508814,36828,6187,1746,UKESM1-0-LL,historical,1995_2014,central
conservative,lower,no_ecology,0.5,restricted,199976,17504.917566532982,4757.946999085385,833.1748097898319,0.27180630705636294,0.04759661430127204,36828,6183,1750,UKESM1-0-LL,historical,1995_2014,central
conservative,lower,no_maintenance,0.5,unadjusted,199976,17504.917566532982,3471.120970714203,645.486565386741,0.19829404837361322,0.03687458469503583,36828,6334,1599,UKESM1-0-LL,historical,1995_2014,central
conservative,lower,no_maintenance,0.5,restricted,199976,17504.917566532982,3398.775865850229,613.2282603751132,0.19416120372644458,0.035031770817791345,36828,6334,1599,UKESM1-0-LL,historical,1995_2014,central
conservative,lower,no_institutions,0.5,unadjusted,199976,17504.917566532982,3471.120970714203,782.903003955068,0.19829404837361322,0.044724746687860556,36828,6187,1746,UKESM1-0-LL,historical,1995_2014,central
conservative,lower,no_institutions,0.5,restricted,199976,17504.917566532982,3398.775865850229,763.5686865501943,0.19416120372644458,0.04362023892132081,36828,6183,1750,UKESM1-0-LL,historical,1995_2014,central
conservative,upper,codex_primary,0.0,unadjusted,199976,17504.917566532982,5752.2487253985055,2625.2682210834105,0.32860758718430194,0.1499731838841998,46972,14466,2073,UKESM1-0-LL,historical,1995_2014,central
conservative,upper,codex_primary,0.0,restricted,199976,17504.917566532982,5752.2487253985055,2625.2682210834105,0.32860758718430194,0.1499731838841998,46972,14466,2073,UKESM1-0-LL,historical,1995_2014,central
conservative,upper,codex_primary,0.25,unadjusted,199976,17504.917566532982,4979.795989227976,2083.0997313225157,0.28447983089898504,0.11900083067543937,46972,14350,2189,UKESM1-0-LL,historical,1995_2014,central
conservative,upper,codex_primary,0.25,restricted,199976,17504.917566532982,4940.72947906573,2034.8991006415542,0.2822480860185101,0.11624728267969706,46972,14350,2189,UKESM1-0-LL,historical,1995_2014,central
conservative,upper,codex_primary,0.5,unadjusted,199976,17504.917566532982,4207.343253057446,1599.8193513596038,0.2403520746136682,0.09139256699033194,46972,14219,2320,UKESM1-0-LL,historical,1995_2014,central
conservative,upper,codex_primary,0.5,restricted,199976,17504.917566532982,4129.210232732955,1517.5659198103028,0.23588858485271832,0.08669369130373297,46972,14214,2325,UKESM1-0-LL,historical,1995_2014,central
conservative,upper,codex_primary,0.75,unadjusted,199976,17504.917566532982,3434.8905168869164,1174.2832902553603,0.1962243183283513,0.0670830517077344,46972,14064,2475,UKESM1-0-LL,historical,1995_2014,central
conservative,upper,codex_primary,0.75,restricted,199976,17504.917566532982,3317.6909864001796,1072.2767772762413,0.1895290836869265,0.061255745604097474,46972,14044,2495,UKESM1-0-LL,historical,1995_2014,central
conservative,upper,no_ecology,0.5,unadjusted,199976,17504.917566532982,5752.2487253985055,2136.9212153201606,0.32860758718430194,0.12207548005856725,46972,14219,2320,UKESM1-0-LL,historical,1995_2014,central
conservative,upper,no_ecology,0.5,restricted,199976,17504.917566532982,5752.2487253985055,2074.6070197736,0.32860758718430194,0.11851566920486195,46972,14214,2325,UKESM1-0-LL,historical,1995_2014,central
conservative,upper,no_maintenance,0.5,unadjusted,199976,17504.917566532982,4207.343253057446,1613.1407998973064,0.2403520746136682,0.09215357877385334,46972,14466,2073,UKESM1-0-LL,historical,1995_2014,central
conservative,upper,no_maintenance,0.5,restricted,199976,17504.917566532982,4129.210232732955,1530.4317958092538,0.23588858485271832,0.08742867768399155,46972,14466,2073,UKESM1-0-LL,historical,1995_2014,central
conservative,upper,no_institutions,0.5,unadjusted,199976,17504.917566532982,4207.343253057446,1948.5813703015112,0.2403520746136682,0.1113162265914884,46972,14219,2320,UKESM1-0-LL,historical,1995_2014,central
conservative,upper,no_institutions,0.5,restricted,199976,17504.917566532982,4129.210232732955,1900.85004479983,0.23588858485271832,0.10858948850087682,46972,14214,2325,UKESM1-0-LL,historical,1995_2014,central
core,lower,codex_primary,0.0,unadjusted,199976,17504.917566532982,6102.256989615813,1516.9934937504324,0.3486024407954081,0.08666099043223816,36270,7601,2129,UKESM1-0-LL,historical,1995_2014,historical_error_longer_ice
core,lower,codex_primary,0.0,restricted,199976,17504.917566532982,6102.256989615813,1516.9934937504324,0.3486024407954081,0.08666099043223816,36270,7601,2129,UKESM1-0-LL,historical,1995_2014,historical_error_longer_ice
core,lower,codex_primary,0.25,unadjusted,199976,17504.917566532982,5288.150128884179,1196.4784797384236,0.30209511748826523,0.06835099195359409,36270,7527,2203,UKESM1-0-LL,historical,1995_2014,historical_error_longer_ice
core,lower,codex_primary,0.25,restricted,199976,17504.917566532982,5235.808182961314,1169.2066661692206,0.29910498938718033,0.06679304039709301,36270,7527,2203,UKESM1-0-LL,historical,1995_2014,historical_error_longer_ice
core,lower,codex_primary,0.5,unadjusted,199976,17504.917566532982,4474.043268152548,915.6954267320591,0.25558779418112254,0.05231075343552283,36270,7455,2275,UKESM1-0-LL,historical,1995_2014,historical_error_longer_ice
core,lower,codex_primary,0.5,restricted,199976,17504.917566532982,4369.359376306815,869.5577079432117,0.24960753797895255,0.04967505300371637,36270,7450,2280,UKESM1-0-LL,historical,1995_2014,historical_error_longer_ice
core,lower,codex_primary,0.75,unadjusted,199976,17504.917566532982,3659.936407420915,668.061762033168,0.2090804708739797,0.03816423353574718,36270,7361,2369,UKESM1-0-LL,historical,1995_2014,historical_error_longer_ice
core,lower,codex_primary,0.75,restricted,199976,17504.917566532982,3502.910569652315,611.466222086765,0.20011008657072474,0.03493111120133494,36270,7347,2383,UKESM1-0-LL,historical,1995_2014,historical_error_longer_ice
core,lower,no_ecology,0.5,unadjusted,199976,17504.917566532982,6102.256989615813,1222.251234700962,0.3486024407954081,0.0698233070824475,36270,7455,2275,UKESM1-0-LL,historical,1995_2014,historical_error_longer_ice
core,lower,no_ecology,0.5,restricted,199976,17504.917566532982,6102.256989615813,1187.8185802784626,0.3486024407954081,0.06785627957194211,36270,7450,2280,UKESM1-0-LL,historical,1995_2014,historical_error_longer_ice
core,lower,no_maintenance,0.5,unadjusted,199976,17504.917566532982,4474.043268152548,922.4975542631278,0.25558779418112254,0.05269933724377071,36270,7601,2129,UKESM1-0-LL,historical,1995_2014,historical_error_longer_ice
core,lower,no_maintenance,0.5,restricted,199976,17504.917566532982,4369.359376306815,875.9879691640432,0.24960753797895255,0.05004239327803593,36270,7601,2129,UKESM1-0-LL,historical,1995_2014,historical_error_longer_ice
core,lower,no_institutions,0.5,unadjusted,199976,17504.917566532982,4474.043268152548,1128.0059446333078,0.25558779418112254,0.0644393748411533,36270,7455,2275,UKESM1-0-LL,historical,1995_2014,historical_error_longer_ice
core,lower,no_institutions,0.5,restricted,199976,17504.917566532982,4369.359376306815,1099.648045139532,0.24960753797895255,0.06281937866659305,36270,7450,2280,UKESM1-0-LL,historical,1995_2014,historical_error_longer_ice
core,upper,codex_primary,0.0,unadjusted,199976,17504.917566532982,7273.218281078095,3607.013052314793,0.41549571732822654,0.20605712872426837,47367,16814,2720,UKESM1-0-LL,historical,1995_2014,historical_error_longer_ice
core,upper,codex_primary,0.0,restricted,199976,17504.917566532982,7273.218281078095,3607.013052314793,0.41549571732822654,0.20605712872426837,47367,16814,2720,UKESM1-0-LL,historical,1995_2014,historical_error_longer_ice
core,upper,codex_primary,0.25,unadjusted,199976,17504.917566532982,6307.863739057693,2852.8586688209493,0.3603480973322302,0.1629746988512089,47367,16683,2851,UKESM1-0-LL,historical,1995_2014,historical_error_longer_ice
core,upper,codex_primary,0.25,restricted,199976,17504.917566532982,6252.267003092505,2787.036837561701,0.3571720334773805,0.15921450797861142,47367,16683,2851,UKESM1-0-LL,historical,1995_2014,historical_error_longer_ice
core,upper,codex_primary,0.5,unadjusted,199976,17504.917566532982,5342.5091970372905,2185.461981510535,0.3052004773362338,0.12484845890898914,47367,16549,2985,UKESM1-0-LL,historical,1995_2014,historical_error_longer_ice
core,upper,codex_primary,0.5,restricted,199976,17504.917566532982,5231.315725106917,2073.405937902198,0.29884834962653467,0.1184470552358537,47367,16543,2991,UKESM1-0-LL,historical,1995_2014,historical_error_longer_ice
core,upper,codex_primary,0.75,unadjusted,199976,17504.917566532982,4377.15465501689,1597.5712670116948,0.2500528573402375,0.09126414111575329,47367,16360,3174,UKESM1-0-LL,historical,1995_2014,historical_error_longer_ice
core,upper,codex_primary,0.75,restricted,199976,17504.917566532982,4210.364447121328,1459.0024603588554,0.24052466577568876,0.08334814801689037,47367,16335,3199,UKESM1-0-LL,historical,1995_2014,historical_error_longer_ice
core,upper,no_ecology,0.5,unadjusted,199976,17504.917566532982,7273.218281078095,2915.5079061740053,0.41549571732822654,0.16655364957262406,47367,16549,2985,UKESM1-0-LL,historical,1995_2014,historical_error_longer_ice
core,upper,no_ecology,0.5,restricted,199976,17504.917566532982,7273.218281078095,2829.735001193585,0.41549571732822654,0.1616537176161088,47367,16543,2991,UKESM1-0-LL,historical,1995_2014,historical_error_longer_ice
core,upper,no_maintenance,0.5,unadjusted,199976,17504.917566532982,5342.5091970372905,2200.6879683588195,0.3052004773362338,0.12571827087984894,47367,16814,2720,UKESM1-0-LL,historical,1995_2014,historical_error_longer_ice
core,upper,no_maintenance,0.5,restricted,199976,17504.917566532982,5231.315725106917,2088.126556510364,0.29884834962653467,0.11928799713416403,47367,16814,2720,UKESM1-0-LL,historical,1995_2014,historical_error_longer_ice
core,upper,no_institutions,0.5,unadjusted,199976,17504.917566532982,5342.5091970372905,2685.9717114357422,0.3052004773362338,0.1534409802974996,47367,16549,2985,UKESM1-0-LL,historical,1995_2014,historical_error_longer_ice
core,upper,no_institutions,0.5,restricted,199976,17504.917566532982,5231.315725106917,2620.8199114892705,0.29884834962653467,0.14971906617257777,47367,16543,2991,UKESM1-0-LL,historical,1995_2014,historical_error_longer_ice
conservative,lower,codex_primary,0.0,unadjusted,199976,17504.917566532982,4280.335897744936,1033.4271080230349,0.24452191114160715,0.059036388151796085,28471,6007,1280,UKESM1-0-LL,historical,1995_2014,historical_error_longer_ice
conservative,lower,codex_primary,0.0,restricted,199976,17504.917566532982,4280.335897744936,1033.4271080230349,0.24452191114160715,0.059036388151796085,28471,6007,1280,UKESM1-0-LL,historical,1995_2014,historical_error_longer_ice
conservative,lower,codex_primary,0.25,unadjusted,199976,17504.917566532982,3708.5746497576665,817.9900446024254,0.21185901822513897,0.046729157192165874,28471,5950,1337,UKESM1-0-LL,historical,1995_2014,historical_error_longer_ice
conservative,lower,codex_primary,0.25,restricted,199976,17504.917566532982,3673.015852091034,799.7236475663443,0.20982765774991938,0.045685656303535355,28471,5950,1337,UKESM1-0-LL,historical,1995_2014,historical_error_longer_ice
conservative,lower,codex_primary,0.5,unadjusted,199976,17504.917566532982,3136.813401770395,627.9118716785838,0.17919612530867068,0.0358705986070489,28471,5894,1393,UKESM1-0-LL,historical,1995_2014,historical_error_longer_ice
conservative,lower,codex_primary,0.5,restricted,199976,17504.917566532982,3065.695806437133,596.934272681613,0.17513340435823163,0.03410094737166144,28471,5890,1397,UKESM1-0-LL,historical,1995_2014,historical_error_longer_ice
conservative,lower,codex_primary,0.75,unadjusted,199976,17504.917566532982,2565.052153783126,459.23694317943944,0.14653323239220253,0.026234738977431,28471,5835,1452,UKESM1-0-LL,historical,1995_2014,historical_error_longer_ice
conservative,lower,codex_primary,0.75,restricted,199976,17504.917566532982,2458.375760783231,421.10402250956594,0.14043915096654386,0.02405632708117743,28471,5823,1464,UKESM1-0-LL,historical,1995_2014,historical_error_longer_ice
conservative,lower,no_ecology,0.5,unadjusted,199976,17504.917566532982,4280.335897744936,839.7871742171409,0.24452191114160715,0.04797435754982929,28471,5894,1393,UKESM1-0-LL,historical,1995_2014,historical_error_longer_ice
conservative,lower,no_ecology,0.5,restricted,199976,17504.917566532982,4280.335897744936,816.9970541735859,0.24452191114160715,0.04667243082227208,28471,5890,1397,UKESM1-0-LL,historical,1995_2014,historical_error_longer_ice
conservative,lower,no_maintenance,0.5,unadjusted,199976,17504.917566532982,3136.813401770395,632.208237192753,0.17919612530867068,0.03611603623895088,28471,6007,1280,UKESM1-0-LL,historical,1995_2014,historical_error_longer_ice
conservative,lower,no_maintenance,0.5,restricted,199976,17504.917566532982,3065.695806437133,600.9982333285409,0.17513340435823163,0.034333108456195624,28471,6007,1280,UKESM1-0-LL,historical,1995_2014,historical_error_longer_ice
conservative,lower,no_institutions,0.5,unadjusted,199976,17504.917566532982,3136.813401770395,766.8486194499793,0.17919612530867068,0.04380761100618317,28471,5894,1393,UKESM1-0-LL,historical,1995_2014,historical_error_longer_ice
conservative,lower,no_institutions,0.5,restricted,199976,17504.917566532982,3065.695806437133,747.6574752340094,0.17513340435823163,0.04271128226638603,28471,5890,1397,UKESM1-0-LL,historical,1995_2014,historical_error_longer_ice
conservative,upper,codex_primary,0.0,unadjusted,199976,17504.917566532982,5274.637624058056,2583.1017210994073,0.30132319126954615,0.147564346491865,38615,14005,1700,UKESM1-0-LL,historical,1995_2014,historical_error_longer_ice
conservative,upper,codex_primary,0.0,restricted,199976,17504.917566532982,5274.637624058056,2583.1017210994073,0.30132319126954615,0.147564346491865,38615,14005,1700,UKESM1-0-LL,historical,1995_2014,historical_error_longer_ice
conservative,upper,codex_primary,0.25,unadjusted,199976,17504.917566532982,4573.836654085848,2051.4812378566953,0.2612886714091359,0.11719456718715705,38615,13904,1801,UKESM1-0-LL,historical,1995_2014,historical_error_longer_ice
conservative,upper,codex_primary,0.25,restricted,199976,17504.917566532982,4535.383898688957,2004.2511623788425,0.25909198837702574,0.11449646390855892,38615,13904,1801,UKESM1-0-LL,historical,1995_2014,historical_error_longer_ice
conservative,upper,codex_primary,0.5,unadjusted,199976,17504.917566532982,3873.035684113639,1578.0374672307573,0.22125415154872569,0.09014823755855611,38615,13808,1897,UKESM1-0-LL,historical,1995_2014,historical_error_longer_ice
conservative,upper,codex_primary,0.5,restricted,199976,17504.917566532982,3796.130173319858,1497.2935410876933,0.21686078548450533,0.08553559509187947,38615,13803,1902,UKESM1-0-LL,historical,1995_2014,historical_error_longer_ice
conservative,upper,codex_primary,0.75,unadjusted,199976,17504.917566532982,3172.23471414143,1159.6026408035054,0.18121963168831542,0.06624439311959444,38615,13675,2030,UKESM1-0-LL,historical,1995_2014,historical_error_longer_ice
conservative,upper,codex_primary,0.75,restricted,199976,17504.917566532982,3056.87644795076,1059.3875781690979,0.17462958259198497,0.060519426849201655,38615,13655,2050,UKESM1-0-LL,historical,1995_2014,historical_error_longer_ice
conservative,upper,no_ecology,0.5,unadjusted,199976,17504.917566532982,5274.637624058056,2106.2790011208326,0.30132319126954615,0.1203249882848778,38615,13808,1897,UKESM1-0-LL,historical,1995_2014,historical_error_longer_ice
conservative,upper,no_ecology,0.5,restricted,199976,17504.917566532982,5274.637624058056,2045.9204233200685,0.30132319126954615,0.11687689562340983,38615,13803,1902,UKESM1-0-LL,historical,1995_2014,historical_error_longer_ice
conservative,upper,no_maintenance,0.5,unadjusted,199976,17504.917566532982,3873.035684113639,1590.148120697735,0.22125415154872569,0.0908400804890325,38615,14005,1700,UKESM1-0-LL,historical,1995_2014,historical_error_longer_ice
conservative,upper,no_maintenance,0.5,restricted,199976,17504.917566532982,3796.130173319858,1509.07438502881,0.21686078548450533,0.0862085970581178,38615,14005,1700,UKESM1-0-LL,historical,1995_2014,historical_error_longer_ice
conservative,upper,no_institutions,0.5,unadjusted,199976,17504.917566532982,3873.035684113639,1920.5159093433065,0.22125415154872569,0.10971293649591765,38615,13808,1897,UKESM1-0-LL,historical,1995_2014,historical_error_longer_ice
conservative,upper,no_institutions,0.5,restricted,199976,17504.917566532982,3796.130173319858,1872.9277570305294,0.21686078548450533,0.1069943774320487,38615,13803,1902,UKESM1-0-LL,historical,1995_2014,historical_error_longer_ice
core,lower,codex_primary,0.0,unadjusted,199976,17504.917566532982,7296.499845651551,1550.22423200972,0.4168257187112646,0.08855935631331036,58776,8057,2668,UKESM1-0-LL,historical,1995_2014,historical_error_shorter_ice
core,lower,codex_primary,0.0,restricted,199976,17504.917566532982,7296.499845651551,1550.22423200972,0.4168257187112646,0.08855935631331036,58776,8057,2668,UKESM1-0-LL,historical,1995_2014,historical_error_shorter_ice
core,lower,codex_primary,0.25,unadjusted,199976,17504.917566532982,6301.432042090617,1221.1241721271722,0.3599806750383159,0.0697589215993679,58776,7969,2756,UKESM1-0-LL,historical,1995_2014,historical_error_shorter_ice
core,lower,codex_primary,0.25,restricted,199976,17504.917566532982,6247.51499409271,1193.022677856561,0.35690056638924755,0.06815357303581125,58776,7969,2756,UKESM1-0-LL,historical,1995_2014,historical_error_shorter_ice
core,lower,codex_primary,0.5,unadjusted,199976,17504.917566532982,5306.364238529682,932.2385387393493,0.30313563136536714,0.053255808557571414,58776,7865,2860,UKESM1-0-LL,historical,1995_2014,historical_error_shorter_ice
core,lower,codex_primary,0.5,restricted,199976,17504.917566532982,5198.530142533869,884.8187889754641,0.2969754140672305,0.05054686979315556,58776,7860,2865,UKESM1-0-LL,historical,1995_2014,historical_error_shorter_ice
core,lower,codex_primary,0.75,unadjusted,199976,17504.917566532982,4311.296434968746,678.9663837932188,0.24629058769241838,0.038787179728930005,58776,7749,2976,UKESM1-0-LL,historical,1995_2014,historical_error_shorter_ice
core,lower,codex_primary,0.75,restricted,199976,17504.917566532982,4149.545290975029,620.8477581681702,0.23705026174521351,0.035467048377031296,58776,7735,2990,UKESM1-0-LL,historical,1995_2014,historical_error_shorter_ice
core,lower,no_ecology,0.5,unadjusted,199976,17504.917566532982,7296.499845651551,1245.352430935826,0.4168257187112646,0.07114300459870604,58776,7865,2860,UKESM1-0-LL,historical,1995_2014,historical_error_shorter_ice
core,lower,no_ecology,0.5,restricted,199976,17504.917566532982,7296.499845651551,1209.3052026721866,0.4168257187112646,0.06908374164436018,58776,7860,2865,UKESM1-0-LL,historical,1995_2014,historical_error_shorter_ice
core,lower,no_maintenance,0.5,unadjusted,199976,17504.917566532982,5306.364238529682,940.1776717165858,0.30313563136536714,0.05370934585342335,58776,8057,2668,UKESM1-0-LL,historical,1995_2014,historical_error_shorter_ice
core,lower,no_maintenance,0.5,restricted,199976,17504.917566532982,5198.530142533869,892.2610983844244,0.2969754140672305,0.0509720251462541,58776,8057,2668,UKESM1-0-LL,historical,1995_2014,historical_error_shorter_ice
core,lower,no_institutions,0.5,unadjusted,199976,17504.917566532982,5306.364238529682,1149.9869449613577,0.30313563136536714,0.06569507914507271,58776,7865,2860,UKESM1-0-LL,historical,1995_2014,historical_error_shorter_ice
core,lower,no_institutions,0.5,restricted,199976,17504.917566532982,5198.530142533869,1121.4757425199205,0.2969754140672305,0.06406632526302376,58776,7860,2865,UKESM1-0-LL,historical,1995_2014,historical_error_shorter_ice
core,upper,codex_primary,0.0,unadjusted,199976,17504.917566532982,8467.461137113834,3666.229120154702,0.4837189952440831,0.20943995344279898,69873,17476,3372,UKESM1-0-LL,historical,1995_2014,historical_error_shorter_ice
core,upper,codex_primary,0.0,restricted,199976,17504.917566532982,8467.461137113834,3666.229120154702,0.4837189952440831,0.20943995344279898,69873,17476,3372,UKESM1-0-LL,historical,1995_2014,historical_error_shorter_ice
core,upper,codex_primary,0.25,unadjusted,199976,17504.917566532982,7321.145652264129,2896.2737105404135,0.41823365488228076,0.16545486144291785,69873,17320,3528,UKESM1-0-LL,historical,1995_2014,historical_error_shorter_ice
core,upper,codex_primary,0.25,restricted,199976,17504.917566532982,7263.973814223903,2829.2349160525346,0.41496761047944786,0.16162514935012584,69873,17320,3528,UKESM1-0-LL,historical,1995_2014,historical_error_shorter_ice
core,upper,codex_primary,0.5,unadjusted,199976,17504.917566532982,6174.830167414425,2215.5287875863955,0.35274831452047845,0.12656607945542028,69873,17138,3710,UKESM1-0-LL,historical,1995_2014,historical_error_shorter_ice
core,upper,codex_primary,0.5,restricted,199976,17504.917566532982,6060.486491333974,2101.574983614951,0.3462162257148128,0.12005626279742534,69873,17132,3716,UKESM1-0-LL,historical,1995_2014,historical_error_shorter_ice
core,upper,codex_primary,0.75,unadjusted,199976,17504.917566532982,5028.514682564721,1617.8451979848962,0.2872629741586762,0.09242232600272256,69873,16923,3925,UKESM1-0-LL,historical,1995_2014,historical_error_shorter_ice
core,upper,codex_primary,0.75,restricted,199976,17504.917566532982,4856.999168444044,1477.0165682484187,0.2774648409501776,0.08437723643282236,69873,16898,3950,UKESM1-0-LL,historical,1995_2014,historical_error_shorter_ice
core,upper,no_ecology,0.5,unadjusted,199976,17504.917566532982,8467.461137113834,2957.7984414508237,0.4837189952440831,0.16896957270485702,69873,17138,3710,UKESM1-0-LL,historical,1995_2014,historical_error_shorter_ice
core,upper,no_ecology,0.5,restricted,199976,17504.917566532982,8467.461137113834,2869.547567060667,0.4837189952440831,0.16392808227482608,69873,17132,3716,UKESM1-0-LL,historical,1995_2014,historical_error_shorter_ice
core,upper,no_maintenance,0.5,unadjusted,199976,17504.917566532982,6174.830167414425,2232.8950857654754,0.35274831452047845,0.12755816057280192,69873,17476,3372,UKESM1-0-LL,historical,1995_2014,historical_error_shorter_ice
core,upper,no_maintenance,0.5,restricted,199976,17504.917566532982,6060.486491333974,2118.216188967733,0.3462162257148128,0.12100692167882435,69873,17476,3372,UKESM1-0-LL,historical,1995_2014,historical_error_shorter_ice
core,upper,no_institutions,0.5,unadjusted,199976,17504.917566532982,6174.830167414425,2724.768584728468,0.35274831452047845,0.1556573216852991,69873,17138,3710,UKESM1-0-LL,historical,1995_2014,historical_error_shorter_ice
core,upper,no_institutions,0.5,restricted,199976,17504.917566532982,6060.486491333974,2659.4634818343343,0.3462162257148128,0.15192664985288856,69873,17132,3716,UKESM1-0-LL,historical,1995_2014,historical_error_shorter_ice
conservative,lower,codex_primary,0.0,unadjusted,199976,17504.917566532982,5377.495983799553,1065.6103014490056,0.30719916065646563,0.060874911144186555,49440,6453,1749,UKESM1-0-LL,historical,1995_2014,historical_error_shorter_ice
conservative,lower,codex_primary,0.0,restricted,199976,17504.917566532982,5377.495983799553,1065.6103014490056,0.30719916065646563,0.060874911144186555,49440,6453,1749,UKESM1-0-LL,historical,1995_2014,historical_error_shorter_ice
conservative,lower,codex_primary,0.25,unadjusted,199976,17504.917566532982,4639.331795400419,841.8067426250003,0.2650301995291991,0.048089729039022734,49440,6382,1820,UKESM1-0-LL,historical,1995_2014,historical_error_shorter_ice
conservative,lower,codex_primary,0.25,restricted,199976,17504.917566532982,4602.498293606886,822.7160981511751,0.2629260192807898,0.046999141528326654,49440,6382,1820,UKESM1-0-LL,historical,1995_2014,historical_error_shorter_ice
conservative,lower,codex_primary,0.5,unadjusted,199976,17504.917566532982,3901.167607001286,643.8202009658027,0.22286123840193267,0.03677939062087897,49440,6294,1908,UKESM1-0-LL,historical,1995_2014,historical_error_shorter_ice
conservative,lower,codex_primary,0.5,restricted,199976,17504.917566532982,3827.5006034142207,611.5695198986527,0.21865287790511395,0.034937012275218615,49440,6290,1912,UKESM1-0-LL,historical,1995_2014,historical_error_shorter_ice
conservative,lower,codex_primary,0.75,unadjusted,199976,17504.917566532982,3163.0034186021517,469.6766550444808,0.18069227727466614,0.02683112635402743,49440,6213,1989,UKESM1-0-LL,historical,1995_2014,historical_error_shorter_ice
conservative,lower,codex_primary,0.75,restricted,199976,17504.917566532982,3052.5029132215554,430.0311956195452,0.17437973652943817,0.024566307952326852,49440,6201,2001,UKESM1-0-LL,historical,1995_2014,historical_error_shorter_ice
conservative,lower,no_ecology,0.5,unadjusted,199976,17504.917566532982,5377.495983799553,862.0214252771974,0.30719916065646563,0.049244529258753264,49440,6294,1908,UKESM1-0-LL,historical,1995_2014,historical_error_shorter_ice
conservative,lower,no_ecology,0.5,restricted,199976,17504.917566532982,5377.495983799553,837.6295155423009,0.30719916065646563,0.04785109740497918,49440,6290,1912,UKESM1-0-LL,historical,1995_2014,historical_error_shorter_ice
conservative,lower,no_maintenance,0.5,unadjusted,199976,17504.917566532982,3901.167607001286,649.2535719261396,0.22286123840193267,0.037089781740385,49440,6453,1749,UKESM1-0-LL,historical,1995_2014,historical_error_shorter_ice
conservative,lower,no_maintenance,0.5,restricted,199976,17504.917566532982,3827.5006034142207,616.6455287337097,0.21865287790511395,0.03522698843853181,49440,6453,1749,UKESM1-0-LL,historical,1995_2014,historical_error_shorter_ice
conservative,lower,no_institutions,0.5,unadjusted,199976,17504.917566532982,3901.167607001286,788.0629150415295,0.22286123840193267,0.04501951591866953,49440,6294,1908,UKESM1-0-LL,historical,1995_2014,historical_error_shorter_ice
conservative,lower,no_institutions,0.5,restricted,199976,17504.917566532982,3827.5006034142207,768.7184678778985,0.21865287790511395,0.043914429471383715,49440,6290,1912,UKESM1-0-LL,historical,1995_2014,historical_error_shorter_ice
conservative,upper,codex_primary,0.0,unadjusted,199976,17504.917566532982,6371.797710112673,2639.114177999707,0.3640004407844046,0.15076415915521554,59584,14646,2277,UKESM1-0-LL,historical,1995_2014,historical_error_shorter_ice
conservative,upper,codex_primary,0.0,restricted,199976,17504.917566532982,6371.797710112673,2639.114177999707,0.3640004407844046,0.15076415915521554,59584,14646,2277,UKESM1-0-LL,historical,1995_2014,historical_error_shorter_ice
conservative,upper,codex_primary,0.25,unadjusted,199976,17504.917566532982,5504.5937997286,2093.43939015491,0.31445985271319604,0.1195915023420208,59584,14522,2401,UKESM1-0-LL,historical,1995_2014,historical_error_shorter_ice
conservative,upper,codex_primary,0.25,restricted,199976,17504.917566532982,5464.866340204809,2045.0147044296834,0.31219034990789607,0.11682515479761373,59584,14522,2401,UKESM1-0-LL,historical,1995_2014,historical_error_shorter_ice
conservative,upper,codex_primary,0.5,unadjusted,199976,17504.917566532982,4637.3898893445285,1607.0200618078215,0.26491926464198756,0.0918039205668826,59584,14378,2545,UKESM1-0-LL,historical,1995_2014,historical_error_shorter_ice
conservative,upper,codex_primary,0.5,restricted,199976,17504.917566532982,4557.9349702969475,1524.4152176622767,0.26038025903138773,0.08708496980167167,59584,14373,2550,UKESM1-0-LL,historical,1995_2014,historical_error_shorter_ice
conservative,upper,codex_primary,0.75,unadjusted,199976,17504.917566532982,3770.1859789604564,1179.1115221943965,0.21537867657077908,0.06735887316880013,59584,14219,2704,UKESM1-0-LL,historical,1995_2014,historical_error_shorter_ice
conservative,upper,codex_primary,0.75,restricted,199976,17504.917566532982,3651.0036003890837,1076.6801046144583,0.20857016815487925,0.06150729362318872,59584,14199,2724,UKESM1-0-LL,historical,1995_2014,historical_error_shorter_ice
conservative,upper,no_ecology,0.5,unadjusted,199976,17504.917566532982,6371.797710112673,2147.06231320786,0.3640004407844046,0.1226548085729207,59584,14378,2545,UKESM1-0-LL,historical,1995_2014,historical_error_shorter_ice
conservative,upper,no_ecology,0.5,restricted,199976,17504.917566532982,6371.797710112673,2084.2783355617594,0.3640004407844046,0.11906816056915433,59584,14373,2550,UKESM1-0-LL,historical,1995_2014,historical_error_shorter_ice
conservative,upper,no_maintenance,0.5,unadjusted,199976,17504.917566532982,4637.3898893445285,1620.6473660253116,0.26491926464198756,0.09258240490796532,59584,14646,2277,UKESM1-0-LL,historical,1995_2014,historical_error_shorter_ice
conservative,upper,no_maintenance,0.5,restricted,199976,17504.917566532982,4557.9349702969475,1537.5521050276,0.26038025903138773,0.08783543819521836,59584,14646,2277,UKESM1-0-LL,historical,1995_2014,historical_error_shorter_ice
conservative,upper,no_institutions,0.5,unadjusted,199976,17504.917566532982,4637.3898893445285,1957.9597429892924,0.26491926464198756,0.1118519830526163,59584,14378,2545,UKESM1-0-LL,historical,1995_2014,historical_error_shorter_ice
conservative,upper,no_institutions,0.5,restricted,199976,17504.917566532982,4557.9349702969475,1910.2182877288542,0.26038025903138773,0.10912466628125866,59584,14373,2550,UKESM1-0-LL,historical,1995_2014,historical_error_shorter_ice
core,lower,codex_primary,0.0,unadjusted,199976,17738.59397219567,8013.240059739394,1655.9388218437102,0.4517404295007673,0.09335231554650322,62650,8884,2090,UKESM1-0-LL,ssp126,2031_2050,central
core,lower,codex_primary,0.0,restricted,199976,17738.59397219567,8013.240059739394,1655.9388218437102,0.4517404295007673,0.09335231554650322,62650,8884,2090,UKESM1-0-LL,ssp126,2031_2050,central
core,lower,codex_primary,0.25,unadjusted,199976,17738.59397219567,6913.72628329056,1305.1628294960117,0.38975616072657554,0.0735775807001269,62650,8716,2258,UKESM1-0-LL,ssp126,2031_2050,central
core,lower,codex_primary,0.25,restricted,199976,17738.59397219567,6856.708044891819,1274.8481909397556,0.3865418000794964,0.0718686155699834,62650,8711,2263,UKESM1-0-LL,ssp126,2031_2050,central
core,lower,codex_primary,0.5,unadjusted,199976,17738.59397219567,5814.2125068417245,995.5230112473953,0.3277718919523837,0.056121866975918505,62650,8455,2519,UKESM1-0-LL,ssp126,2031_2050,central
core,lower,codex_primary,0.5,restricted,199976,17738.59397219567,5700.176030044242,944.4440805145653,0.32134317065822543,0.053242330367047834,62650,8446,2528,UKESM1-0-LL,ssp126,2031_2050,central
core,lower,codex_primary,0.75,unadjusted,199976,17738.59397219567,4714.698730392894,729.066218345948,0.26578762317819216,0.04110056408578502,62650,8268,2706,UKESM1-0-LL,ssp126,2031_2050,central
core,lower,codex_primary,0.75,restricted,199976,17738.59397219567,4543.644015196667,666.566997882125,0.2561445412369545,0.037577217164276616,62650,8257,2717,UKESM1-0-LL,ssp126,2031_2050,central
core,lower,no_ecology,0.5,unadjusted,199976,17738.59397219567,8013.240059739394,1330.2044939021569,0.4517404295007673,0.07498928584684804,62650,8455,2519,UKESM1-0-LL,ssp126,2031_2050,central
core,lower,no_ecology,0.5,restricted,199976,17738.59397219567,8013.240059739394,1291.4993329720105,0.4517404295007673,0.07280731127824273,62650,8446,2528,UKESM1-0-LL,ssp126,2031_2050,central
core,lower,no_maintenance,0.5,unadjusted,199976,17738.59397219567,5814.2125068417245,1007.1720030301572,0.3277718919523837,0.05677857019608472,62650,8884,2090,UKESM1-0-LL,ssp126,2031_2050,central
core,lower,no_maintenance,0.5,restricted,199976,17738.59397219567,5700.176030044242,955.6932652326341,0.32134317065822543,0.05387649476224744,62650,8884,2090,UKESM1-0-LL,ssp126,2031_2050,central
core,lower,no_institutions,0.5,unadjusted,199976,17738.59397219567,5814.2125068417245,1225.2149053906915,0.3277718919523837,0.06907057612971763,62650,8455,2519,UKESM1-0-LL,ssp126,2031_2050,central
core,lower,no_institutions,0.5,restricted,199976,17738.59397219567,5700.176030044242,1194.4411151151778,0.32134317065822543,0.0673357266639849,62650,8446,2528,UKESM1-0-LL,ssp126,2031_2050,central
core,upper,codex_primary,0.0,unadjusted,199976,17738.59397219567,9094.235480594367,3810.296973387047,0.5126807397953361,0.21480264892242815,73086,18300,2600,UKESM1-0-LL,ssp126,2031_2050,central
core,upper,codex_primary,0.0,restricted,199976,17738.59397219567,9094.235480594367,3810.296973387047,0.5126807397953361,0.21480264892242815,73086,18300,2600,UKESM1-0-LL,ssp126,2031_2050,central
core,upper,codex_primary,0.25,unadjusted,199976,17738.59397219567,7856.093262645395,3013.9176290255364,0.44288139606551763,0.16990735758142367,73086,18089,2811,UKESM1-0-LL,ssp126,2031_2050,central
core,upper,codex_primary,0.25,restricted,199976,17738.59397219567,7796.8099282682615,2944.5018366608315,0.4395393423226981,0.16599409407962018,73086,18082,2818,UKESM1-0-LL,ssp126,2031_2050,central
core,upper,codex_primary,0.5,unadjusted,199976,17738.59397219567,6617.951044696424,2308.6046793961946,0.37308205233569924,0.1301458662966644,73086,17780,3120,UKESM1-0-LL,ssp126,2031_2050,central
core,upper,codex_primary,0.5,restricted,199976,17738.59397219567,6499.384375942156,2190.745864727068,0.36639794485006,0.12350166355692839,73086,17768,3132,UKESM1-0-LL,ssp126,2031_2050,central
core,upper,codex_primary,0.75,unadjusted,199976,17738.59397219567,5379.808826747455,1695.3971062086468,0.3032827086058809,0.0955767468868217,73086,17517,3383,UKESM1-0-LL,ssp126,2031_2050,central
core,upper,codex_primary,0.75,restricted,199976,17738.59397219567,5201.958823616051,1550.149902538988,0.2932565473774219,0.08738854415230247,73086,17503,3397,UKESM1-0-LL,ssp126,2031_2050,central
core,upper,no_ecology,0.5,unadjusted,199976,17738.59397219567,9094.235480594367,3083.2343258056985,0.5126807397953361,0.1738150346435861,73086,17780,3120,UKESM1-0-LL,ssp126,2031_2050,central
core,upper,no_ecology,0.5,restricted,199976,17738.59397219567,9094.235480594367,2991.393039263838,0.5126807397953361,0.16863755063973457,73086,17768,3132,UKESM1-0-LL,ssp126,2031_2050,central
core,upper,no_maintenance,0.5,unadjusted,199976,17738.59397219567,6617.951044696424,2322.7068868044876,0.37308205233569924,0.130940867717318,73086,18300,2600,UKESM1-0-LL,ssp126,2031_2050,central
core,upper,no_maintenance,0.5,restricted,199976,17738.59397219567,6499.384375942156,2204.3633074408604,0.36639794485006,0.12426933672962388,73086,18300,2600,UKESM1-0-LL,ssp126,2031_2050,central
core,upper,no_institutions,0.5,unadjusted,199976,17738.59397219567,6617.951044696424,2836.1587088550377,0.37308205233569924,0.15988633108692663,73086,17780,3120,UKESM1-0-LL,ssp126,2031_2050,central
core,upper,no_institutions,0.5,restricted,199976,17738.59397219567,6499.384375942156,2769.0704614809183,0.36639794485006,0.15610428119733125,73086,17768,3132,UKESM1-0-LL,ssp126,2031_2050,central
conservative,lower,codex_primary,0.0,unadjusted,199976,17738.59397219567,6011.710765468648,1138.9223354901924,0.3389057089243766,0.06420589688649474,53097,6838,1594,UKESM1-0-LL,ssp126,2031_2050,central
conservative,lower,codex_primary,0.0,restricted,199976,17738.59397219567,6011.710765468648,1138.9223354901924,0.3389057089243766,0.06420589688649474,53097,6838,1594,UKESM1-0-LL,ssp126,2031_2050,central
conservative,lower,codex_primary,0.25,unadjusted,199976,17738.59397219567,5180.454498798834,902.6801087408273,0.2920442571107343,0.050887917619385825,53097,6793,1639,UKESM1-0-LL,ssp126,2031_2050,central
conservative,lower,codex_primary,0.25,restricted,199976,17738.59397219567,5141.141589184718,882.0179819469084,0.2898280211635258,0.04972310563787784,53097,6791,1641,UKESM1-0-LL,ssp126,2031_2050,central
conservative,lower,codex_primary,0.5,unadjusted,199976,17738.59397219567,4349.1982321290225,692.328087215656,0.24518280529709208,0.03902947935449926,53097,6693,1739,UKESM1-0-LL,ssp126,2031_2050,central
conservative,lower,codex_primary,0.5,restricted,199976,17738.59397219567,4270.57241290079,657.3263649986728,0.24075033340267507,0.037056283380125725,53097,6690,1742,UKESM1-0-LL,ssp126,2031_2050,central
conservative,lower,codex_primary,0.75,unadjusted,199976,17738.59397219567,3517.941965459209,509.5303280854148,0.19832135348344976,0.02872439207324308,53097,6594,1838,UKESM1-0-LL,ssp126,2031_2050,central
conservative,lower,codex_primary,0.75,restricted,199976,17738.59397219567,3400.0032366168607,466.49252547952,0.19167264564182426,0.0262981680628534,53097,6590,1842,UKESM1-0-LL,ssp126,2031_2050,central
conservative,lower,no_ecology,0.5,unadjusted,199976,17738.59397219567,6011.710765468648,927.2146408254989,0.3389057089243766,0.05227103355986726,53097,6693,1739,UKESM1-0-LL,ssp126,2031_2050,central
conservative,lower,no_ecology,0.5,restricted,199976,17738.59397219567,6011.710765468648,901.0764457078761,0.3389057089243766,0.05079751231243394,53097,6690,1742,UKESM1-0-LL,ssp126,2031_2050,central
conservative,lower,no_maintenance,0.5,unadjusted,199976,17738.59397219567,4349.1982321290225,696.1302588440041,0.24518280529709208,0.039243823943157626,53097,6838,1594,UKESM1-0-LL,ssp126,2031_2050,central
conservative,lower,no_maintenance,0.5,restricted,199976,17738.59397219567,4270.57241290079,660.9960745724611,0.24075033340267507,0.03726316051929134,53097,6838,1594,UKESM1-0-LL,ssp126,2031_2050,central
conservative,lower,no_institutions,0.5,unadjusted,199976,17738.59397219567,4349.1982321290225,845.3769436803885,0.24518280529709208,0.047657494444343966,53097,6693,1739,UKESM1-0-LL,ssp126,2031_2050,central
conservative,lower,no_institutions,0.5,restricted,199976,17738.59397219567,4270.57241290079,824.1973910556624,0.24075033340267507,0.04646351296768781,53097,6690,1742,UKESM1-0-LL,ssp126,2031_2050,central
conservative,upper,codex_primary,0.0,unadjusted,199976,17738.59397219567,6921.907267293358,2736.7003198104376,0.3902173575957085,0.1542794386127826,62651,14952,2018,UKESM1-0-LL,ssp126,2031_2050,central
conservative,upper,codex_primary,0.0,restricted,199976,17738.59397219567,6921.907267293358,2736.7003198104376,0.3902173575957085,0.1542794386127826,62651,14952,2018,UKESM1-0-LL,ssp126,2031_2050,central
conservative,upper,codex_primary,0.25,unadjusted,199976,17738.59397219567,5973.252326042613,2175.815761578883,0.3367376430964809,0.12265999013165091,62651,14881,2089,UKESM1-0-LL,ssp126,2031_2050,central
conservative,upper,codex_primary,0.25,restricted,199976,17738.59397219567,5931.9135678697785,2125.9307984122906,0.33440720144830793,0.11984776255347956,62651,14877,2093,UKESM1-0-LL,ssp126,2031_2050,central
conservative,upper,codex_primary,0.5,unadjusted,199976,17738.59397219567,5024.5973847918685,1676.4986681725507,0.28325792859725324,0.09451136154310627,62651,14757,2213,UKESM1-0-LL,ssp126,2031_2050,central
conservative,upper,codex_primary,0.5,restricted,199976,17738.59397219567,4941.919868446201,1591.3445508510856,0.27859704530090745,0.08971086171460015,62651,14751,2219,UKESM1-0-LL,ssp126,2031_2050,central
conservative,upper,codex_primary,0.75,unadjusted,199976,17738.59397219567,4075.9424435411242,1238.8710556254935,0.22977821409802565,0.06984043141002944,62651,14600,2370,UKESM1-0-LL,ssp126,2031_2050,central
conservative,upper,codex_primary,0.75,restricted,199976,17738.59397219567,3951.9261690226226,1133.291413738434,0.2227868891535069,0.06388845787410262,62651,14593,2377,UKESM1-0-LL,ssp126,2031_2050,central
conservative,upper,no_ecology,0.5,unadjusted,199976,17738.59397219567,6921.907267293358,2241.037805548274,0.3902173575957085,0.12633683419672295,62651,14757,2213,UKESM1-0-LL,ssp126,2031_2050,central
conservative,upper,no_ecology,0.5,restricted,199976,17738.59397219567,6921.907267293358,2175.9893596701563,0.3902173575957085,0.1226697765945208,62651,14751,2219,UKESM1-0-LL,ssp126,2031_2050,central
conservative,upper,no_maintenance,0.5,unadjusted,199976,17738.59397219567,5024.5973847918685,1681.8191484619222,0.28325792859725324,0.094811299649684,62651,14952,2018,UKESM1-0-LL,ssp126,2031_2050,central
conservative,upper,no_maintenance,0.5,restricted,199976,17738.59397219567,4941.919868446201,1596.4743606070047,0.27859704530090745,0.09000005091211827,62651,14952,2018,UKESM1-0-LL,ssp126,2031_2050,central
conservative,upper,no_institutions,0.5,unadjusted,199976,17738.59397219567,5024.5973847918685,2040.3237779920569,0.28325792859725324,0.11502173065070202,62651,14757,2213,UKESM1-0-LL,ssp126,2031_2050,central
conservative,upper,no_institutions,0.5,restricted,199976,17738.59397219567,4941.919868446201,1991.42899520217,0.27859704530090745,0.11226532375247057,62651,14751,2219,UKESM1-0-LL,ssp126,2031_2050,central
core,lower,codex_primary,0.0,unadjusted,199976,17738.59397219567,7400.8142434292495,1649.0010411375686,0.417215381051601,0.09296120333563598,49082,8701,1931,UKESM1-0-LL,ssp126,2031_2050,historical_error_longer_ice
core,lower,codex_primary,0.0,restricted,199976,17738.59397219567,7400.8142434292495,1649.0010411375686,0.417215381051601,0.09296120333563598,49082,8701,1931,UKESM1-0-LL,ssp126,2031_2050,historical_error_longer_ice
core,lower,codex_primary,0.25,unadjusted,199976,17738.59397219567,6395.146710943727,1300.1347786429628,0.36052162425994916,0.07329412808483338,49082,8536,2096,UKESM1-0-LL,ssp126,2031_2050,historical_error_longer_ice
core,lower,codex_primary,0.25,restricted,199976,17738.59397219567,6338.58247698382,1270.0055278128211,0.3573328577743659,0.07159561404942744,49082,8531,2101,UKESM1-0-LL,ssp126,2031_2050,historical_error_longer_ice
core,lower,codex_primary,0.5,unadjusted,199976,17738.59397219567,5389.479178458202,992.1982660605302,0.3038278674682972,0.055934436946679635,49082,8287,2345,UKESM1-0-LL,ssp126,2031_2050,historical_error_longer_ice
core,lower,codex_primary,0.5,restricted,199976,17738.59397219567,5276.35071053839,941.4134728643944,0.29745033449713076,0.05307148212197716,49082,8278,2354,UKESM1-0-LL,ssp126,2031_2050,historical_error_longer_ice
core,lower,codex_primary,0.75,unadjusted,199976,17738.59397219567,4383.81164597268,727.0387687061154,0.2471341106766454,0.04098626812506736,49082,8115,2517,UKESM1-0-LL,ssp126,2031_2050,historical_error_longer_ice
core,lower,codex_primary,0.75,restricted,199976,17738.59397219567,4214.118944092961,664.8731099427321,0.2375678112198957,0.03748172549554301,49082,8104,2528,UKESM1-0-LL,ssp126,2031_2050,historical_error_longer_ice
core,lower,no_ecology,0.5,unadjusted,199976,17738.59397219567,7400.8142434292495,1325.4469994246026,0.417215381051601,0.07472108564535454,49082,8287,2345,UKESM1-0-LL,ssp126,2031_2050,historical_error_longer_ice
core,lower,no_ecology,0.5,restricted,199976,17738.59397219567,7400.8142434292495,1287.149421596764,0.417215381051601,0.07256208827003448,49082,8278,2354,UKESM1-0-LL,ssp126,2031_2050,historical_error_longer_ice
core,lower,no_maintenance,0.5,unadjusted,199976,17738.59397219567,5389.479178458202,1003.708823697672,0.3038278674682972,0.056583336045175486,49082,8701,1931,UKESM1-0-LL,ssp126,2031_2050,historical_error_longer_ice
core,lower,no_maintenance,0.5,restricted,199976,17738.59397219567,5276.35071053839,952.5380783079333,0.29745033449713076,0.053698623453526675,49082,8701,1931,UKESM1-0-LL,ssp126,2031_2050,historical_error_longer_ice
core,lower,no_institutions,0.5,unadjusted,199976,17738.59397219567,5389.479178458202,1220.5813049437074,0.3038278674682972,0.06880936036175728,49082,8287,2345,UKESM1-0-LL,ssp126,2031_2050,historical_error_longer_ice
core,lower,no_institutions,0.5,restricted,199976,17738.59397219567,5276.35071053839,1189.8179926593957,0.29745033449713076,0.06707510158496068,49082,8278,2354,UKESM1-0-LL,ssp126,2031_2050,historical_error_longer_ice
core,upper,codex_primary,0.0,unadjusted,199976,17738.59397219567,8481.809664284221,3792.1563227971365,0.47815569134616975,0.2137799832805884,59518,18037,2397,UKESM1-0-LL,ssp126,2031_2050,historical_error_longer_ice
core,upper,codex_primary,0.0,restricted,199976,17738.59397219567,8481.809664284221,3792.1563227971365,0.47815569134616975,0.2137799832805884,59518,18037,2397,UKESM1-0-LL,ssp126,2031_2050,historical_error_longer_ice
core,upper,codex_primary,0.25,unadjusted,199976,17738.59397219567,7337.513690298562,3000.4494681966594,0.4136468595988913,0.16914810006360756,59518,17833,2601,UKESM1-0-LL,ssp126,2031_2050,historical_error_longer_ice
core,upper,codex_primary,0.25,restricted,199976,17738.59397219567,7278.684360360264,2931.360859357983,0.41033040001756765,0.16525328128896458,59518,17826,2608,UKESM1-0-LL,ssp126,2031_2050,historical_error_longer_ice
core,upper,codex_primary,0.5,unadjusted,199976,17738.59397219567,6193.217716312901,2299.245956441426,0.3491380278516127,0.12961827527285283,59518,17542,2892,UKESM1-0-LL,ssp126,2031_2050,historical_error_longer_ice
core,upper,codex_primary,0.5,restricted,199976,17738.59397219567,6075.559056436304,2181.9170043073063,0.34250510868896533,0.12300394313818494,59518,17530,2904,UKESM1-0-LL,ssp126,2031_2050,historical_error_longer_ice
core,upper,codex_primary,0.75,unadjusted,199976,17738.59397219567,5048.92174232724,1690.2838102107403,0.28462919610433407,0.09528848864009024,59518,17299,3135,UKESM1-0-LL,ssp126,2031_2050,historical_error_longer_ice
core,upper,codex_primary,0.75,restricted,199976,17738.59397219567,4872.433752512345,1545.4236212473131,0.2746798173603631,0.08712210357087403,59518,17285,3149,UKESM1-0-LL,ssp126,2031_2050,historical_error_longer_ice
core,upper,no_ecology,0.5,unadjusted,199976,17738.59397219567,8481.809664284221,3069.8577411900683,0.47815569134616975,0.17306093966646463,59518,17542,2892,UKESM1-0-LL,ssp126,2031_2050,historical_error_longer_ice
core,upper,no_ecology,0.5,restricted,199976,17738.59397219567,8481.809664284221,2978.7431317566607,0.47815569134616975,0.16792442154241122,59518,17530,2904,UKESM1-0-LL,ssp126,2031_2050,historical_error_longer_ice
core,upper,no_maintenance,0.5,unadjusted,199976,17738.59397219567,6193.217716312901,2313.1280042536437,0.3491380278516127,0.13040086536054393,59518,18037,2397,UKESM1-0-LL,ssp126,2031_2050,historical_error_longer_ice
core,upper,no_maintenance,0.5,restricted,199976,17738.59397219567,6075.559056436304,2195.3366145550913,0.34250510868896533,0.1237604636532167,59518,18037,2397,UKESM1-0-LL,ssp126,2031_2050,historical_error_longer_ice
core,upper,no_institutions,0.5,unadjusted,199976,17738.59397219567,6193.217716312901,2823.7686210909865,0.3491380278516127,0.15918784913376435,59518,17542,2892,UKESM1-0-LL,ssp126,2031_2050,historical_error_longer_ice
core,upper,no_institutions,0.5,restricted,199976,17738.59397219567,6075.559056436304,2756.6908517080683,0.34250510868896533,0.1554063899331051,59518,17530,2904,UKESM1-0-LL,ssp126,2031_2050,historical_error_longer_ice
conservative,lower,codex_primary,0.0,unadjusted,199976,17738.59397219567,5451.980448795644,1132.0017511633664,0.30735132994990144,0.0638157541086808,40344,6656,1455,UKESM1-0-LL,ssp126,2031_2050,historical_error_longer_ice
conservative,lower,codex_primary,0.0,restricted,199976,17738.59397219567,5451.980448795644,1132.0017511633664,0.30735132994990144,0.0638157541086808,40344,6656,1455,UKESM1-0-LL,ssp126,2031_2050,historical_error_longer_ice
conservative,lower,codex_primary,0.25,unadjusted,199976,17738.59397219567,4706.695486030732,897.6640254930088,0.2653364462486843,0.050605139668907846,40344,6614,1497,UKESM1-0-LL,ssp126,2031_2050,historical_error_longer_ice
conservative,lower,codex_primary,0.25,restricted,199976,17738.59397219567,4667.771555383245,877.1867382906131,0.26314213870049313,0.04945074788145881,40344,6612,1499,UKESM1-0-LL,ssp126,2031_2050,historical_error_longer_ice
conservative,lower,codex_primary,0.5,unadjusted,199976,17738.59397219567,3961.410523265819,689.0110159130604,0.22332156254746713,0.03884248193476042,40344,6526,1585,UKESM1-0-LL,ssp126,2031_2050,historical_error_longer_ice
conservative,lower,codex_primary,0.5,restricted,199976,17738.59397219567,3883.5626619708455,654.3025284228576,0.21893294745108485,0.03688581684931979,40344,6523,1588,UKESM1-0-LL,ssp126,2031_2050,historical_error_longer_ice
conservative,lower,codex_primary,0.75,unadjusted,199976,17738.59397219567,3216.125560500907,507.50719366201696,0.18130667884625,0.028610339379632244,40344,6442,1669,UKESM1-0-LL,ssp126,2031_2050,historical_error_longer_ice
conservative,lower,codex_primary,0.75,restricted,199976,17738.59397219567,3099.3537685584465,464.80188873059126,0.1747237562016766,0.026202859677556416,40344,6438,1673,UKESM1-0-LL,ssp126,2031_2050,historical_error_longer_ice
conservative,lower,no_ecology,0.5,unadjusted,199976,17738.59397219567,5451.980448795644,922.4681090397585,0.30735132994990144,0.05200345137194524,40344,6526,1585,UKESM1-0-LL,ssp126,2031_2050,historical_error_longer_ice
conservative,lower,no_ecology,0.5,restricted,199976,17738.59397219567,5451.980448795644,896.7362072959942,0.30735132994990144,0.05055283461031815,40344,6523,1588,UKESM1-0-LL,ssp126,2031_2050,historical_error_longer_ice
conservative,lower,no_maintenance,0.5,unadjusted,199976,17738.59397219567,3961.410523265819,692.6747533957882,0.22332156254746713,0.03904902240174842,40344,6656,1455,UKESM1-0-LL,ssp126,2031_2050,historical_error_longer_ice
conservative,lower,no_maintenance,0.5,restricted,199976,17738.59397219567,3883.5626619708455,657.8476587221156,0.21893294745108485,0.03708567092483529,40344,6656,1455,UKESM1-0-LL,ssp126,2031_2050,historical_error_longer_ice
conservative,lower,no_institutions,0.5,unadjusted,199976,17738.59397219567,3961.410523265819,840.755380698925,0.22332156254746713,0.04739695727952089,40344,6526,1585,UKESM1-0-LL,ssp126,2031_2050,historical_error_longer_ice
conservative,lower,no_institutions,0.5,restricted,199976,17738.59397219567,3883.5626619708455,819.5863060654008,0.21893294745108485,0.046203566491800865,40344,6523,1588,UKESM1-0-LL,ssp126,2031_2050,historical_error_longer_ice
conservative,upper,codex_primary,0.0,unadjusted,199976,17738.59397219567,6362.1769506203555,2718.576865599842,0.35866297862123336,0.15325774240399612,49898,14690,1837,UKESM1-0-LL,ssp126,2031_2050,historical_error_longer_ice
conservative,upper,codex_primary,0.0,restricted,199976,17738.59397219567,6362.1769506203555,2718.576865599842,0.35866297862123336,0.15325774240399612,49898,14690,1837,UKESM1-0-LL,ssp126,2031_2050,historical_error_longer_ice
conservative,upper,codex_primary,0.25,unadjusted,199976,17738.59397219567,5499.49331327451,2162.359568355236,0.3100298322344308,0.12190140727865033,49898,14626,1901,UKESM1-0-LL,ssp126,2031_2050,historical_error_longer_ice
conservative,upper,codex_primary,0.25,restricted,199976,17738.59397219567,5458.543534068305,2112.80124058008,0.30772131898527527,0.11910759352696086,49898,14622,1905,UKESM1-0-LL,ssp126,2031_2050,historical_error_longer_ice
conservative,upper,codex_primary,0.5,unadjusted,199976,17738.59397219567,4636.809675928666,1667.1476191020504,0.2613966858476284,0.09398420312879466,49898,14520,2007,UKESM1-0-LL,ssp126,2031_2050,historical_error_longer_ice
conservative,upper,codex_primary,0.5,restricted,199976,17738.59397219567,4554.910117516257,1582.5224615056798,0.25677965934931724,0.08921352301012143,49898,14514,2013,UKESM1-0-LL,ssp126,2031_2050,historical_error_longer_ice
conservative,upper,codex_primary,0.75,unadjusted,199976,17738.59397219567,3774.1260385828214,1233.762074844021,0.21276353946082585,0.06955241643040476,49898,14383,2144,UKESM1-0-LL,ssp126,2031_2050,historical_error_longer_ice
conservative,upper,codex_primary,0.75,restricted,199976,17738.59397219567,3651.2767009642066,1128.5683836372236,0.20583799971335914,0.06362220057611083,49898,14376,2151,UKESM1-0-LL,ssp126,2031_2050,historical_error_longer_ice
conservative,upper,no_ecology,0.5,unadjusted,199976,17738.59397219567,6362.1769506203555,2227.6721836244574,0.35866297862123336,0.12558335723317296,49898,14520,2007,UKESM1-0-LL,ssp126,2031_2050,historical_error_longer_ice
conservative,upper,no_ecology,0.5,restricted,199976,17738.59397219567,6362.1769506203555,2163.3491251263436,0.35866297862123336,0.1219571928032899,49898,14514,2013,UKESM1-0-LL,ssp126,2031_2050,historical_error_longer_ice
conservative,upper,no_maintenance,0.5,unadjusted,199976,17738.59397219567,4636.809675928666,1672.2479397953473,0.2613966858476284,0.09427172990240994,49898,14690,1837,UKESM1-0-LL,ssp126,2031_2050,historical_error_longer_ice
conservative,upper,no_maintenance,0.5,restricted,199976,17738.59397219567,4554.910117516257,1587.454438795591,0.25677965934931724,0.08949155954997581,49898,14690,1837,UKESM1-0-LL,ssp126,2031_2050,historical_error_longer_ice
conservative,upper,no_institutions,0.5,unadjusted,199976,17738.59397219567,4636.809675928666,2027.9457276935266,0.2613966858476284,0.11432392730067709,49898,14520,2007,UKESM1-0-LL,ssp126,2031_2050,historical_error_longer_ice
conservative,upper,no_institutions,0.5,restricted,199976,17738.59397219567,4554.910117516257,1979.0614228948416,0.25677965934931724,0.11156811109138176,49898,14514,2013,UKESM1-0-LL,ssp126,2031_2050,historical_error_longer_ice
core,lower,codex_primary,0.0,unadjusted,199976,17738.59397219567,8697.633464568898,1657.0275166775841,0.49032259705600056,0.09341368990546202,80829,8911,2139,UKESM1-0-LL,ssp126,2031_2050,historical_error_shorter_ice
core,lower,codex_primary,0.0,restricted,199976,17738.59397219567,8697.633464568898,1657.0275166775841,0.49032259705600056,0.09341368990546202,80829,8911,2139,UKESM1-0-LL,ssp126,2031_2050,historical_error_shorter_ice
core,lower,codex_primary,0.25,unadjusted,199976,17738.59397219567,7494.156629181614,1305.729158657997,0.4224774884034393,0.07360950708408232,80829,8735,2315,UKESM1-0-LL,ssp126,2031_2050,historical_error_shorter_ice
core,lower,codex_primary,0.25,restricted,199976,17738.59397219567,7435.881658259376,1275.4003441692873,0.4191922803980257,0.07189974279632373,80829,8730,2320,UKESM1-0-LL,ssp126,2031_2050,historical_error_shorter_ice
core,lower,codex_primary,0.5,unadjusted,199976,17738.59397219567,6290.67979379433,995.9185478900164,0.35463237975087797,0.05614416505902707,80829,8474,2576,UKESM1-0-LL,ssp126,2031_2050,historical_error_shorter_ice
core,lower,codex_primary,0.5,restricted,199976,17738.59397219567,6174.129851949851,944.8162685625567,0.3480619637400507,0.05326331219055509,80829,8465,2585,UKESM1-0-LL,ssp126,2031_2050,historical_error_shorter_ice
core,lower,codex_primary,0.75,unadjusted,199976,17738.59397219567,5087.202958407046,729.2930237273815,0.2867872710983167,0.0411133500699385,80829,8286,2764,UKESM1-0-LL,ssp126,2031_2050,historical_error_shorter_ice
core,lower,codex_primary,0.75,restricted,199976,17738.59397219567,4912.378045640328,666.7662852770309,0.2769316470820758,0.03758845184247142,80829,8275,2775,UKESM1-0-LL,ssp126,2031_2050,historical_error_shorter_ice
core,lower,no_ecology,0.5,unadjusted,199976,17738.59397219567,8697.633464568898,1330.7775762156048,0.49032259705600056,0.07502159293467847,80829,8474,2576,UKESM1-0-LL,ssp126,2031_2050,historical_error_shorter_ice
core,lower,no_ecology,0.5,restricted,199976,17738.59397219567,8697.633464568898,1292.0390601502736,0.49032259705600056,0.07283773799521416,80829,8465,2585,UKESM1-0-LL,ssp126,2031_2050,historical_error_shorter_ice
core,lower,no_maintenance,0.5,unadjusted,199976,17738.59397219567,6290.67979379433,1007.7647084168409,0.35463237975087797,0.05681198352002757,80829,8911,2139,UKESM1-0-LL,ssp126,2031_2050,historical_error_shorter_ice
core,lower,no_maintenance,0.5,restricted,199976,17738.59397219567,6174.129851949851,956.2626220246881,0.3480619637400507,0.05390859182658898,80829,8911,2139,UKESM1-0-LL,ssp126,2031_2050,historical_error_shorter_ice
core,lower,no_institutions,0.5,unadjusted,199976,17738.59397219567,6290.67979379433,1225.744992506804,0.35463237975087797,0.06910045939537801,80829,8474,2576,UKESM1-0-LL,ssp126,2031_2050,historical_error_shorter_ice
core,lower,no_institutions,0.5,restricted,199976,17738.59397219567,6174.129851949851,1194.97120223129,0.3480619637400507,0.06736560992964524,80829,8465,2585,UKESM1-0-LL,ssp126,2031_2050,historical_error_shorter_ice
core,upper,codex_primary,0.0,unadjusted,199976,17738.59397219567,9778.628885423872,3811.929017912249,0.5512629073505695,0.2148946542148296,91265,18341,2693,UKESM1-0-LL,ssp126,2031_2050,historical_error_shorter_ice
core,upper,codex_primary,0.0,restricted,199976,17738.59397219567,9778.628885423872,3811.929017912249,0.5512629073505695,0.2148946542148296,91265,18341,2693,UKESM1-0-LL,ssp126,2031_2050,historical_error_shorter_ice
core,upper,codex_primary,0.25,unadjusted,199976,17738.59397219567,8436.52360853645,3014.7587234141047,0.47560272374238144,0.16995477365001888,91265,18117,2917,UKESM1-0-LL,ssp126,2031_2050,historical_error_shorter_ice
core,upper,codex_primary,0.25,restricted,199976,17738.59397219567,8375.983541635818,2945.324600570357,0.47218982264122733,0.16604047678113615,91265,18110,2924,UKESM1-0-LL,ssp126,2031_2050,historical_error_shorter_ice
core,upper,codex_primary,0.5,unadjusted,199976,17738.59397219567,7094.418331649028,2309.1984127609066,0.3999425401341934,0.1301793375721016,91265,17808,3226,UKESM1-0-LL,ssp126,2031_2050,historical_error_shorter_ice
core,upper,codex_primary,0.5,restricted,199976,17738.59397219567,6973.338197847765,2191.3094067145307,0.39311673793188523,0.12353343281599967,91265,17796,3238,UKESM1-0-LL,ssp126,2031_2050,historical_error_shorter_ice
core,upper,codex_primary,0.75,unadjusted,199976,17738.59397219567,5752.3130547616065,1695.707902299388,0.3242823565260054,0.09559426778454495,91265,17543,3491,UKESM1-0-LL,ssp126,2031_2050,historical_error_shorter_ice
core,upper,codex_primary,0.75,restricted,199976,17738.59397219567,5570.692854059712,1550.4251159351147,0.3140436532225432,0.08740405910216593,91265,17529,3505,UKESM1-0-LL,ssp126,2031_2050,historical_error_shorter_ice
core,upper,no_ecology,0.5,unadjusted,199976,17738.59397219567,9778.628885423872,3084.093267985308,0.5512629073505695,0.17386345686808463,91265,17808,3226,UKESM1-0-LL,ssp126,2031_2050,historical_error_shorter_ice
core,upper,no_ecology,0.5,restricted,199976,17738.59397219567,9778.628885423872,2992.2088509045207,0.5512629073505695,0.16868354141228178,91265,17796,3238,UKESM1-0-LL,ssp126,2031_2050,historical_error_shorter_ice
core,upper,no_maintenance,0.5,unadjusted,199976,17738.59397219567,7094.418331649028,2323.606318902769,0.3999425401341934,0.13099157253077115,91265,18341,2693,UKESM1-0-LL,ssp126,2031_2050,historical_error_shorter_ice
core,upper,no_maintenance,0.5,restricted,199976,17738.59397219567,6973.338197847765,2205.232548161893,0.39311673793188523,0.12431833952671115,91265,18341,2693,UKESM1-0-LL,ssp126,2031_2050,historical_error_shorter_ice
core,upper,no_institutions,0.5,unadjusted,199976,17738.59397219567,7094.418331649028,2836.9407329725,0.3999425401341934,0.15993041711306194,91265,17808,3226,UKESM1-0-LL,ssp126,2031_2050,historical_error_shorter_ice
core,upper,no_institutions,0.5,restricted,199976,17738.59397219567,6973.338197847765,2769.8524855983806,0.39311673793188523,0.1561483672234666,91265,17796,3238,UKESM1-0-LL,ssp126,2031_2050,historical_error_shorter_ice
conservative,lower,codex_primary,0.0,unadjusted,199976,17738.59397219567,6678.456946140108,1140.011030324066,0.3764930273847095,0.06426727124545352,70945,6865,1640,UKESM1-0-LL,ssp126,2031_2050,historical_error_shorter_ice
conservative,lower,codex_primary,0.0,restricted,199976,17738.59397219567,6678.456946140108,1140.011030324066,0.3764930273847095,0.06426727124545352,70945,6865,1640,UKESM1-0-LL,ssp126,2031_2050,historical_error_shorter_ice
conservative,lower,codex_primary,0.25,unadjusted,199976,17738.59397219567,5745.975524311585,903.2464379028127,0.32392508297546607,0.05091984400334123,70945,6812,1693,UKESM1-0-LL,ssp126,2031_2050,historical_error_shorter_ice
conservative,lower,codex_primary,0.25,restricted,199976,17738.59397219567,5705.405882173973,882.57013517644,0.3216379996699232,0.04975423286421816,70945,6810,1695,UKESM1-0-LL,ssp126,2031_2050,historical_error_shorter_ice
conservative,lower,codex_primary,0.5,unadjusted,199976,17738.59397219567,4813.494102483064,692.7236238582769,0.27135713856622273,0.039051777437607814,70945,6712,1793,UKESM1-0-LL,ssp126,2031_2050,historical_error_shorter_ice
conservative,lower,codex_primary,0.5,restricted,199976,17738.59397219567,4732.3548182078375,657.6985530466642,0.26678297195513684,0.03707726520363298,70945,6709,1796,UKESM1-0-LL,ssp126,2031_2050,historical_error_shorter_ice
conservative,lower,codex_primary,0.75,unadjusted,199976,17738.59397219567,3881.0126806545427,509.7571334668485,0.21878919415697937,0.02873717805739657,70945,6612,1893,UKESM1-0-LL,ssp126,2031_2050,historical_error_shorter_ice
conservative,lower,codex_primary,0.75,restricted,199976,17738.59397219567,3759.3037542417037,466.69181287442586,0.2119279442403506,0.0263094027410482,70945,6608,1897,UKESM1-0-LL,ssp126,2031_2050,historical_error_shorter_ice
conservative,lower,no_ecology,0.5,unadjusted,199976,17738.59397219567,6678.456946140108,927.7877231389473,0.3764930273847095,0.052303340647697705,70945,6712,1793,UKESM1-0-LL,ssp126,2031_2050,historical_error_shorter_ice
conservative,lower,no_ecology,0.5,restricted,199976,17738.59397219567,6678.456946140108,901.6161728861393,0.3764930273847095,0.050827939029405377,70945,6709,1796,UKESM1-0-LL,ssp126,2031_2050,historical_error_shorter_ice
conservative,lower,no_maintenance,0.5,unadjusted,199976,17738.59397219567,4813.494102483064,696.7229642306876,0.27135713856622273,0.03927723726710047,70945,6865,1640,UKESM1-0-LL,ssp126,2031_2050,historical_error_shorter_ice
conservative,lower,no_maintenance,0.5,restricted,199976,17738.59397219567,4732.3548182078375,661.565431364515,0.26678297195513684,0.037295257583632876,70945,6865,1640,UKESM1-0-LL,ssp126,2031_2050,historical_error_shorter_ice
conservative,lower,no_institutions,0.5,unadjusted,199976,17738.59397219567,4813.494102483064,845.9070307965005,0.27135713856622273,0.0476873777100043,70945,6712,1793,UKESM1-0-LL,ssp126,2031_2050,historical_error_shorter_ice
conservative,lower,no_institutions,0.5,restricted,199976,17738.59397219567,4732.3548182078375,824.7274781717744,0.26678297195513684,0.046493396233348146,70945,6709,1796,UKESM1-0-LL,ssp126,2031_2050,historical_error_shorter_ice
conservative,upper,codex_primary,0.0,unadjusted,199976,17738.59397219567,7588.653447964817,2738.2806547453242,0.4278046760560414,0.15436852881561175,80499,14990,2108,UKESM1-0-LL,ssp126,2031_2050,historical_error_shorter_ice
conservative,upper,codex_primary,0.0,restricted,199976,17738.59397219567,7588.653447964817,2738.2806547453242,0.4278046760560414,0.15436852881561175,80499,14990,2108,UKESM1-0-LL,ssp126,2031_2050,historical_error_shorter_ice
conservative,upper,codex_primary,0.25,unadjusted,199976,17738.59397219567,6538.7733515553655,2176.6195008406003,0.36861846896121275,0.12270530033284142,80499,14906,2192,UKESM1-0-LL,ssp126,2031_2050,historical_error_shorter_ice
conservative,upper,codex_primary,0.25,restricted,199976,17738.59397219567,6496.177860859035,2126.717474577714,0.36621717995470543,0.11989211083534769,80499,14902,2196,UKESM1-0-LL,ssp126,2031_2050,historical_error_shorter_ice
conservative,upper,codex_primary,0.5,unadjusted,199976,17738.59397219567,5488.893255145911,1677.0670185663794,0.30943226186638395,0.09454340187249875,80499,14782,2316,UKESM1-0-LL,ssp126,2031_2050,historical_error_shorter_ice
conservative,upper,codex_primary,0.5,restricted,199976,17738.59397219567,5403.702273753248,1591.8847973216066,0.3046296838533692,0.08974131770628516,80499,14776,2322,UKESM1-0-LL,ssp126,2031_2050,historical_error_shorter_ice
conservative,upper,codex_primary,0.75,unadjusted,199976,17738.59397219567,4439.013158736458,1239.1660585938255,0.25024605477155526,0.0698570619822605,80499,14623,2475,UKESM1-0-LL,ssp126,2031_2050,historical_error_shorter_ice
conservative,upper,codex_primary,0.75,restricted,199976,17738.59397219567,4311.226686647465,1133.5532942257246,0.2430421877520332,0.06390322119117844,80499,14616,2482,UKESM1-0-LL,ssp126,2031_2050,historical_error_shorter_ice
conservative,upper,no_ecology,0.5,unadjusted,199976,17738.59397219567,7588.653447964817,2241.86121392304,0.4278046760560414,0.12638325322948601,80499,14782,2316,UKESM1-0-LL,ssp126,2031_2050,historical_error_shorter_ice
conservative,upper,no_ecology,0.5,restricted,199976,17738.59397219567,7588.653447964817,2176.7726195830533,0.4278046760560414,0.12271393228770171,80499,14776,2322,UKESM1-0-LL,ssp126,2031_2050,historical_error_shorter_ice
conservative,upper,no_maintenance,0.5,unadjusted,199976,17738.59397219567,5488.893255145911,1682.693197589321,0.30943226186638395,0.09486057351709248,80499,14990,2108,UKESM1-0-LL,ssp126,2031_2050,historical_error_shorter_ice
conservative,upper,no_maintenance,0.5,restricted,199976,17738.59397219567,5403.702273753248,1597.3203058110955,0.3046296838533692,0.09004774044181926,80499,14990,2108,UKESM1-0-LL,ssp126,2031_2050,historical_error_shorter_ice
conservative,upper,no_institutions,0.5,unadjusted,199976,17738.59397219567,5488.893255145911,2041.0690079681547,0.30943226186638395,0.1150637424345709,80499,14782,2316,UKESM1-0-LL,ssp126,2031_2050,historical_error_shorter_ice
conservative,upper,no_institutions,0.5,restricted,199976,17738.59397219567,5403.702273753248,1992.174225178268,0.3046296838533692,0.11230733553633947,80499,14776,2322,UKESM1-0-LL,ssp126,2031_2050,historical_error_shorter_ice
core,lower,codex_primary,0.0,unadjusted,199976,17852.939880473506,8590.778953638679,1682.194956227482,0.48119687912211967,0.0942250949977918,71979,9015,1928,UKESM1-0-LL,ssp126,2081_2100,central
core,lower,codex_primary,0.0,restricted,199976,17852.939880473506,8590.778953638679,1682.194956227482,0.48119687912211967,0.0942250949977918,71979,9015,1928,UKESM1-0-LL,ssp126,2081_2100,central
core,lower,codex_primary,0.25,unadjusted,199976,17852.939880473506,7405.433921910858,1330.4586257040098,0.4148019301857665,0.07452322332408608,71979,8892,2051,UKESM1-0-LL,ssp126,2081_2100,central
core,lower,codex_primary,0.25,restricted,199976,17852.939880473506,7345.853270836049,1299.5040970288085,0.4114646282358521,0.07278936162497973,71979,8884,2059,UKESM1-0-LL,ssp126,2081_2100,central
core,lower,codex_primary,0.5,unadjusted,199976,17852.939880473506,6220.088890183036,1013.4097730339611,0.3484069812494133,0.05676430771731713,71979,8628,2315,UKESM1-0-LL,ssp126,2081_2100,central
core,lower,codex_primary,0.5,restricted,199976,17852.939880473506,6100.92758803342,961.3600374801571,0.34173237734958456,0.05384883632144172,71979,8615,2328,UKESM1-0-LL,ssp126,2081_2100,central
core,lower,codex_primary,0.75,unadjusted,199976,17852.939880473506,5034.743858455214,740.8313823013143,0.2820120323130601,0.041496324261506755,71979,8377,2566,UKESM1-0-LL,ssp126,2081_2100,central
core,lower,codex_primary,0.75,restricted,199976,17852.939880473506,4856.001905230791,677.3637436805359,0.27200012646331706,0.03794129976438202,71979,8361,2582,UKESM1-0-LL,ssp126,2081_2100,central
core,lower,no_ecology,0.5,unadjusted,199976,17852.939880473506,8590.778953638679,1354.5200192464147,0.48119687912211967,0.07587097857915877,71979,8628,2315,UKESM1-0-LL,ssp126,2081_2100,central
core,lower,no_ecology,0.5,restricted,199976,17852.939880473506,8590.778953638679,1314.9483775720325,0.48119687912211967,0.07365444494720141,71979,8615,2328,UKESM1-0-LL,ssp126,2081_2100,central
core,lower,no_maintenance,0.5,unadjusted,199976,17852.939880473506,6220.088890183036,1023.7401611300323,0.3484069812494133,0.05734294564279237,71979,9015,1928,UKESM1-0-LL,ssp126,2081_2100,central
core,lower,no_maintenance,0.5,restricted,199976,17852.939880473506,6100.92758803342,971.449187315107,0.34173237734958456,0.054413961723896294,71979,9015,1928,UKESM1-0-LL,ssp126,2081_2100,central
core,lower,no_institutions,0.5,unadjusted,199976,17852.939880473506,6220.088890183036,1246.131403076144,0.3484069812494133,0.06979978711736373,71979,8628,2315,UKESM1-0-LL,ssp126,2081_2100,central
core,lower,no_institutions,0.5,restricted,199976,17852.939880473506,6100.92758803342,1214.771510307762,0.34173237734958456,0.06804321968486587,71979,8615,2328,UKESM1-0-LL,ssp126,2081_2100,central
core,upper,codex_primary,0.0,unadjusted,199976,17852.939880473506,9704.532046882532,3863.3091584576064,0.5435817356611825,0.21639624534237448,82758,18446,2535,UKESM1-0-LL,ssp126,2081_2100,central
core,upper,codex_primary,0.0,restricted,199976,17852.939880473506,9704.532046882532,3863.3091584576064,0.5435817356611825,0.21639624534237448,82758,18446,2535,UKESM1-0-LL,ssp126,2081_2100,central
core,upper,codex_primary,0.25,unadjusted,199976,17852.939880473506,8375.977849515239,3060.0072489124063,0.46916518543124597,0.17140074796640423,82758,18274,2707,UKESM1-0-LL,ssp126,2081_2100,central
core,upper,codex_primary,0.25,restricted,199976,17852.939880473506,8314.138444529848,2989.437607017908,0.46570136348374547,0.16744791765571218,82758,18265,2716,UKESM1-0-LL,ssp126,2081_2100,central
core,upper,codex_primary,0.5,unadjusted,199976,17852.939880473506,7047.423652147946,2342.714290636502,0.3947486352013095,0.13122288577237773,82758,17958,3023,UKESM1-0-LL,ssp126,2081_2100,central
core,upper,codex_primary,0.5,restricted,199976,17852.939880473506,6923.744842177164,2222.960581762748,0.3878209913063085,0.1245150992859216,82758,17942,3039,UKESM1-0-LL,ssp126,2081_2100,central
core,upper,codex_primary,0.75,unadjusted,199976,17852.939880473506,5718.8694547806535,1719.830171474868,0.32033208497137305,0.09633316322069267,82758,17640,3341,UKESM1-0-LL,ssp126,2081_2100,central
core,upper,codex_primary,0.75,restricted,199976,17852.939880473506,5533.351239824481,1572.4531067573055,0.30994061912887155,0.08807810463066433,82758,17621,3360,UKESM1-0-LL,ssp126,2081_2100,central
core,upper,no_ecology,0.5,unadjusted,199976,17852.939880473506,9704.532046882532,3129.052780484934,0.5435817356611825,0.1752682080057474,82758,17958,3023,UKESM1-0-LL,ssp126,2081_2100,central
core,upper,no_ecology,0.5,restricted,199976,17852.939880473506,9704.532046882532,3035.758348386287,0.5435817356611825,0.17004248984821937,82758,17942,3039,UKESM1-0-LL,ssp126,2081_2100,central
core,upper,no_maintenance,0.5,unadjusted,199976,17852.939880473506,7047.423652147946,2356.4077864112996,0.3947486352013095,0.13198990206585526,82758,18446,2535,UKESM1-0-LL,ssp126,2081_2100,central
core,upper,no_maintenance,0.5,restricted,199976,17852.939880473506,6923.744842177164,2236.3401675304663,0.3878209913063085,0.12526453248052682,82758,18446,2535,UKESM1-0-LL,ssp126,2081_2100,central
core,upper,no_institutions,0.5,unadjusted,199976,17852.939880473506,7047.423652147946,2876.231460466316,0.3947486352013095,0.16110688097998743,82758,17958,3023,UKESM1-0-LL,ssp126,2081_2100,central
core,upper,no_institutions,0.5,restricted,199976,17852.939880473506,6923.744842177164,2807.9343626794716,0.3878209913063085,0.15728134309972247,82758,17942,3039,UKESM1-0-LL,ssp126,2081_2100,central
conservative,lower,codex_primary,0.0,unadjusted,199976,17852.939880473506,6575.530428079359,1160.1791085990528,0.3683163933841107,0.06498532546272608,62346,6912,1508,UKESM1-0-LL,ssp126,2081_2100,central
conservative,lower,codex_primary,0.0,restricted,199976,17852.939880473506,6575.530428079359,1160.1791085990528,0.3683163933841107,0.06498532546272608,62346,6912,1508,UKESM1-0-LL,ssp126,2081_2100,central
conservative,lower,codex_primary,0.25,unadjusted,199976,17852.939880473506,5660.305530095331,920.6471372429854,0.31705173310342233,0.051568377164028595,62346,6859,1561,UKESM1-0-LL,ssp126,2081_2100,central
conservative,lower,codex_primary,0.25,restricted,199976,17852.939880473506,5618.579266308295,899.6345169065492,0.31471451222739877,0.05039139340241191,62346,6857,1563,UKESM1-0-LL,ssp126,2081_2100,central
conservative,lower,codex_primary,0.5,unadjusted,199976,17852.939880473506,4745.080632111301,705.9167393225554,0.26578707282273384,0.039540643952688456,62346,6766,1654,UKESM1-0-LL,ssp126,2081_2100,central
conservative,lower,codex_primary,0.5,restricted,199976,17852.939880473506,4661.628104537231,670.3449280792604,0.26111263107068683,0.037548153557187755,62346,6762,1658,UKESM1-0-LL,ssp126,2081_2100,central
conservative,lower,codex_primary,0.75,unadjusted,199976,17852.939880473506,3829.8557341272726,519.4421099081909,0.21452241254204543,0.029095606291506423,62346,6663,1757,UKESM1-0-LL,ssp126,2081_2100,central
conservative,lower,codex_primary,0.75,restricted,199976,17852.939880473506,3704.676942766166,475.7269585738713,0.20751074991397486,0.0266469814920619,62346,6657,1763,UKESM1-0-LL,ssp126,2081_2100,central
conservative,lower,no_ecology,0.5,unadjusted,199976,17852.939880473506,6575.530428079359,945.7269621261472,0.3683163933841107,0.052973178000813616,62346,6766,1654,UKESM1-0-LL,ssp126,2081_2100,central
conservative,lower,no_ecology,0.5,restricted,199976,17852.939880473506,6575.530428079359,919.1737465329448,0.3683163933841107,0.05148584785961683,62346,6762,1658,UKESM1-0-LL,ssp126,2081_2100,central
conservative,lower,no_maintenance,0.5,unadjusted,199976,17852.939880473506,4745.080632111301,709.5870164537162,0.26578707282273384,0.03974622785963788,62346,6912,1508,UKESM1-0-LL,ssp126,2081_2100,central
conservative,lower,no_maintenance,0.5,restricted,199976,17852.939880473506,4661.628104537231,673.8616228444266,0.26111263107068683,0.037745134826867185,62346,6912,1508,UKESM1-0-LL,ssp126,2081_2100,central
conservative,lower,no_institutions,0.5,unadjusted,199976,17852.939880473506,4745.080632111301,861.1653201872742,0.26578707282273384,0.048236611222175575,62346,6766,1654,UKESM1-0-LL,ssp126,2081_2100,central
conservative,lower,no_institutions,0.5,restricted,199976,17852.939880473506,4661.628104537231,839.6140595372998,0.26111263107068683,0.04702945650176194,62346,6762,1658,UKESM1-0-LL,ssp126,2081_2100,central
conservative,upper,codex_primary,0.0,unadjusted,199976,17852.939880473506,7508.004678317118,2780.003374427449,0.42054724480022093,0.15571683952557602,72108,15028,2017,UKESM1-0-LL,ssp126,2081_2100,central
conservative,upper,codex_primary,0.0,restricted,199976,17852.939880473506,7508.004678317118,2780.003374427449,0.42054724480022093,0.15571683952557602,72108,15028,2017,UKESM1-0-LL,ssp126,2081_2100,central
conservative,upper,codex_primary,0.25,unadjusted,199976,17852.939880473506,6472.367976227795,2211.2066950318454,0.3625379360240209,0.12385672667000537,72108,14943,2102,UKESM1-0-LL,ssp126,2081_2100,central
conservative,upper,codex_primary,0.25,restricted,199976,17852.939880473506,6428.636687466198,2160.5551911180773,0.3600884073158988,0.1210195746797515,72108,14940,2105,UKESM1-0-LL,ssp126,2081_2100,central
conservative,upper,codex_primary,0.5,unadjusted,199976,17852.939880473506,5436.731274138472,1703.6718442679587,0.30452862724782087,0.09542808387157202,72108,14818,2227,UKESM1-0-LL,ssp126,2081_2100,central
conservative,upper,codex_primary,0.5,restricted,199976,17852.939880473506,5349.26869661528,1617.2073840782762,0.29962956983157685,0.09058493418482198,72108,14811,2234,UKESM1-0-LL,ssp126,2081_2100,central
conservative,upper,codex_primary,0.75,unadjusted,199976,17852.939880473506,4401.094572049147,1259.6564841466104,0.24651931847162076,0.07055736996708023,72108,14667,2378,UKESM1-0-LL,ssp126,2081_2100,central
conservative,upper,codex_primary,0.75,restricted,199976,17852.939880473506,4269.900705764359,1152.4405595090616,0.23917073234725475,0.06455186469145809,72108,14658,2387,UKESM1-0-LL,ssp126,2081_2100,central
conservative,upper,no_ecology,0.5,unadjusted,199976,17852.939880473506,7508.004678317118,2277.4730977986974,0.42054724480022093,0.12756851885720308,72108,14818,2227,UKESM1-0-LL,ssp126,2081_2100,central
conservative,upper,no_ecology,0.5,restricted,199976,17852.939880473506,7508.004678317118,2211.5683640395036,0.42054724480022093,0.12387698490254744,72108,14811,2234,UKESM1-0-LL,ssp126,2081_2100,central
conservative,upper,no_maintenance,0.5,unadjusted,199976,17852.939880473506,5436.731274138472,1709.5090109125115,0.30452862724782087,0.09575504215875794,72108,15028,2017,UKESM1-0-LL,ssp126,2081_2100,central
conservative,upper,no_maintenance,0.5,restricted,199976,17852.939880473506,5349.26869661528,1622.8263168942342,0.29962956983157685,0.09089966850049083,72108,15028,2017,UKESM1-0-LL,ssp126,2081_2100,central
conservative,upper,no_institutions,0.5,unadjusted,199976,17852.939880473506,5436.731274138472,2072.0700611696884,0.30452862724782087,0.11606324084673564,72108,14818,2227,UKESM1-0-LL,ssp126,2081_2100,central
conservative,upper,no_institutions,0.5,restricted,199976,17852.939880473506,5349.26869661528,2022.287842432218,0.29962956983157685,0.11327478028669537,72108,14811,2234,UKESM1-0-LL,ssp126,2081_2100,central
core,lower,codex_primary,0.0,unadjusted,199976,17852.939880473506,7906.498787018832,1678.7588314457714,0.44286816848952115,0.09403262670939137,55202,8886,1856,UKESM1-0-LL,ssp126,2081_2100,historical_error_longer_ice
core,lower,codex_primary,0.0,restricted,199976,17852.939880473506,7906.498787018832,1678.7588314457714,0.44286816848952115,0.09403262670939137,55202,8886,1856,UKESM1-0-LL,ssp126,2081_2100,historical_error_longer_ice
core,lower,codex_primary,0.25,unadjusted,199976,17852.939880473506,6825.632015378168,1328.152143576532,0.3823253795215903,0.0743940299171223,55202,8770,1972,UKESM1-0-LL,ssp126,2081_2100,historical_error_longer_ice
core,lower,codex_primary,0.25,restricted,199976,17852.939880473506,6767.049989472955,1297.2896445646861,0.3790440137466858,0.07266532309244961,55202,8762,1980,UKESM1-0-LL,ssp126,2081_2100,historical_error_longer_ice
core,lower,codex_primary,0.5,unadjusted,199976,17852.939880473506,5744.765243737505,1011.9384657118542,0.32178259055365954,0.05668189511009628,55202,8512,2230,UKESM1-0-LL,ssp126,2081_2100,historical_error_longer_ice
core,lower,codex_primary,0.5,restricted,199976,17852.939880473506,5627.601191927076,960.033565240981,0.31521985900385036,0.05377453638831827,55202,8499,2243,UKESM1-0-LL,ssp126,2081_2100,historical_error_longer_ice
core,lower,codex_primary,0.75,unadjusted,199976,17852.939880473506,4663.898472096842,739.9646111225532,0.2612398015857287,0.04144777364829883,55202,8263,2479,UKESM1-0-LL,ssp126,2081_2100,historical_error_longer_ice
core,lower,codex_primary,0.75,restricted,199976,17852.939880473506,4488.152394381197,676.6651625619593,0.25139570426101493,0.03790217001190128,55202,8247,2495,UKESM1-0-LL,ssp126,2081_2100,historical_error_longer_ice
core,lower,no_ecology,0.5,unadjusted,199976,17852.939880473506,7906.498787018832,1352.412610711647,0.44286816848952115,0.0757529359179009,55202,8512,2230,UKESM1-0-LL,ssp126,2081_2100,historical_error_longer_ice
core,lower,no_ecology,0.5,restricted,199976,17852.939880473506,7906.498787018832,1313.047911206267,0.44286816848952115,0.07354799377565828,55202,8499,2243,UKESM1-0-LL,ssp126,2081_2100,historical_error_longer_ice
core,lower,no_maintenance,0.5,unadjusted,199976,17852.939880473506,5744.765243737505,1022.126401753096,0.32178259055365954,0.057252553842464776,55202,8886,1856,UKESM1-0-LL,ssp126,2081_2100,historical_error_longer_ice
core,lower,no_maintenance,0.5,restricted,199976,17852.939880473506,5627.601191927076,969.9970220863756,0.31521985900385036,0.0543326213262669,55202,8886,1856,UKESM1-0-LL,ssp126,2081_2100,historical_error_longer_ice
core,lower,no_institutions,0.5,unadjusted,199976,17852.939880473506,5744.765243737505,1243.9557497358378,0.32178259055365954,0.06967792184728092,55202,8512,2230,UKESM1-0-LL,ssp126,2081_2100,historical_error_longer_ice
core,lower,no_institutions,0.5,restricted,199976,17852.939880473506,5627.601191927076,1212.595856967456,0.31521985900385036,0.06792135441478307,55202,8499,2243,UKESM1-0-LL,ssp126,2081_2100,historical_error_longer_ice
core,upper,codex_primary,0.0,unadjusted,199976,17852.939880473506,9020.251880262686,3857.5439810946928,0.5052530250285839,0.21607331940404095,65981,18266,2422,UKESM1-0-LL,ssp126,2081_2100,historical_error_longer_ice
core,upper,codex_primary,0.0,restricted,199976,17852.939880473506,9020.251880262686,3857.5439810946928,0.5052530250285839,0.21607331940404095,65981,18266,2422,UKESM1-0-LL,ssp126,2081_2100,historical_error_longer_ice
core,upper,codex_primary,0.25,unadjusted,199976,17852.939880473506,7796.175942982551,3055.936983058128,0.4366886347670698,0.17117275941765378,65981,18104,2584,UKESM1-0-LL,ssp126,2081_2100,historical_error_longer_ice
core,upper,codex_primary,0.25,restricted,199976,17852.939880473506,7735.335163166754,2985.4833856579844,0.4332807489945792,0.1672264291285342,65981,18095,2593,UKESM1-0-LL,ssp126,2081_2100,historical_error_longer_ice
core,upper,codex_primary,0.5,unadjusted,199976,17852.939880473506,6572.100005702416,2339.992596232695,0.3681242445055557,0.13107043500393126,65981,17800,2888,UKESM1-0-LL,ssp126,2081_2100,historical_error_longer_ice
core,upper,codex_primary,0.5,restricted,199976,17852.939880473506,6450.41844607082,2220.417289155803,0.3613084729605743,0.12437264137008405,65981,17784,2904,UKESM1-0-LL,ssp126,2081_2100,historical_error_longer_ice
core,upper,codex_primary,0.75,unadjusted,199976,17852.939880473506,5348.024068422282,1718.0946025001506,0.29955985424404163,0.09623594847699572,65981,17485,3203,UKESM1-0-LL,ssp126,2081_2100,historical_error_longer_ice
core,upper,codex_primary,0.75,restricted,199976,17852.939880473506,5165.5017289748885,1570.9252886127626,0.2893361969265695,0.08799252667236886,65981,17466,3222,UKESM1-0-LL,ssp126,2081_2100,historical_error_longer_ice
core,upper,no_ecology,0.5,unadjusted,199976,17852.939880473506,9020.251880262686,3125.150625677268,0.5052530250285839,0.1750496358919224,65981,17800,2888,UKESM1-0-LL,ssp126,2081_2100,historical_error_longer_ice
core,upper,no_ecology,0.5,restricted,199976,17852.939880473506,9020.251880262686,3032.1110881960963,0.5052530250285839,0.16983819519341128,65981,17784,2904,UKESM1-0-LL,ssp126,2081_2100,historical_error_longer_ice
core,upper,no_maintenance,0.5,unadjusted,199976,17852.939880473506,6572.100005702416,2353.4754090677075,0.3681242445055557,0.13182565027521323,65981,18266,2422,UKESM1-0-LL,ssp126,2081_2100,historical_error_longer_ice
core,upper,no_maintenance,0.5,restricted,199976,17852.939880473506,6450.41844607082,2233.6109782119465,0.3613084729605743,0.12511166189804618,65981,18266,2422,UKESM1-0-LL,ssp126,2081_2100,historical_error_longer_ice
core,upper,no_institutions,0.5,unadjusted,199976,17852.939880473506,6572.100005702416,2872.5394200076757,0.3681242445055557,0.16090007803977932,65981,17800,2888,UKESM1-0-LL,ssp126,2081_2100,historical_error_longer_ice
core,upper,no_institutions,0.5,restricted,199976,17852.939880473506,6450.41844607082,2804.242322220832,0.3613084729605743,0.15707454015951441,65981,17784,2904,UKESM1-0-LL,ssp126,2081_2100,historical_error_longer_ice
conservative,lower,codex_primary,0.0,unadjusted,199976,17852.939880473506,5917.332275755485,1156.7602471141238,0.3314486194079169,0.06479382414653846,46141,6784,1441,UKESM1-0-LL,ssp126,2081_2100,historical_error_longer_ice
conservative,lower,codex_primary,0.0,restricted,199976,17852.939880473506,5917.332275755485,1156.7602471141238,0.3314486194079169,0.06479382414653846,46141,6784,1441,UKESM1-0-LL,ssp126,2081_2100,historical_error_longer_ice
conservative,lower,codex_primary,0.25,unadjusted,199976,17852.939880473506,5102.595980838778,918.3526692911107,0.2858126457043468,0.05143985670928914,46141,6738,1487,UKESM1-0-LL,ssp126,2081_2100,historical_error_longer_ice
conservative,lower,codex_primary,0.25,restricted,199976,17852.939880473506,5061.868342221335,897.4315283504452,0.28353136100333304,0.05026799699986684,46141,6736,1489,UKESM1-0-LL,ssp126,2081_2100,historical_error_longer_ice
conservative,lower,codex_primary,0.5,unadjusted,199976,17852.939880473506,4287.859685922072,704.4531357466371,0.24017667200077672,0.039458662856817574,46141,6651,1574,UKESM1-0-LL,ssp126,2081_2100,historical_error_longer_ice
conservative,lower,codex_primary,0.5,restricted,199976,17852.939880473506,4206.404408687186,669.0252532631921,0.2356141025987492,0.03747423436937311,46141,6647,1578,UKESM1-0-LL,ssp126,2081_2100,historical_error_longer_ice
conservative,lower,codex_primary,0.75,unadjusted,199976,17852.939880473506,3473.123391005365,518.5796707379659,0.19454069829720666,0.029047298327888157,46141,6550,1675,UKESM1-0-LL,ssp126,2081_2100,historical_error_longer_ice
conservative,lower,codex_primary,0.75,restricted,199976,17852.939880473506,3350.9404751530387,475.0316412973424,0.18769684419416546,0.026608034557765132,46141,6544,1681,UKESM1-0-LL,ssp126,2081_2100,historical_error_longer_ice
conservative,lower,no_ecology,0.5,unadjusted,199976,17852.939880473506,5917.332275755485,943.6305589430772,0.3314486194079169,0.0528557517843414,46141,6651,1574,UKESM1-0-LL,ssp126,2081_2100,historical_error_longer_ice
conservative,lower,no_ecology,0.5,restricted,199976,17852.939880473506,5917.332275755485,917.2829907716185,0.3314486194079169,0.051379940609943386,46141,6647,1578,UKESM1-0-LL,ssp126,2081_2100,historical_error_longer_ice
conservative,lower,no_maintenance,0.5,unadjusted,199976,17852.939880473506,4287.859685922072,707.9809608229684,0.24017667200077672,0.03965626757066024,46141,6784,1441,UKESM1-0-LL,ssp126,2081_2100,historical_error_longer_ice
conservative,lower,no_maintenance,0.5,restricted,199976,17852.939880473506,4206.404408687186,672.4162550388029,0.2356141025987492,0.03766417517454659,46141,6784,1441,UKESM1-0-LL,ssp126,2081_2100,historical_error_longer_ice
conservative,lower,no_institutions,0.5,unadjusted,199976,17852.939880473506,4287.859685922072,859.0017511547151,0.24017667200077672,0.04811542283264173,46141,6651,1574,UKESM1-0-LL,ssp126,2081_2100,historical_error_longer_ice
conservative,lower,no_institutions,0.5,restricted,199976,17852.939880473506,4206.404408687186,837.4504905047407,0.2356141025987492,0.0469082681122281,46141,6647,1578,UKESM1-0-LL,ssp126,2081_2100,historical_error_longer_ice
conservative,upper,codex_primary,0.0,unadjusted,199976,17852.939880473506,6849.806525993242,2774.286955000614,0.3836794708240269,0.15539664467446987,55903,14851,1910,UKESM1-0-LL,ssp126,2081_2100,historical_error_longer_ice
conservative,upper,codex_primary,0.0,restricted,199976,17852.939880473506,6849.806525993242,2774.286955000614,0.3836794708240269,0.15539664467446987,55903,14851,1910,UKESM1-0-LL,ssp126,2081_2100,historical_error_longer_ice
conservative,upper,codex_primary,0.25,unadjusted,199976,17852.939880473506,5914.658426971241,2207.1717236641844,0.3312988486249453,0.1236307150778152,55903,14776,1985,UKESM1-0-LL,ssp126,2081_2100,historical_error_longer_ice
conservative,upper,codex_primary,0.25,restricted,199976,17852.939880473506,5871.925763379239,2156.6350891444085,0.3289052560918331,0.12079999728802139,55903,14773,1988,UKESM1-0-LL,ssp126,2081_2100,historical_error_longer_ice
conservative,upper,codex_primary,0.5,unadjusted,199976,17852.939880473506,4979.5103279492405,1700.9742047438083,0.27891822642586367,0.09527698049351713,55903,14663,2098,UKESM1-0-LL,ssp126,2081_2100,historical_error_longer_ice
conservative,upper,codex_primary,0.5,restricted,199976,17852.939880473506,4894.045000765235,1614.6862108915682,0.2741310413596392,0.09044371524813215,55903,14656,2105,UKESM1-0-LL,ssp126,2081_2100,historical_error_longer_ice
conservative,upper,codex_primary,0.75,unadjusted,199976,17852.939880473506,4044.36222892724,1257.9359542870923,0.22653760422678199,0.07046099761210468,55903,14515,2246,UKESM1-0-LL,ssp126,2081_2100,historical_error_longer_ice
conservative,upper,codex_primary,0.75,restricted,199976,17852.939880473506,3916.164238151232,1150.925499402544,0.21935682662744535,0.06446700135148936,55903,14506,2255,UKESM1-0-LL,ssp126,2081_2100,historical_error_longer_ice
conservative,upper,no_ecology,0.5,unadjusted,199976,17852.939880473506,6849.806525993242,2273.6045829643904,0.3836794708240269,0.1273518310253834,55903,14663,2098,UKESM1-0-LL,ssp126,2081_2100,historical_error_longer_ice
conservative,upper,no_ecology,0.5,restricted,199976,17852.939880473506,6849.806525993242,2207.9519788806433,0.3836794708240269,0.1236744196565391,55903,14656,2105,UKESM1-0-LL,ssp126,2081_2100,historical_error_longer_ice
conservative,upper,no_maintenance,0.5,unadjusted,199976,17852.939880473506,4979.5103279492405,1706.6006884485764,0.27891822642586367,0.09559213775850753,55903,14851,1910,UKESM1-0-LL,ssp126,2081_2100,historical_error_longer_ice
conservative,upper,no_maintenance,0.5,restricted,199976,17852.939880473506,4894.045000765235,1620.119246995951,0.2741310413596392,0.09074803689715787,55903,14851,1910,UKESM1-0-LL,ssp126,2081_2100,historical_error_longer_ice
conservative,upper,no_institutions,0.5,unadjusted,199976,17852.939880473506,4979.5103279492405,2068.4127458684225,0.27891822642586367,0.11585838297314441,55903,14663,2098,UKESM1-0-LL,ssp126,2081_2100,historical_error_longer_ice
conservative,upper,no_institutions,0.5,restricted,199976,17852.939880473506,4894.045000765235,2018.6305271309516,0.2741310413596392,0.11306992241310411,55903,14656,2105,UKESM1-0-LL,ssp126,2081_2100,historical_error_longer_ice
core,lower,codex_primary,0.0,unadjusted,199976,17852.939880473506,9315.806485612926,1682.6489693628419,0.5218079794130717,0.0942505257189167,92382,9031,1959,UKESM1-0-LL,ssp126,2081_2100,historical_error_shorter_ice
core,lower,codex_primary,0.0,restricted,199976,17852.939880473506,9315.806485612926,1682.6489693628419,0.5218079794130717,0.0942505257189167,92382,9031,1959,UKESM1-0-LL,ssp126,2081_2100,historical_error_shorter_ice
core,lower,codex_primary,0.25,unadjusted,199976,17852.939880473506,8020.799583906126,1330.7970056226213,0.44927052001551876,0.07454217706060662,92382,8908,2082,UKESM1-0-LL,ssp126,2081_2100,historical_error_shorter_ice
core,lower,codex_primary,0.25,restricted,199976,17852.939880473506,7960.894090355814,1299.8368794109886,0.44591502260437066,0.07280800182566421,92382,8900,2090,UKESM1-0-LL,ssp126,2081_2100,historical_error_shorter_ice
core,lower,codex_primary,0.5,unadjusted,199976,17852.939880473506,6725.792682199325,1013.6491549980836,0.37673306061796585,0.056777716263233115,92382,8644,2346,UKESM1-0-LL,ssp126,2081_2100,historical_error_shorter_ice
core,lower,codex_primary,0.5,restricted,199976,17852.939880473506,6605.981695098703,961.5901999725105,0.3700220657956697,0.05386172845539245,92382,8631,2359,UKESM1-0-LL,ssp126,2081_2100,historical_error_shorter_ice
core,lower,codex_primary,0.75,unadjusted,199976,17852.939880473506,5430.785780492527,740.9423697912412,0.304195601220413,0.04150254102416153,92382,8388,2602,UKESM1-0-LL,ssp126,2081_2100,historical_error_shorter_ice
core,lower,codex_primary,0.75,restricted,199976,17852.939880473506,5251.069299841594,677.463865364449,0.2941291089869688,0.03794690789864918,92382,8372,2618,UKESM1-0-LL,ssp126,2081_2100,historical_error_shorter_ice
core,lower,no_ecology,0.5,unadjusted,199976,17852.939880473506,9315.806485612926,1354.8667458461812,0.5218079794130717,0.0758903998398636,92382,8644,2346,UKESM1-0-LL,ssp126,2081_2100,historical_error_shorter_ice
core,lower,no_ecology,0.5,restricted,199976,17852.939880473506,9315.806485612926,1315.281933497843,0.5218079794130717,0.07367312847652732,92382,8631,2359,UKESM1-0-LL,ssp126,2081_2100,historical_error_shorter_ice
core,lower,no_maintenance,0.5,unadjusted,199976,17852.939880473506,6725.792682199325,1023.9795430941549,0.37673306061796585,0.057356354188708346,92382,9031,1959,UKESM1-0-LL,ssp126,2081_2100,historical_error_shorter_ice
core,lower,no_maintenance,0.5,restricted,199976,17852.939880473506,6605.981695098703,971.6793498074602,0.3700220657956697,0.05442685385784701,92382,9031,1959,UKESM1-0-LL,ssp126,2081_2100,historical_error_shorter_ice
core,lower,no_institutions,0.5,unadjusted,199976,17852.939880473506,6725.792682199325,1246.4448010513418,0.37673306061796585,0.06981734153570021,92382,8644,2346,UKESM1-0-LL,ssp126,2081_2100,historical_error_shorter_ice
core,lower,no_institutions,0.5,restricted,199976,17852.939880473506,6605.981695098703,1215.0849082829595,0.3700220657956697,0.06806077410320234,92382,8631,2359,UKESM1-0-LL,ssp126,2081_2100,historical_error_shorter_ice
core,upper,codex_primary,0.0,unadjusted,199976,17852.939880473506,10429.55957885678,3863.9300753383695,0.5841928359521346,0.21643102487364047,103161,18468,2594,UKESM1-0-LL,ssp126,2081_2100,historical_error_shorter_ice
core,upper,codex_primary,0.0,restricted,199976,17852.939880473506,10429.55957885678,3863.9300753383695,0.5841928359521346,0.21643102487364047,103161,18468,2594,UKESM1-0-LL,ssp126,2081_2100,historical_error_shorter_ice
core,upper,codex_primary,0.25,unadjusted,199976,17852.939880473506,8991.34351151051,3060.434683630787,0.5036337752609984,0.17142468994577806,103161,18294,2768,UKESM1-0-LL,ssp126,2081_2100,historical_error_shorter_ice
core,upper,codex_primary,0.25,restricted,199976,17852.939880473506,8929.179264049613,2989.8573145745704,0.5001517578522641,0.1674714268121577,103161,18285,2777,UKESM1-0-LL,ssp126,2081_2100,historical_error_shorter_ice
core,upper,codex_primary,0.5,unadjusted,199976,17852.939880473506,7553.127444164236,2343.010700089439,0.42307471456986206,0.13123948860949708,103161,17978,3084,UKESM1-0-LL,ssp126,2081_2100,historical_error_shorter_ice
core,upper,codex_primary,0.5,restricted,199976,17852.939880473506,7428.7989492424485,2223.2442641257962,0.4161106797523937,0.12453098923821783,103161,17962,3100,UKESM1-0-LL,ssp126,2081_2100,historical_error_shorter_ice
core,upper,codex_primary,0.75,unadjusted,199976,17852.939880473506,6114.911376817966,1719.9579245442578,0.3425156538787259,0.0963403190768287,103161,17654,3408,UKESM1-0-LL,ssp126,2081_2100,historical_error_shorter_ice
core,upper,codex_primary,0.75,restricted,199976,17852.939880473506,5928.418634435284,1572.565860042184,0.33206960165252325,0.088084420301116,103161,17635,3427,UKESM1-0-LL,ssp126,2081_2100,historical_error_shorter_ice
core,upper,no_ecology,0.5,unadjusted,199976,17852.939880473506,10429.55957885678,3129.4824147531017,0.5841928359521346,0.1752922731889074,103161,17978,3084,UKESM1-0-LL,ssp126,2081_2100,historical_error_shorter_ice
core,upper,no_ecology,0.5,restricted,199976,17852.939880473506,10429.55957885678,3036.169801097471,0.5841928359521346,0.1700655366244892,103161,17962,3100,UKESM1-0-LL,ssp126,2081_2100,historical_error_shorter_ice
core,upper,no_maintenance,0.5,unadjusted,199976,17852.939880473506,7553.127444164236,2356.726574541117,0.42307471456986206,0.13200775840391227,103161,18468,2594,UKESM1-0-LL,ssp126,2081_2100,historical_error_shorter_ice
core,upper,no_maintenance,0.5,restricted,199976,17852.939880473506,7428.7989492424485,2236.646228570395,0.4161106797523937,0.12528167593376074,103161,18468,2594,UKESM1-0-LL,ssp126,2081_2100,historical_error_shorter_ice
core,upper,no_institutions,0.5,unadjusted,199976,17852.939880473506,7553.127444164236,2876.6330148729153,0.42307471456986206,0.16112937332070484,103161,17978,3084,UKESM1-0-LL,ssp126,2081_2100,historical_error_shorter_ice
core,upper,no_institutions,0.5,restricted,199976,17852.939880473506,7428.7989492424485,2808.335917086071,0.4161106797523937,0.15730383544043988,103161,17962,3100,UKESM1-0-LL,ssp126,2081_2100,historical_error_shorter_ice
conservative,lower,codex_primary,0.0,unadjusted,199976,17852.939880473506,7284.106065405437,1160.633121734413,0.4080059706789448,0.06501075618385099,82493,6928,1539,UKESM1-0-LL,ssp126,2081_2100,historical_error_shorter_ice
conservative,lower,codex_primary,0.0,restricted,199976,17852.939880473506,7284.106065405437,1160.633121734413,0.4080059706789448,0.06501075618385099,82493,6928,1539,UKESM1-0-LL,ssp126,2081_2100,historical_error_shorter_ice
conservative,lower,codex_primary,0.25,unadjusted,199976,17852.939880473506,6261.756088244123,920.985517161597,0.3507408936660826,0.05158733090054914,82493,6875,1592,UKESM1-0-LL,ssp126,2081_2100,historical_error_shorter_ice
conservative,lower,codex_primary,0.25,restricted,199976,17852.939880473506,6219.711577820888,899.9672992887295,0.3483858467827835,0.05041003360309641,82493,6873,1594,UKESM1-0-LL,ssp126,2081_2100,historical_error_shorter_ice
conservative,lower,codex_primary,0.5,unadjusted,199976,17852.939880473506,5239.406111082809,706.156121286678,0.29347581665322037,0.03955405249860444,82493,6782,1685,UKESM1-0-LL,ssp126,2081_2100,historical_error_shorter_ice
conservative,lower,codex_primary,0.5,restricted,199976,17852.939880473506,5155.317090236339,670.5750905716136,0.2887657228866222,0.037561045691138474,82493,6778,1689,UKESM1-0-LL,ssp126,2081_2100,historical_error_shorter_ice
conservative,lower,codex_primary,0.75,unadjusted,199976,17852.939880473506,4217.0561339214955,519.5530973981176,0.2362107396403582,0.029101823054161192,82493,6674,1793,UKESM1-0-LL,ssp126,2081_2100,historical_error_shorter_ice
conservative,lower,codex_primary,0.75,restricted,199976,17852.939880473506,4090.922602651791,475.82708025778436,0.229145598990461,0.02665258962632905,82493,6668,1799,UKESM1-0-LL,ssp126,2081_2100,historical_error_shorter_ice
conservative,lower,no_ecology,0.5,unadjusted,199976,17852.939880473506,7284.106065405437,946.0736887259135,0.4080059706789448,0.05299259926151844,82493,6782,1685,UKESM1-0-LL,ssp126,2081_2100,historical_error_shorter_ice
conservative,lower,no_ecology,0.5,restricted,199976,17852.939880473506,7284.106065405437,919.5073024587551,0.4080059706789448,0.051504531388942724,82493,6778,1689,UKESM1-0-LL,ssp126,2081_2100,historical_error_shorter_ice
conservative,lower,no_maintenance,0.5,unadjusted,199976,17852.939880473506,5239.406111082809,709.8263984178387,0.29347581665322037,0.039759636405553855,82493,6928,1539,UKESM1-0-LL,ssp126,2081_2100,historical_error_shorter_ice
conservative,lower,no_maintenance,0.5,restricted,199976,17852.939880473506,5155.317090236339,674.0917853367799,0.2887657228866222,0.03775802696081791,82493,6928,1539,UKESM1-0-LL,ssp126,2081_2100,historical_error_shorter_ice
conservative,lower,no_institutions,0.5,unadjusted,199976,17852.939880473506,5239.406111082809,861.478718162472,0.29347581665322037,0.04825416564051205,82493,6782,1685,UKESM1-0-LL,ssp126,2081_2100,historical_error_shorter_ice
conservative,lower,no_institutions,0.5,restricted,199976,17852.939880473506,5155.317090236339,839.9274575124975,0.2887657228866222,0.047047010920098414,82493,6778,1689,UKESM1-0-LL,ssp126,2081_2100,historical_error_shorter_ice
conservative,upper,codex_primary,0.0,unadjusted,199976,17852.939880473506,8216.580315643194,2780.6043234501626,0.4602368220950548,0.15575050059354223,92255,15049,2076,UKESM1-0-LL,ssp126,2081_2100,historical_error_shorter_ice
conservative,upper,codex_primary,0.0,restricted,199976,17852.939880473506,8216.580315643194,2780.6043234501626,0.4602368220950548,0.15575050059354223,92255,15049,2076,UKESM1-0-LL,ssp126,2081_2100,historical_error_shorter_ice
conservative,upper,codex_primary,0.25,unadjusted,199976,17852.939880473506,7073.818534376588,2211.620233369014,0.39622709658668115,0.12387989026882647,92255,14962,2163,UKESM1-0-LL,ssp126,2081_2100,historical_error_shorter_ice
conservative,upper,codex_primary,0.25,restricted,199976,17852.939880473506,7029.768998978791,2160.9616387690035,0.39375974187128354,0.12104234110666198,92255,14959,2166,UKESM1-0-LL,ssp126,2081_2100,historical_error_shorter_ice
conservative,upper,codex_primary,0.5,unadjusted,199976,17852.939880473506,5931.056753109979,1703.9593430642408,0.33221737107830734,0.09544418759444381,92255,14837,2288,UKESM1-0-LL,ssp126,2081_2100,historical_error_shorter_ice
conservative,upper,codex_primary,0.5,restricted,199976,17852.939880473506,5842.957682314388,1617.4832040972174,0.32728266164751224,0.09060038374219392,92255,14830,2295,UKESM1-0-LL,ssp126,2081_2100,historical_error_shorter_ice
conservative,upper,codex_primary,0.75,unadjusted,199976,17852.939880473506,4788.294971843371,1259.7792265316211,0.2682076455699336,0.07056424515883199,92255,14680,2445,UKESM1-0-LL,ssp126,2081_2100,historical_error_shorter_ice
conservative,upper,codex_primary,0.75,restricted,199976,17852.939880473506,4656.146365649985,1152.5495376207773,0.26080558142374094,0.06455796890244211,92255,14671,2454,UKESM1-0-LL,ssp126,2081_2100,historical_error_shorter_ice
conservative,upper,no_ecology,0.5,unadjusted,199976,17852.939880473506,8216.580315643194,2277.8900025573585,0.4602368220950548,0.12759187102000943,92255,14837,2288,UKESM1-0-LL,ssp126,2081_2100,historical_error_shorter_ice
conservative,upper,no_ecology,0.5,restricted,199976,17852.939880473506,8216.580315643194,2211.968584830535,0.4602368220950548,0.12389940254321115,92255,14830,2295,UKESM1-0-LL,ssp126,2081_2100,historical_error_shorter_ice
conservative,upper,no_maintenance,0.5,unadjusted,199976,17852.939880473506,5931.056753109979,1709.818888385674,0.33221737107830734,0.09577239938256742,92255,15049,2076,UKESM1-0-LL,ssp126,2081_2100,historical_error_shorter_ice
conservative,upper,no_maintenance,0.5,restricted,199976,17852.939880473506,5842.957682314388,1623.1245155900558,0.32728266164751224,0.09091637155880045,92255,15049,2076,UKESM1-0-LL,ssp126,2081_2100,historical_error_shorter_ice
conservative,upper,no_institutions,0.5,unadjusted,199976,17852.939880473506,5931.056753109979,2072.4576380756525,0.33221737107830734,0.1160849502631432,92255,14837,2288,UKESM1-0-LL,ssp126,2081_2100,historical_error_shorter_ice
conservative,upper,no_institutions,0.5,restricted,199976,17852.939880473506,5842.957682314388,2022.675419338182,0.32728266164751224,0.11329648970310292,92255,14830,2295,UKESM1-0-LL,ssp126,2081_2100,historical_error_shorter_ice
core,lower,codex_primary,0.0,unadjusted,199976,17444.36587985129,8277.58115478193,1613.9337354114566,0.4745131586779407,0.0925189110643221,70095,8676,2323,UKESM1-0-LL,ssp585,2031_2050,central
core,lower,codex_primary,0.0,restricted,199976,17444.36587985129,8277.58115478193,1613.9337354114566,0.4745131586779407,0.0925189110643221,70095,8676,2323,UKESM1-0-LL,ssp585,2031_2050,central
core,lower,codex_primary,0.25,unadjusted,199976,17444.36587985129,7135.946001172958,1268.757910714381,0.4090688105444501,0.07273167276202515,70095,8388,2611,UKESM1-0-LL,ssp585,2031_2050,central
core,lower,codex_primary,0.25,restricted,199976,17444.36587985129,7078.778262504395,1239.0548138543834,0.405791664269125,0.07102893979571506,70095,8381,2618,UKESM1-0-LL,ssp585,2031_2050,central
core,lower,codex_primary,0.5,unadjusted,199976,17444.36587985129,5994.310847563984,965.9887139024733,0.34362446241095945,0.05537539859893767,70095,8186,2813,UKESM1-0-LL,ssp585,2031_2050,central
core,lower,codex_primary,0.5,restricted,199976,17444.36587985129,5879.975370226857,916.1584134313106,0.3370701698603092,0.05251887169424129,70095,8178,2821,UKESM1-0-LL,ssp585,2031_2050,central
core,lower,codex_primary,0.75,unadjusted,199976,17444.36587985129,4852.675693955011,707.6113873518428,0.2781801142774689,0.04056389279068911,70095,8058,2941,UKESM1-0-LL,ssp585,2031_2050,central
core,lower,codex_primary,0.75,restricted,199976,17444.36587985129,4681.17247794932,646.5048483680155,0.26834867545149343,0.037060954397588386,70095,8044,2955,UKESM1-0-LL,ssp585,2031_2050,central
core,lower,no_ecology,0.5,unadjusted,199976,17444.36587985129,8277.58115478193,1290.4748026420286,0.4745131586779407,0.07397659574043683,70095,8186,2813,UKESM1-0-LL,ssp585,2031_2050,central
core,lower,no_ecology,0.5,restricted,199976,17444.36587985129,8277.58115478193,1252.9874016182475,0.4745131586779407,0.07182762676776239,70095,8178,2821,UKESM1-0-LL,ssp585,2031_2050,central
core,lower,no_maintenance,0.5,unadjusted,199976,17444.36587985129,5994.310847563984,980.9111867045597,0.34362446241095945,0.05623083082873986,70095,8676,2323,UKESM1-0-LL,ssp585,2031_2050,central
core,lower,no_maintenance,0.5,restricted,199976,17444.36587985129,5879.975370226857,930.3135173540123,0.3370701698603092,0.05333031442710963,70095,8676,2323,UKESM1-0-LL,ssp585,2031_2050,central
core,lower,no_institutions,0.5,unadjusted,199976,17444.36587985129,5994.310847563984,1189.384302216825,0.34362446241095945,0.06818157280171448,70095,8186,2813,UKESM1-0-LL,ssp585,2031_2050,central
core,lower,no_institutions,0.5,restricted,199976,17444.36587985129,5879.975370226857,1159.0980829893988,0.3370701698603092,0.0664454122879977,70095,8178,2821,UKESM1-0-LL,ssp585,2031_2050,central
core,upper,codex_primary,0.0,unadjusted,199976,17444.36587985129,9352.188496464558,3734.0039336001623,0.5361151308610527,0.2140521449342585,80483,18076,2885,UKESM1-0-LL,ssp585,2031_2050,central
core,upper,codex_primary,0.0,restricted,199976,17444.36587985129,9352.188496464558,3734.0039336001623,0.5361151308610527,0.2140521449342585,80483,18076,2885,UKESM1-0-LL,ssp585,2031_2050,central
core,upper,codex_primary,0.25,unadjusted,199976,17444.36587985129,8072.690849920806,2947.722376477514,0.46276780168002435,0.1689784768778676,80483,17725,3236,UKESM1-0-LL,ssp585,2031_2050,central
core,upper,codex_primary,0.25,restricted,199976,17444.36587985129,8013.24761787972,2879.5424615326806,0.45936021252198306,0.16507005650796563,80483,17716,3245,UKESM1-0-LL,ssp585,2031_2050,central
core,upper,codex_primary,0.5,unadjusted,199976,17444.36587985129,6793.193203377054,2249.7994595794603,0.389420472498996,0.12896997661451476,80483,17406,3555,UKESM1-0-LL,ssp585,2031_2050,central
core,upper,codex_primary,0.5,restricted,199976,17444.36587985129,6674.3067392948815,2134.5258181066492,0.38260529418291345,0.12236190371196488,80483,17395,3566,UKESM1-0-LL,ssp585,2031_2050,central
core,upper,codex_primary,0.75,unadjusted,199976,17444.36587985129,5513.695556833302,1653.2614555773844,0.31607314331796765,0.09477337651390043,80483,17181,3780,UKESM1-0-LL,ssp585,2031_2050,central
core,upper,codex_primary,0.75,restricted,199976,17444.36587985129,5335.365860710042,1510.6978770684223,0.3058503758438438,0.08660090527069939,80483,17163,3798,UKESM1-0-LL,ssp585,2031_2050,central
core,upper,no_ecology,0.5,unadjusted,199976,17444.36587985129,9352.188496464558,3004.3316549464294,0.5361151308610527,0.1722236093669941,80483,17406,3555,UKESM1-0-LL,ssp585,2031_2050,central
core,upper,no_ecology,0.5,restricted,199976,17444.36587985129,9352.188496464558,2914.812667092797,0.5361151308610527,0.16709192453131722,80483,17395,3566,UKESM1-0-LL,ssp585,2031_2050,central
core,upper,no_maintenance,0.5,unadjusted,199976,17444.36587985129,6793.193203377054,2275.1010917309936,0.389420472498996,0.13042039518093324,80483,18076,2885,UKESM1-0-LL,ssp585,2031_2050,central
core,upper,no_maintenance,0.5,restricted,199976,17444.36587985129,6674.3067392948815,2158.591402227895,0.38260529418291345,0.12374146570275309,80483,18076,2885,UKESM1-0-LL,ssp585,2031_2050,central
core,upper,no_institutions,0.5,unadjusted,199976,17444.36587985129,6793.193203377054,2764.4277329001384,0.389420472498996,0.15847109329970693,80483,17406,3555,UKESM1-0-LL,ssp585,2031_2050,central
core,upper,no_institutions,0.5,restricted,199976,17444.36587985129,6674.3067392948815,2698.4891754192804,0.38260529418291345,0.15469115896818625,80483,17395,3566,UKESM1-0-LL,ssp585,2031_2050,central
conservative,lower,codex_primary,0.0,unadjusted,199976,17444.36587985129,6292.183846826666,1109.1624709412667,0.36070006156511003,0.06358284838673207,60405,6777,1680,UKESM1-0-LL,ssp585,2031_2050,central
conservative,lower,codex_primary,0.0,restricted,199976,17444.36587985129,6292.183846826666,1109.1624709412667,0.36070006156511003,0.06358284838673207,60405,6777,1680,UKESM1-0-LL,ssp585,2031_2050,central
conservative,lower,codex_primary,0.25,unadjusted,199976,17444.36587985129,5416.751425290381,876.3167993260848,0.310515811385662,0.05023494722374828,60405,6667,1790,UKESM1-0-LL,ssp585,2031_2050,central
conservative,lower,codex_primary,0.25,restricted,199976,17444.36587985129,5377.14020153567,856.1212211251146,0.30824509406480693,0.04907723370523646,60405,6665,1792,UKESM1-0-LL,ssp585,2031_2050,central
conservative,lower,codex_primary,0.5,unadjusted,199976,17444.36587985129,4541.319003754095,669.4917300108712,0.26033156120621387,0.038378679662076566,60405,6553,1904,UKESM1-0-LL,ssp585,2031_2050,central
conservative,lower,codex_primary,0.5,restricted,199976,17444.36587985129,4462.096556244674,635.4577650520979,0.2557901265645038,0.03642767925351007,60405,6550,1907,UKESM1-0-LL,ssp585,2031_2050,central
conservative,lower,codex_primary,0.75,unadjusted,199976,17444.36587985129,3665.886582217809,492.9288817177987,0.21014731102676573,0.028257196914629308,60405,6460,1997,UKESM1-0-LL,ssp585,2031_2050,central
conservative,lower,codex_primary,0.75,restricted,199976,17444.36587985129,3547.0529109536765,450.89263114727447,0.20333515906420063,0.02584746469162674,60405,6452,2005,UKESM1-0-LL,ssp585,2031_2050,central
conservative,lower,no_ecology,0.5,unadjusted,199976,17444.36587985129,6292.183846826666,896.4210821926397,0.36070006156511003,0.05138742722818202,60405,6553,1904,UKESM1-0-LL,ssp585,2031_2050,central
conservative,lower,no_ecology,0.5,restricted,199976,17444.36587985129,6292.183846826666,871.1904453539632,0.36070006156511003,0.04994107847509731,60405,6550,1907,UKESM1-0-LL,ssp585,2031_2050,central
conservative,lower,no_maintenance,0.5,unadjusted,199976,17444.36587985129,4541.319003754095,677.3538842021552,0.26033156120621387,0.03882937842896984,60405,6777,1680,UKESM1-0-LL,ssp585,2031_2050,central
conservative,lower,no_maintenance,0.5,restricted,199976,17444.36587985129,4462.096556244674,642.8444714265612,0.2557901265645038,0.03685112292726351,60405,6777,1680,UKESM1-0-LL,ssp585,2031_2050,central
conservative,lower,no_institutions,0.5,unadjusted,199976,17444.36587985129,4541.319003754095,817.6761799011538,0.26033156120621387,0.04687336791333823,60405,6553,1904,UKESM1-0-LL,ssp585,2031_2050,central
conservative,lower,no_institutions,0.5,restricted,199976,17444.36587985129,4462.096556244674,796.9050619307952,0.2557901265645038,0.04568266152060258,60405,6550,1907,UKESM1-0-LL,ssp585,2031_2050,central
conservative,upper,codex_primary,0.0,unadjusted,199976,17444.36587985129,7195.311334606507,2679.040009833143,0.4124719341571071,0.15357623362666944,69892,14889,2138,UKESM1-0-LL,ssp585,2031_2050,central
conservative,upper,codex_primary,0.0,restricted,199976,17444.36587985129,7195.311334606507,2679.040009833143,0.4124719341571071,0.15357623362666944,69892,14889,2138,UKESM1-0-LL,ssp585,2031_2050,central
conservative,upper,codex_primary,0.25,unadjusted,199976,17444.36587985129,6203.377135206059,2125.8175177235526,0.35560920803496365,0.12186269953090863,69892,14738,2289,UKESM1-0-LL,ssp585,2031_2050,central
conservative,upper,codex_primary,0.25,restricted,199976,17444.36587985129,6161.75097588266,2076.8950185406193,0.35322298433327676,0.11905821242487745,69892,14734,2293,UKESM1-0-LL,ssp585,2031_2050,central
conservative,upper,codex_primary,0.5,unadjusted,199976,17444.36587985129,5211.4429358056095,1628.8269956711454,0.29874648191282005,0.09337266868224108,69892,14543,2484,UKESM1-0-LL,ssp585,2031_2050,central
conservative,upper,codex_primary,0.5,restricted,199976,17444.36587985129,5128.190617158813,1545.7484396435373,0.2939740345094464,0.08861018223820437,69892,14537,2490,UKESM1-0-LL,ssp585,2031_2050,central
conservative,upper,codex_primary,0.75,unadjusted,199976,17444.36587985129,4219.508736405161,1204.4195295326494,0.24188375579067656,0.06904346869517258,69892,14382,2645,UKESM1-0-LL,ssp585,2031_2050,central
conservative,upper,codex_primary,0.75,restricted,199976,17444.36587985129,4094.630258434965,1100.9287291609821,0.23472508468561604,0.06311084832453465,69892,14371,2656,UKESM1-0-LL,ssp585,2031_2050,central
conservative,upper,no_ecology,0.5,unadjusted,199976,17444.36587985129,7195.311334606507,2177.068863088087,0.4124719341571071,0.12480068797471507,69892,14543,2484,UKESM1-0-LL,ssp585,2031_2050,central
conservative,upper,no_ecology,0.5,restricted,199976,17444.36587985129,7195.311334606507,2113.78365554036,0.4124719341571071,0.12117285719063234,69892,14537,2490,UKESM1-0-LL,ssp585,2031_2050,central
conservative,upper,no_maintenance,0.5,unadjusted,199976,17444.36587985129,5211.4429358056095,1645.409216153314,0.29874648191282005,0.09432324611201864,69892,14889,2138,UKESM1-0-LL,ssp585,2031_2050,central
conservative,upper,no_maintenance,0.5,restricted,199976,17444.36587985129,5128.190617158813,1561.5068782877565,0.2939740345094464,0.0895135362926169,69892,14889,2138,UKESM1-0-LL,ssp585,2031_2050,central
conservative,upper,no_institutions,0.5,unadjusted,199976,17444.36587985129,5211.4429358056095,1982.5372554929934,0.29874648191282005,0.11364914432245868,69892,14543,2484,UKESM1-0-LL,ssp585,2031_2050,central
conservative,upper,no_institutions,0.5,restricted,199976,17444.36587985129,5128.190617158813,1934.6485564724685,0.2939740345094464,0.11090391991302127,69892,14537,2490,UKESM1-0-LL,ssp585,2031_2050,central
core,lower,codex_primary,0.0,unadjusted,199976,17444.36587985129,7611.0928447199585,1611.3176112095862,0.4363066503615918,0.09236894148561176,53956,8572,2231,UKESM1-0-LL,ssp585,2031_2050,historical_error_longer_ice
core,lower,codex_primary,0.0,restricted,199976,17444.36587985129,7611.0928447199585,1611.3176112095862,0.4363066503615918,0.09236894148561176,53956,8572,2231,UKESM1-0-LL,ssp585,2031_2050,historical_error_longer_ice
core,lower,codex_primary,0.25,unadjusted,199976,17444.36587985129,6571.436341472128,1267.0061537067243,0.37670823844977436,0.07263125311824319,53956,8291,2512,UKESM1-0-LL,ssp585,2031_2050,historical_error_longer_ice
core,lower,codex_primary,0.25,restricted,199976,17444.36587985129,6514.667281826505,1237.3698875450707,0.3734539464888844,0.07093235122832788,53956,8284,2519,UKESM1-0-LL,ssp585,2031_2050,historical_error_longer_ice
core,lower,codex_primary,0.5,unadjusted,199976,17444.36587985129,5531.779838224297,964.8343523706424,0.31710982653795694,0.055309224709913465,53956,8091,2712,UKESM1-0-LL,ssp585,2031_2050,historical_error_longer_ice
core,lower,codex_primary,0.5,restricted,199976,17444.36587985129,5418.241718933054,915.1120484630187,0.31060124261617716,0.05245888871890709,53956,8083,2720,UKESM1-0-LL,ssp585,2031_2050,historical_error_longer_ice
core,lower,codex_primary,0.75,unadjusted,199976,17444.36587985129,4492.123334976467,706.9631261120652,0.2575114146261395,0.04052673115098018,53956,7970,2833,UKESM1-0-LL,ssp585,2031_2050,historical_error_longer_ice
core,lower,codex_primary,0.75,restricted,199976,17444.36587985129,4321.8161560396,645.9729706135184,0.2477485387434698,0.0370304644526881,53956,7956,2847,UKESM1-0-LL,ssp585,2031_2050,historical_error_longer_ice
core,lower,no_ecology,0.5,unadjusted,199976,17444.36587985129,7611.0928447199585,1288.819645872544,0.4363066503615918,0.07388171371486568,53956,8091,2712,UKESM1-0-LL,ssp585,2031_2050,historical_error_longer_ice
core,lower,no_ecology,0.5,restricted,199976,17444.36587985129,7611.0928447199585,1251.4865592368462,0.4363066503615918,0.07174159082975591,53956,8083,2720,UKESM1-0-LL,ssp585,2031_2050,historical_error_longer_ice
core,lower,no_maintenance,0.5,unadjusted,199976,17444.36587985129,5531.779838224297,979.6638439823017,0.31710982653795694,0.05615932678377491,53956,8572,2231,UKESM1-0-LL,ssp585,2031_2050,historical_error_longer_ice
core,lower,no_maintenance,0.5,restricted,199976,17444.36587985129,5418.241718933054,929.1851101588733,0.31060124261617716,0.0532656283730042,53956,8572,2231,UKESM1-0-LL,ssp585,2031_2050,historical_error_longer_ice
core,lower,no_institutions,0.5,unadjusted,199976,17444.36587985129,5531.779838224297,1187.7039806899975,0.31710982653795694,0.06808524820393887,53956,8091,2712,UKESM1-0-LL,ssp585,2031_2050,historical_error_longer_ice
core,lower,no_institutions,0.5,restricted,199976,17444.36587985129,5418.241718933054,1157.4177614625712,0.31060124261617716,0.06634908769022207,53956,8083,2720,UKESM1-0-LL,ssp585,2031_2050,historical_error_longer_ice
core,upper,codex_primary,0.0,unadjusted,199976,17444.36587985129,8685.700186402586,3726.0252287934477,0.49790862254470375,0.2135947648918042,64344,17931,2748,UKESM1-0-LL,ssp585,2031_2050,historical_error_longer_ice
core,upper,codex_primary,0.0,restricted,199976,17444.36587985129,8685.700186402586,3726.0252287934477,0.49790862254470375,0.2135947648918042,64344,17931,2748,UKESM1-0-LL,ssp585,2031_2050,historical_error_longer_ice
core,upper,codex_primary,0.25,unadjusted,199976,17444.36587985129,7508.181190219975,2942.0740566311865,0.43040722958534855,0.1686546863838347,64344,17592,3087,UKESM1-0-LL,ssp585,2031_2050,historical_error_longer_ice
core,upper,codex_primary,0.25,restricted,199976,17444.36587985129,7449.136637201831,2874.083077476005,0.42702249474174253,0.16475709677676778,64344,17583,3096,UKESM1-0-LL,ssp585,2031_2050,historical_error_longer_ice
core,upper,codex_primary,0.5,unadjusted,199976,17444.36587985129,6330.662194037367,2247.473810903143,0.36290583662599346,0.12883665857404628,64344,17276,3403,UKESM1-0-LL,ssp585,2031_2050,historical_error_longer_ice
core,upper,codex_primary,0.5,restricted,199976,17444.36587985129,6212.573088001078,2132.3327381933977,0.3561363669387814,0.12223618518895542,64344,17265,3414,UKESM1-0-LL,ssp585,2031_2050,historical_error_longer_ice
core,upper,codex_primary,0.75,unadjusted,199976,17444.36587985129,5153.143197854756,1651.7978140323742,0.2954044436666382,0.0946894731175207,64344,17062,3617,UKESM1-0-LL,ssp585,2031_2050,historical_error_longer_ice
core,upper,codex_primary,0.75,restricted,199976,17444.36587985129,4976.009538800324,1509.375301073951,0.2852502391358202,0.08652508847096127,64344,17044,3635,UKESM1-0-LL,ssp585,2031_2050,historical_error_longer_ice
core,upper,no_ecology,0.5,unadjusted,199976,17444.36587985129,8685.700186402586,3000.9956390916227,0.49790862254470375,0.17203237192805346,64344,17276,3403,UKESM1-0-LL,ssp585,2031_2050,historical_error_longer_ice
core,upper,no_ecology,0.5,restricted,199976,17444.36587985129,8685.700186402586,2911.666068768254,0.49790862254470375,0.16691154547103979,64344,17265,3414,UKESM1-0-LL,ssp585,2031_2050,historical_error_longer_ice
core,upper,no_maintenance,0.5,unadjusted,199976,17444.36587985129,6330.662194037367,2271.0727566356345,0.36290583662599346,0.13018947047303017,64344,17931,2748,UKESM1-0-LL,ssp585,2031_2050,historical_error_longer_ice
core,upper,no_maintenance,0.5,restricted,199976,17444.36587985129,6212.573088001078,2154.894831311408,0.3561363669387814,0.12352955940922845,64344,17931,2748,UKESM1-0-LL,ssp585,2031_2050,historical_error_longer_ice
core,upper,no_institutions,0.5,unadjusted,199976,17444.36587985129,6330.662194037367,2761.3620966659437,0.36290583662599346,0.1582953553992691,64344,17276,3403,UKESM1-0-LL,ssp585,2031_2050,historical_error_longer_ice
core,upper,no_institutions,0.5,restricted,199976,17444.36587985129,6212.573088001078,2695.4235391850852,0.3561363669387814,0.15451542106774838,64344,17265,3414,UKESM1-0-LL,ssp585,2031_2050,historical_error_longer_ice
conservative,lower,codex_primary,0.0,unadjusted,199976,17444.36587985129,5660.676452683555,1106.5632334775505,0.32449883771480553,0.06343384684195719,44916,6674,1601,UKESM1-0-LL,ssp585,2031_2050,historical_error_longer_ice
conservative,lower,codex_primary,0.0,restricted,199976,17444.36587985129,5660.676452683555,1106.5632334775505,0.32449883771480553,0.06343384684195719,44916,6674,1601,UKESM1-0-LL,ssp585,2031_2050,historical_error_longer_ice
conservative,lower,codex_primary,0.25,unadjusted,199976,17444.36587985129,4881.865824712404,874.5767944327619,0.2798534414111945,0.05013520127108326,44916,6571,1704,UKESM1-0-LL,ssp585,2031_2050,historical_error_longer_ice
conservative,lower,codex_primary,0.25,restricted,199976,17444.36587985129,4842.646426416484,854.4475086653574,0.2776051855235317,0.048981287972884535,44916,6569,1706,UKESM1-0-LL,ssp585,2031_2050,historical_error_longer_ice
conservative,lower,codex_primary,0.5,unadjusted,199976,17444.36587985129,4103.055196741255,668.3449041859418,0.23520804510758359,0.038312937758196074,44916,6459,1816,UKESM1-0-LL,ssp585,2031_2050,historical_error_longer_ice
conservative,lower,codex_primary,0.5,restricted,199976,17444.36587985129,4024.6164001494144,634.4180492369543,0.23071153333225794,0.036368077441537965,44916,6456,1819,UKESM1-0-LL,ssp585,2031_2050,historical_error_longer_ice
conservative,lower,codex_primary,0.75,unadjusted,199976,17444.36587985129,3324.2445687701047,492.28485799387624,0.19056264880397264,0.028220278190936043,44916,6373,1902,UKESM1-0-LL,ssp585,2031_2050,historical_error_longer_ice
conservative,lower,codex_primary,0.75,restricted,199976,17444.36587985129,3206.586373882343,450.3639460417094,0.1838178811409841,0.025817157765642362,44916,6365,1910,UKESM1-0-LL,ssp585,2031_2050,historical_error_longer_ice
conservative,lower,no_ecology,0.5,unadjusted,199976,17444.36587985129,5660.676452683555,894.7766907187281,0.32449883771480553,0.051293162324244704,44916,6459,1816,UKESM1-0-LL,ssp585,2031_2050,historical_error_longer_ice
conservative,lower,no_ecology,0.5,restricted,199976,17444.36587985129,5660.676452683555,869.6991017627732,0.32449883771480553,0.04985558705617949,44916,6456,1819,UKESM1-0-LL,ssp585,2031_2050,historical_error_longer_ice
conservative,lower,no_maintenance,0.5,unadjusted,199976,17444.36587985129,4103.055196741255,676.1140771867985,0.23520804510758359,0.03875830636914858,44916,6674,1601,UKESM1-0-LL,ssp585,2031_2050,historical_error_longer_ice
conservative,lower,no_maintenance,0.5,restricted,199976,17444.36587985129,4024.6164001494144,641.7227133845702,0.23071153333225794,0.03678681803652015,44916,6674,1601,UKESM1-0-LL,ssp585,2031_2050,historical_error_longer_ice
conservative,lower,no_institutions,0.5,unadjusted,199976,17444.36587985129,4103.055196741255,816.0076790910341,0.23520804510758359,0.04677772093931742,44916,6459,1816,UKESM1-0-LL,ssp585,2031_2050,historical_error_longer_ice
conservative,lower,no_institutions,0.5,restricted,199976,17444.36587985129,4024.6164001494144,795.2365611206757,0.23071153333225794,0.04558701454658178,44916,6456,1819,UKESM1-0-LL,ssp585,2031_2050,historical_error_longer_ice
conservative,upper,codex_primary,0.0,unadjusted,199976,17444.36587985129,6563.803940463396,2671.090011065621,0.3762707103068026,0.15312049916075204,54403,14746,2015,UKESM1-0-LL,ssp585,2031_2050,historical_error_longer_ice
conservative,upper,codex_primary,0.0,restricted,199976,17444.36587985129,6563.803940463396,2671.090011065621,0.3762707103068026,0.15312049916075204,54403,14746,2015,UKESM1-0-LL,ssp585,2031_2050,historical_error_longer_ice
conservative,upper,codex_primary,0.25,unadjusted,199976,17444.36587985129,5668.491534628084,2120.1905291656985,0.3249468380604963,0.121540131855098,54403,14607,2154,UKESM1-0-LL,ssp585,2031_2050,historical_error_longer_ice
conservative,upper,codex_primary,0.25,restricted,199976,17444.36587985129,5627.257200763474,2071.456427507639,0.3225830757920015,0.11874644465582017,54403,14603,2158,UKESM1-0-LL,ssp585,2031_2050,historical_error_longer_ice
conservative,upper,codex_primary,0.5,unadjusted,199976,17444.36587985129,4773.17912879277,1626.5164396673315,0.2736229658141899,0.0932402158307171,54403,14415,2346,UKESM1-0-LL,ssp585,2031_2050,historical_error_longer_ice
conservative,upper,codex_primary,0.5,restricted,199976,17444.36587985129,4690.710461063554,1543.569565849036,0.26889544127720055,0.08848527808235782,54403,14409,2352,UKESM1-0-LL,ssp585,2031_2050,historical_error_longer_ice
conservative,upper,codex_primary,0.75,unadjusted,199976,17444.36587985129,3877.866722957456,1202.9658781789224,0.22229909356788347,0.06896013798749659,54403,14265,2496,UKESM1-0-LL,ssp585,2031_2050,historical_error_longer_ice
conservative,upper,codex_primary,0.75,restricted,199976,17444.36587985129,3754.1637213636322,1099.6150984908709,0.21520780676239953,0.0630355443164005,54403,14254,2507,UKESM1-0-LL,ssp585,2031_2050,historical_error_longer_ice
conservative,upper,no_ecology,0.5,unadjusted,199976,17444.36587985129,6563.803940463396,2173.7536884829897,0.3762707103068026,0.12461064526247602,54403,14415,2346,UKESM1-0-LL,ssp585,2031_2050,historical_error_longer_ice
conservative,upper,no_ecology,0.5,restricted,199976,17444.36587985129,6563.803940463396,2110.656631960165,0.3762707103068026,0.1209936002545114,54403,14409,2352,UKESM1-0-LL,ssp585,2031_2050,historical_error_longer_ice
conservative,upper,no_maintenance,0.5,unadjusted,199976,17444.36587985129,4773.17912879277,1641.3959737304585,0.2736229658141899,0.0940931865930601,54403,14746,2015,UKESM1-0-LL,ssp585,2031_2050,historical_error_longer_ice
conservative,upper,no_maintenance,0.5,restricted,199976,17444.36587985129,4690.710461063554,1557.8245134900194,0.26889544127720055,0.08930244436625515,54403,14746,2015,UKESM1-0-LL,ssp585,2031_2050,historical_error_longer_ice
conservative,upper,no_institutions,0.5,unadjusted,199976,17444.36587985129,4773.17912879277,1979.492304451286,0.2736229658141899,0.11347459220272675,54403,14415,2346,UKESM1-0-LL,ssp585,2031_2050,historical_error_longer_ice
conservative,upper,no_institutions,0.5,restricted,199976,17444.36587985129,4690.710461063554,1931.6036054307608,0.26889544127720055,0.11072936779328933,54403,14409,2352,UKESM1-0-LL,ssp585,2031_2050,historical_error_longer_ice
core,lower,codex_primary,0.0,unadjusted,199976,17444.36587985129,8971.476520796736,1614.454799541801,0.5142907791884272,0.09254878111714794,89719,8690,2364,UKESM1-0-LL,ssp585,2031_2050,historical_error_shorter_ice
core,lower,codex_primary,0.0,restricted,199976,17444.36587985129,8971.476520796736,1614.454799541801,0.5142907791884272,0.09254878111714794,89719,8690,2364,UKESM1-0-LL,ssp585,2031_2050,historical_error_shorter_ice
core,lower,codex_primary,0.25,unadjusted,199976,17444.36587985129,7725.18096292963,1269.094973415029,0.44284676302578707,0.07275099491468862,89719,8400,2654,UKESM1-0-LL,ssp585,2031_2050,historical_error_shorter_ice
core,lower,codex_primary,0.25,restricted,199976,17444.36587985129,7667.092554005731,1239.3794378518128,0.4395168392369841,0.07104754889848586,89719,8393,2661,UKESM1-0-LL,ssp585,2031_2050,historical_error_shorter_ice
core,lower,codex_primary,0.5,unadjusted,199976,17444.36587985129,6478.885405062526,966.1661220055934,0.3714027468631469,0.055385568536001704,89719,8196,2858,UKESM1-0-LL,ssp585,2031_2050,historical_error_shorter_ice
core,lower,codex_primary,0.5,restricted,199976,17444.36587985129,6362.708587214729,916.3153342585418,0.3647428992855411,0.052527867196187995,89719,8188,2866,UKESM1-0-LL,ssp585,2031_2050,historical_error_shorter_ice
core,lower,codex_primary,0.75,unadjusted,199976,17444.36587985129,5232.5898471954215,707.7131611711018,0.2999587307005067,0.04056972698494758,89719,8068,2986,UKESM1-0-LL,ssp585,2031_2050,historical_error_shorter_ice
core,lower,codex_primary,0.75,restricted,199976,17444.36587985129,5058.324620423725,646.5824764692624,0.28996895933409794,0.03706540443617285,89719,8054,3000,UKESM1-0-LL,ssp585,2031_2050,historical_error_shorter_ice
core,lower,no_ecology,0.5,unadjusted,199976,17444.36587985129,8971.476520796736,1290.7282427893433,0.5142907791884272,0.0739911242219569,89719,8196,2858,UKESM1-0-LL,ssp585,2031_2050,historical_error_shorter_ice
core,lower,no_ecology,0.5,restricted,199976,17444.36587985129,8971.476520796736,1253.2115742285778,0.5142907791884272,0.07184047748482911,89719,8188,2866,UKESM1-0-LL,ssp585,2031_2050,historical_error_shorter_ice
core,lower,no_maintenance,0.5,unadjusted,199976,17444.36587985129,6478.885405062526,981.1664645318164,0.3714027468631469,0.056245464655444416,89719,8690,2364,UKESM1-0-LL,ssp585,2031_2050,historical_error_shorter_ice
core,lower,no_maintenance,0.5,restricted,199976,17444.36587985129,6362.708587214729,930.5483079053798,0.3647428992855411,0.053343773818696844,89719,8690,2364,UKESM1-0-LL,ssp585,2031_2050,historical_error_shorter_ice
core,lower,no_institutions,0.5,unadjusted,199976,17444.36587985129,6478.885405062526,1189.657465895345,0.3714027468631469,0.06819723193661234,89719,8196,2858,UKESM1-0-LL,ssp585,2031_2050,historical_error_shorter_ice
core,lower,no_institutions,0.5,restricted,199976,17444.36587985129,6362.708587214729,1159.3712466679185,0.3647428992855411,0.06646107142289553,89719,8188,2866,UKESM1-0-LL,ssp585,2031_2050,historical_error_shorter_ice
core,upper,codex_primary,0.0,unadjusted,199976,17444.36587985129,10046.083862479363,3734.689382494955,0.5758927513715393,0.2140914383599705,100107,18096,2957,UKESM1-0-LL,ssp585,2031_2050,historical_error_shorter_ice
core,upper,codex_primary,0.0,restricted,199976,17444.36587985129,10046.083862479363,3734.689382494955,0.5758927513715393,0.2140914383599705,100107,18096,2957,UKESM1-0-LL,ssp585,2031_2050,historical_error_shorter_ice
core,upper,codex_primary,0.25,unadjusted,199976,17444.36587985129,8661.925811677478,2948.1327257367343,0.49654575416136126,0.16900200018975217,100107,17742,3311,UKESM1-0-LL,ssp585,2031_2050,historical_error_shorter_ice
core,upper,codex_primary,0.25,restricted,199976,17444.36587985129,8601.561909381058,2879.937015452412,0.4930853874898423,0.16509267435045125,100107,17733,3320,UKESM1-0-LL,ssp585,2031_2050,historical_error_shorter_ice
core,upper,codex_primary,0.5,unadjusted,199976,17444.36587985129,7277.767760875595,2250.023860590368,0.41719875695118336,0.12898284042466718,100107,17421,3632,UKESM1-0-LL,ssp585,2031_2050,historical_error_shorter_ice
core,upper,codex_primary,0.5,restricted,199976,17444.36587985129,7157.039956282753,2134.7242032642807,0.41027802360814536,0.12237327616075425,100107,17410,3643,UKESM1-0-LL,ssp585,2031_2050,historical_error_shorter_ice
core,upper,codex_primary,0.75,unadjusted,199976,17444.36587985129,5893.6097100737115,1653.3896546802239,0.33785175974100545,0.09478072554015467,100107,17196,3857,UKESM1-0-LL,ssp585,2031_2050,historical_error_shorter_ice
core,upper,codex_primary,0.75,restricted,199976,17444.36587985129,5712.518003184449,1510.7954146299007,0.3274706597264484,0.08660649662106146,100107,17178,3875,UKESM1-0-LL,ssp585,2031_2050,historical_error_shorter_ice
core,upper,no_ecology,0.5,unadjusted,199976,17444.36587985129,10046.083862479363,3004.652227819154,0.5758927513715393,0.1722419862386404,100107,17421,3632,UKESM1-0-LL,ssp585,2031_2050,historical_error_shorter_ice
core,upper,no_ecology,0.5,restricted,199976,17444.36587985129,10046.083862479363,2915.096074460843,0.5758927513715393,0.16710817088673063,100107,17410,3643,UKESM1-0-LL,ssp585,2031_2050,historical_error_shorter_ice
core,upper,no_maintenance,0.5,unadjusted,199976,17444.36587985129,7277.767760875595,2275.429582255472,0.41719875695118336,0.13043922593274965,100107,18096,2957,UKESM1-0-LL,ssp585,2031_2050,historical_error_shorter_ice
core,upper,no_maintenance,0.5,restricted,199976,17444.36587985129,7157.039956282753,2158.8938768990974,0.41027802360814536,0.12375880509320648,100107,18096,2957,UKESM1-0-LL,ssp585,2031_2050,historical_error_shorter_ice
core,upper,no_institutions,0.5,unadjusted,199976,17444.36587985129,7277.767760875595,2764.7746109438144,0.41719875695118336,0.15849097811788063,100107,17421,3632,UKESM1-0-LL,ssp585,2031_2050,historical_error_shorter_ice
core,upper,no_institutions,0.5,restricted,199976,17444.36587985129,7157.039956282753,2698.836053462957,0.41027802360814536,0.15471104378635997,100107,17410,3643,UKESM1-0-LL,ssp585,2031_2050,historical_error_shorter_ice
conservative,lower,codex_primary,0.0,unadjusted,199976,17444.36587985129,6967.647558225464,1109.6835350716112,0.3994210856511146,0.06361271843955792,79763,6791,1721,UKESM1-0-LL,ssp585,2031_2050,historical_error_shorter_ice
conservative,lower,codex_primary,0.0,restricted,199976,17444.36587985129,6967.647558225464,1109.6835350716112,0.3994210856511146,0.06361271843955792,79763,6791,1721,UKESM1-0-LL,ssp585,2031_2050,historical_error_shorter_ice
conservative,lower,codex_primary,0.25,unadjusted,199976,17444.36587985129,5990.414760295579,876.6538620267327,0.3434011188228211,0.050254269376411746,79763,6679,1833,UKESM1-0-LL,ssp585,2031_2050,historical_error_shorter_ice
conservative,lower,codex_primary,0.25,restricted,199976,17444.36587985129,5949.885079407942,856.4458451225443,0.3410777508559493,0.04909584280800726,79763,6677,1835,UKESM1-0-LL,ssp585,2031_2050,historical_error_shorter_ice
conservative,lower,codex_primary,0.5,unadjusted,199976,17444.36587985129,5013.181962365696,669.6691381139915,0.28738115199452763,0.038388849599140615,79763,6563,1949,UKESM1-0-LL,ssp585,2031_2050,historical_error_shorter_ice
conservative,lower,codex_primary,0.5,restricted,199976,17444.36587985129,4932.122600590418,635.6146858793289,0.2827344160607839,0.03643667475545677,79763,6560,1952,UKESM1-0-LL,ssp585,2031_2050,historical_error_shorter_ice
conservative,lower,codex_primary,0.75,unadjusted,199976,17444.36587985129,4035.9491644358104,493.03065553705756,0.23136118516623408,0.028263031108887778,79763,6470,2042,UKESM1-0-LL,ssp585,2031_2050,historical_error_shorter_ice
conservative,lower,codex_primary,0.75,restricted,199976,17444.36587985129,3914.360121772895,450.9702592485213,0.22439108126561857,0.0258519147302112,79763,6462,2050,UKESM1-0-LL,ssp585,2031_2050,historical_error_shorter_ice
conservative,lower,no_ecology,0.5,unadjusted,199976,17444.36587985129,6967.647558225464,896.6745223399543,0.3994210856511146,0.05140195570970208,79763,6563,1949,UKESM1-0-LL,ssp585,2031_2050,historical_error_shorter_ice
conservative,lower,no_ecology,0.5,restricted,199976,17444.36587985129,6967.647558225464,871.4146179642937,0.3994210856511146,0.049953929192164036,79763,6560,1952,UKESM1-0-LL,ssp585,2031_2050,historical_error_shorter_ice
conservative,lower,no_maintenance,0.5,unadjusted,199976,17444.36587985129,5013.181962365696,677.6091620294117,0.28738115199452763,0.03884401225567439,79763,6791,1721,UKESM1-0-LL,ssp585,2031_2050,historical_error_shorter_ice
conservative,lower,no_maintenance,0.5,restricted,199976,17444.36587985129,4932.122600590418,643.0792619779288,0.2827344160607839,0.036864582318850724,79763,6791,1721,UKESM1-0-LL,ssp585,2031_2050,historical_error_shorter_ice
conservative,lower,no_institutions,0.5,unadjusted,199976,17444.36587985129,5013.181962365696,817.9493435796736,0.28738115199452763,0.04688902704823607,79763,6563,1949,UKESM1-0-LL,ssp585,2031_2050,historical_error_shorter_ice
conservative,lower,no_institutions,0.5,restricted,199976,17444.36587985129,4932.122600590418,797.178225609315,0.2827344160607839,0.04569832065550042,79763,6560,1952,UKESM1-0-LL,ssp585,2031_2050,historical_error_shorter_ice
conservative,upper,codex_primary,0.0,unadjusted,199976,17444.36587985129,7870.775046005306,2679.686674731878,0.4511929582431117,0.15361330375597015,89250,14907,2210,UKESM1-0-LL,ssp585,2031_2050,historical_error_shorter_ice
conservative,upper,codex_primary,0.0,restricted,199976,17444.36587985129,7870.775046005306,2679.686674731878,0.4511929582431117,0.15361330375597015,89250,14907,2210,UKESM1-0-LL,ssp585,2031_2050,historical_error_shorter_ice
conservative,upper,codex_primary,0.25,unadjusted,199976,17444.36587985129,6777.040470211258,2126.200875745517,0.38849451547212277,0.121884675567447,89250,14753,2364,UKESM1-0-LL,ssp585,2031_2050,historical_error_shorter_ice
conservative,upper,codex_primary,0.25,restricted,199976,17444.36587985129,6734.495853754932,2077.263817462969,0.3860556411244191,0.11907935385958995,89250,14749,2368,UKESM1-0-LL,ssp585,2031_2050,historical_error_shorter_ice
conservative,upper,codex_primary,0.5,unadjusted,199976,17444.36587985129,5683.30589441721,1629.034089323812,0.3257960727011338,0.09338454034636993,89250,14556,2561,UKESM1-0-LL,ssp585,2031_2050,historical_error_shorter_ice
conservative,upper,codex_primary,0.5,restricted,199976,17444.36587985129,5598.216661504557,1545.9315536027211,0.3209183240057265,0.08862067926403179,89250,14550,2567,UKESM1-0-LL,ssp585,2031_2050,historical_error_shorter_ice
conservative,upper,codex_primary,0.75,unadjusted,199976,17444.36587985129,4589.5713186231615,1204.5379962764782,0.2630976299301449,0.06905025981298361,89250,14395,2722,UKESM1-0-LL,ssp585,2031_2050,historical_error_shorter_ice
conservative,upper,codex_primary,0.75,restricted,199976,17444.36587985129,4461.937469254183,1101.0189341232065,0.2557810068870339,0.063116019332919,89250,14384,2733,UKESM1-0-LL,ssp585,2031_2050,historical_error_shorter_ice
conservative,upper,no_ecology,0.5,unadjusted,199976,17444.36587985129,7870.775046005306,2177.364711163325,0.4511929582431117,0.12481764749489917,89250,14556,2561,UKESM1-0-LL,ssp585,2031_2050,historical_error_shorter_ice
conservative,upper,no_ecology,0.5,restricted,199976,17444.36587985129,7870.775046005306,2114.045246910623,0.4511929582431117,0.1211878529418144,89250,14550,2567,UKESM1-0-LL,ssp585,2031_2050,historical_error_shorter_ice
conservative,upper,no_maintenance,0.5,unadjusted,199976,17444.36587985129,5683.30589441721,1645.7203993195517,0.3257960727011338,0.09434108471781154,89250,14907,2210,UKESM1-0-LL,ssp585,2031_2050,historical_error_shorter_ice
conservative,upper,no_maintenance,0.5,restricted,199976,17444.36587985129,5598.216661504557,1561.794081760511,0.3209183240057265,0.08953000026010834,89250,14907,2210,UKESM1-0-LL,ssp585,2031_2050,historical_error_shorter_ice
conservative,upper,no_institutions,0.5,unadjusted,199976,17444.36587985129,5683.30589441721,1982.856984739429,0.3257960727011338,0.11366747283314446,89250,14556,2561,UKESM1-0-LL,ssp585,2031_2050,historical_error_shorter_ice
conservative,upper,no_institutions,0.5,restricted,199976,17444.36587985129,5598.216661504557,1934.9682857189043,0.3209183240057265,0.11092224842370707,89250,14550,2567,UKESM1-0-LL,ssp585,2031_2050,historical_error_shorter_ice
core,lower,codex_primary,0.0,unadjusted,199976,17083.108555673585,10921.312635254748,1650.0461809456062,0.6393047611716779,0.09658934002369249,135536,9210,2134,UKESM1-0-LL,ssp585,2081_2100,central
core,lower,codex_primary,0.0,restricted,199976,17083.108555673585,10921.312635254748,1650.0461809456062,0.6393047611716779,0.09658934002369249,135536,9210,2134,UKESM1-0-LL,ssp585,2081_2100,central
core,lower,codex_primary,0.25,unadjusted,199976,17083.108555673585,9371.026623244248,1303.812069914847,0.548555117630039,0.07632171075104649,135536,9058,2286,UKESM1-0-LL,ssp585,2081_2100,central
core,lower,codex_primary,0.25,restricted,199976,17083.108555673585,9310.616532961949,1273.37909275538,0.545018870694335,0.07454024474558933,135536,9049,2295,UKESM1-0-LL,ssp585,2081_2100,central
core,lower,codex_primary,0.5,unadjusted,199976,17083.108555673585,7820.740611233748,995.4827717631103,0.4578054740884,0.05827292898823697,135536,8806,2538,UKESM1-0-LL,ssp585,2081_2100,central
core,lower,codex_primary,0.5,restricted,199976,17083.108555673585,7699.920430669153,944.3467364225851,0.4507329802169922,0.05527956070436325,135536,8792,2552,UKESM1-0-LL,ssp585,2081_2100,central
core,lower,codex_primary,0.75,unadjusted,199976,17083.108555673585,6270.454599223249,729.1268037414333,0.3670558305467611,0.04268115497628668,135536,8559,2785,UKESM1-0-LL,ssp585,2081_2100,central
core,lower,codex_primary,0.75,restricted,199976,17083.108555673585,6089.224328376357,666.3931196073651,0.35644708973964956,0.03900889100104939,135536,8537,2807,UKESM1-0-LL,ssp585,2081_2100,central
core,lower,no_ecology,0.5,unadjusted,199976,17083.108555673585,10921.312635254748,1330.6986613282631,0.6393047611716779,0.07789558071304979,135536,8806,2538,UKESM1-0-LL,ssp585,2081_2100,central
core,lower,no_ecology,0.5,restricted,199976,17083.108555673585,10921.312635254748,1291.6895315091024,0.6393047611716779,0.07561208940981123,135536,8792,2552,UKESM1-0-LL,ssp585,2081_2100,central
core,lower,no_maintenance,0.5,unadjusted,199976,17083.108555673585,7820.740611233748,1005.8287846053328,0.4578054740884,0.05887855722085664,135536,9210,2134,UKESM1-0-LL,ssp585,2081_2100,central
core,lower,no_maintenance,0.5,restricted,199976,17083.108555673585,7699.920430669153,954.2951503847669,0.4507329802169922,0.055861914549962255,135536,9210,2134,UKESM1-0-LL,ssp585,2081_2100,central
core,lower,no_institutions,0.5,unadjusted,199976,17083.108555673585,7820.740611233748,1221.1988888937753,0.4578054740884,0.07148575359770777,135536,8806,2538,UKESM1-0-LL,ssp585,2081_2100,central
core,lower,no_institutions,0.5,restricted,199976,17083.108555673585,7699.920430669153,1190.5479581176096,0.4507329802169922,0.06969152916388913,135536,8792,2552,UKESM1-0-LL,ssp585,2081_2100,central
core,upper,codex_primary,0.0,unadjusted,199976,17083.108555673585,11913.465088645897,3733.8056330627887,0.6973827421291681,0.21856710802336554,145721,18412,2667,UKESM1-0-LL,ssp585,2081_2100,central
core,upper,codex_primary,0.0,restricted,199976,17083.108555673585,11913.465088645897,3733.8056330627887,0.6973827421291681,0.21856710802336554,145721,18412,2667,UKESM1-0-LL,ssp585,2081_2100,central
core,upper,codex_primary,0.25,unadjusted,199976,17083.108555673585,10236.283216280723,2955.1670363758367,0.5992049504878363,0.1729876636178359,145721,18207,2872,UKESM1-0-LL,ssp585,2081_2100,central
core,upper,codex_primary,0.25,restricted,199976,17083.108555673585,10174.33319075623,2886.641052609948,0.595578559815284,0.16897633373940285,145721,18196,2883,UKESM1-0-LL,ssp585,2081_2100,central
core,upper,codex_primary,0.5,unadjusted,199976,17083.108555673585,8559.101343915552,2262.815681963036,0.5010271588465046,0.13245924619565314,145721,17884,3195,UKESM1-0-LL,ssp585,2081_2100,central
core,upper,codex_primary,0.5,restricted,199976,17083.108555673585,8435.201292866564,2146.655145722172,0.49377437750139996,0.12565951558091762,145721,17867,3212,UKESM1-0-LL,ssp585,2081_2100,central
core,upper,codex_primary,0.75,unadjusted,199976,17083.108555673585,6881.919471550377,1662.1128719967867,0.4028493672051728,0.09729569220847521,145721,17591,3488,UKESM1-0-LL,ssp585,2081_2100,central
core,upper,codex_primary,0.75,restricted,199976,17083.108555673585,6696.0693949768975,1518.3718663768857,0.39197019518751586,0.08888147385053109,145721,17564,3515,UKESM1-0-LL,ssp585,2081_2100,central
core,upper,no_ecology,0.5,unadjusted,199976,17083.108555673585,11913.465088645897,3021.9888546510792,0.6973827421291681,0.17689923615496936,145721,17884,3195,UKESM1-0-LL,ssp585,2081_2100,central
core,upper,no_ecology,0.5,restricted,199976,17083.108555673585,11913.465088645897,2931.50843174392,0.6973827421291681,0.17160275146588103,145721,17867,3212,UKESM1-0-LL,ssp585,2081_2100,central
core,upper,no_maintenance,0.5,unadjusted,199976,17083.108555673585,8559.101343915552,2278.563605218137,0.5010271588465046,0.13338108797894327,145721,18412,2667,UKESM1-0-LL,ssp585,2081_2100,central
core,upper,no_maintenance,0.5,restricted,199976,17083.108555673585,8435.201292866564,2161.861708657154,0.49377437750139996,0.12654966756265,145721,18412,2667,UKESM1-0-LL,ssp585,2081_2100,central
core,upper,no_institutions,0.5,unadjusted,199976,17083.108555673585,8559.101343915552,2776.1424450433196,0.5010271588465046,0.16250803745676115,145721,17884,3195,UKESM1-0-LL,ssp585,2081_2100,central
core,upper,no_institutions,0.5,restricted,199976,17083.108555673585,8435.201292866564,2709.8564153553602,0.49377437750139996,0.1586278285666792,145721,17867,3212,UKESM1-0-LL,ssp585,2081_2100,central
conservative,lower,codex_primary,0.0,unadjusted,199976,17083.108555673585,8849.680205055638,1138.1465314064287,0.5180368769661955,0.06662408821539867,124056,7057,1730,UKESM1-0-LL,ssp585,2081_2100,central
conservative,lower,codex_primary,0.0,restricted,199976,17083.108555673585,8849.680205055638,1138.1465314064287,0.5180368769661955,0.06662408821539867,124056,7057,1730,UKESM1-0-LL,ssp585,2081_2100,central
conservative,lower,codex_primary,0.25,unadjusted,199976,17083.108555673585,7579.2755283393735,901.8627988286745,0.443670746669942,0.05279266334282883,124056,6967,1820,UKESM1-0-LL,ssp585,2081_2100,central
conservative,lower,codex_primary,0.25,restricted,199976,17083.108555673585,7536.814769976153,881.3723127149352,0.44118520615927664,0.051593204471104104,124056,6965,1822,UKESM1-0-LL,ssp585,2081_2100,central
conservative,lower,codex_primary,0.5,unadjusted,199976,17083.108555673585,6308.870851623109,693.3639694816129,0.3693046163736885,0.04058769323053533,124056,6858,1929,UKESM1-0-LL,ssp585,2081_2100,central
conservative,lower,codex_primary,0.5,restricted,199976,17083.108555673585,6223.949334896669,658.6750933795706,0.36433353535235785,0.03855709815534794,124056,6854,1933,UKESM1-0-LL,ssp585,2081_2100,central
conservative,lower,codex_primary,0.75,unadjusted,199976,17083.108555673585,5038.466174906846,511.326007148799,0.2949384860774351,0.029931672299710298,124056,6780,2007,UKESM1-0-LL,ssp585,2081_2100,central
conservative,lower,codex_primary,0.75,restricted,199976,17083.108555673585,4911.083899817184,468.384003881292,0.287481864545439,0.02741796098495984,124056,6768,2019,UKESM1-0-LL,ssp585,2081_2100,central
conservative,lower,no_ecology,0.5,unadjusted,199976,17083.108555673585,8849.680205055638,928.9597425708738,0.5180368769661955,0.05437884677389999,124056,6858,1929,UKESM1-0-LL,ssp585,2081_2100,central
conservative,lower,no_ecology,0.5,restricted,199976,17083.108555673585,8849.680205055638,902.9609793000441,0.5180368769661955,0.05285694792357657,124056,6854,1933,UKESM1-0-LL,ssp585,2081_2100,central
conservative,lower,no_maintenance,0.5,unadjusted,199976,17083.108555673585,6308.870851623109,697.6010860641038,0.3693046163736885,0.040835722830574586,124056,7057,1730,UKESM1-0-LL,ssp585,2081_2100,central
conservative,lower,no_maintenance,0.5,restricted,199976,17083.108555673585,6223.949334896669,662.6059802624526,0.36433353535235785,0.03878720187857087,124056,7057,1730,UKESM1-0-LL,ssp585,2081_2100,central
conservative,lower,no_institutions,0.5,unadjusted,199976,17083.108555673585,6308.870851623109,843.2970288856798,0.3693046163736885,0.04936437804263714,124056,6858,1929,UKESM1-0-LL,ssp585,2081_2100,central
conservative,lower,no_institutions,0.5,restricted,199976,17083.108555673585,6223.949334896669,822.429797085061,0.36433353535235785,0.04814286547467488,124056,6854,1933,UKESM1-0-LL,ssp585,2081_2100,central
conservative,upper,codex_primary,0.0,unadjusted,199976,17083.108555673585,9674.165821124703,2674.6961309265876,0.5663000846477529,0.15656963849464484,133415,14944,2197,UKESM1-0-LL,ssp585,2081_2100,central
conservative,upper,codex_primary,0.0,restricted,199976,17083.108555673585,9674.165821124703,2674.6961309265876,0.5663000846477529,0.15656963849464484,133415,14944,2197,UKESM1-0-LL,ssp585,2081_2100,central
conservative,upper,codex_primary,0.25,unadjusted,199976,17083.108555673585,8297.733114272472,2125.159425579184,0.48572735384958127,0.12440121296737781,133415,14809,2332,UKESM1-0-LL,ssp585,2081_2100,central
conservative,upper,codex_primary,0.25,restricted,199976,17083.108555673585,8253.885352121288,2076.4101025615114,0.48316062180498376,0.12154755651142315,133415,14805,2336,UKESM1-0-LL,ssp585,2081_2100,central
conservative,upper,codex_primary,0.5,unadjusted,199976,17083.108555673585,6921.3004074202445,1638.0451904517463,0.40515462305140976,0.0958868337757957,133415,14656,2485,UKESM1-0-LL,ssp585,2081_2100,central
conservative,upper,codex_primary,0.5,restricted,199976,17083.108555673585,6833.604883117872,1554.8820474241395,0.40002115896221463,0.09101868330092285,133415,14649,2492,UKESM1-0-LL,ssp585,2081_2100,central
conservative,upper,codex_primary,0.75,unadjusted,199976,17083.108555673585,5544.867700568014,1211.5234527684968,0.32458189225323814,0.07091937915281406,133415,14548,2593,UKESM1-0-LL,ssp585,2081_2100,central
conservative,upper,codex_primary,0.75,restricted,199976,17083.108555673585,5413.324414114455,1107.7856375841538,0.3168816961194454,0.06484684177788239,133415,14532,2609,UKESM1-0-LL,ssp585,2081_2100,central
conservative,upper,no_ecology,0.5,unadjusted,199976,17083.108555673585,9674.165821124703,2189.394983044079,0.5663000846477529,0.12816139263582355,133415,14656,2485,UKESM1-0-LL,ssp585,2081_2100,central
conservative,upper,no_ecology,0.5,restricted,199976,17083.108555673585,9674.165821124703,2126.0113072068084,0.5663000846477529,0.12445107986512938,133415,14649,2492,UKESM1-0-LL,ssp585,2081_2100,central
conservative,upper,no_maintenance,0.5,unadjusted,199976,17083.108555673585,6921.3004074202445,1645.6993477412095,0.40515462305140976,0.09633488790274328,133415,14944,2197,UKESM1-0-LL,ssp585,2081_2100,central
conservative,upper,no_maintenance,0.5,restricted,199976,17083.108555673585,6833.604883117872,1562.1134246866293,0.40002115896221463,0.09144198900309776,133415,14944,2197,UKESM1-0-LL,ssp585,2081_2100,central
conservative,upper,no_institutions,0.5,unadjusted,199976,17083.108555673585,6921.3004074202445,1990.5246511306984,0.40515462305140976,0.11652004930154307,133415,14656,2485,UKESM1-0-LL,ssp585,2081_2100,central
conservative,upper,no_institutions,0.5,restricted,199976,17083.108555673585,6833.604883117872,1942.6565651568294,0.40002115896221463,0.11371797813177513,133415,14649,2492,UKESM1-0-LL,ssp585,2081_2100,central
core,lower,codex_primary,0.0,unadjusted,199976,17083.108555673585,10439.115240609397,1650.0461809456062,0.6110782008197444,0.09658934002369249,116514,9210,2118,UKESM1-0-LL,ssp585,2081_2100,historical_error_longer_ice
core,lower,codex_primary,0.0,restricted,199976,17083.108555673585,10439.115240609397,1650.0461809456062,0.6110782008197444,0.09658934002369249,116514,9210,2118,UKESM1-0-LL,ssp585,2081_2100,historical_error_longer_ice
core,lower,codex_primary,0.25,unadjusted,199976,17083.108555673585,8965.460853563627,1303.812069914847,0.5248143699576298,0.07632171075104649,116514,9058,2270,UKESM1-0-LL,ssp585,2081_2100,historical_error_longer_ice
core,lower,codex_primary,0.25,restricted,199976,17083.108555673585,8905.46887630279,1273.37909275538,0.5213025982525373,0.07454024474558933,116514,9049,2279,UKESM1-0-LL,ssp585,2081_2100,historical_error_longer_ice
core,lower,codex_primary,0.5,unadjusted,199976,17083.108555673585,7491.806466517859,995.4827717631103,0.4385505390955152,0.05827292898823697,116514,8806,2522,UKESM1-0-LL,ssp585,2081_2100,historical_error_longer_ice
core,lower,codex_primary,0.5,restricted,199976,17083.108555673585,7371.822511996183,944.3467364225851,0.4315269956853302,0.05527956070436325,116514,8792,2536,UKESM1-0-LL,ssp585,2081_2100,historical_error_longer_ice
core,lower,codex_primary,0.75,unadjusted,199976,17083.108555673585,6018.152079472091,729.1268037414333,0.35228670823340064,0.04268115497628668,116514,8559,2769,UKESM1-0-LL,ssp585,2081_2100,historical_error_longer_ice
core,lower,codex_primary,0.75,restricted,199976,17083.108555673585,5838.1761476895745,666.3931196073651,0.341751393118123,0.03900889100104939,116514,8537,2791,UKESM1-0-LL,ssp585,2081_2100,historical_error_longer_ice
core,lower,no_ecology,0.5,unadjusted,199976,17083.108555673585,10439.115240609397,1330.6986613282631,0.6110782008197444,0.07789558071304979,116514,8806,2522,UKESM1-0-LL,ssp585,2081_2100,historical_error_longer_ice
core,lower,no_ecology,0.5,restricted,199976,17083.108555673585,10439.115240609397,1291.6895315091024,0.6110782008197444,0.07561208940981123,116514,8792,2536,UKESM1-0-LL,ssp585,2081_2100,historical_error_longer_ice
core,lower,no_maintenance,0.5,unadjusted,199976,17083.108555673585,7491.806466517859,1005.8287846053328,0.4385505390955152,0.05887855722085664,116514,9210,2118,UKESM1-0-LL,ssp585,2081_2100,historical_error_longer_ice
core,lower,no_maintenance,0.5,restricted,199976,17083.108555673585,7371.822511996183,954.2951503847669,0.4315269956853302,0.055861914549962255,116514,9210,2118,UKESM1-0-LL,ssp585,2081_2100,historical_error_longer_ice
core,lower,no_institutions,0.5,unadjusted,199976,17083.108555673585,7491.806466517859,1221.1988888937753,0.4385505390955152,0.07148575359770777,116514,8806,2522,UKESM1-0-LL,ssp585,2081_2100,historical_error_longer_ice
core,lower,no_institutions,0.5,restricted,199976,17083.108555673585,7371.822511996183,1190.5479581176096,0.4315269956853302,0.06969152916388913,116514,8792,2536,UKESM1-0-LL,ssp585,2081_2100,historical_error_longer_ice
core,upper,codex_primary,0.0,unadjusted,199976,17083.108555673585,11431.267694000546,3733.8056330627887,0.6691561817772347,0.21856710802336554,126699,18412,2646,UKESM1-0-LL,ssp585,2081_2100,historical_error_longer_ice
core,upper,codex_primary,0.0,restricted,199976,17083.108555673585,11431.267694000546,3733.8056330627887,0.6691561817772347,0.21856710802336554,126699,18412,2646,UKESM1-0-LL,ssp585,2081_2100,historical_error_longer_ice
core,upper,codex_primary,0.25,unadjusted,199976,17083.108555673585,9830.717446600103,2955.1670363758367,0.5754642028154272,0.1729876636178359,126699,18207,2851,UKESM1-0-LL,ssp585,2081_2100,historical_error_longer_ice
core,upper,codex_primary,0.25,restricted,199976,17083.108555673585,9769.18553409707,2886.641052609948,0.5718622873734863,0.16897633373940285,126699,18196,2862,UKESM1-0-LL,ssp585,2081_2100,historical_error_longer_ice
core,upper,codex_primary,0.5,unadjusted,199976,17083.108555673585,8230.167199199663,2262.815681963036,0.48177222385361984,0.13245924619565314,126699,17884,3174,UKESM1-0-LL,ssp585,2081_2100,historical_error_longer_ice
core,upper,codex_primary,0.5,restricted,199976,17083.108555673585,8107.103374193592,2146.655145722172,0.4745683929697378,0.12565951558091762,126699,17867,3191,UKESM1-0-LL,ssp585,2081_2100,historical_error_longer_ice
core,upper,codex_primary,0.75,unadjusted,199976,17083.108555673585,6629.616951799219,1662.1128719967867,0.3880802448918123,0.09729569220847521,126699,17591,3467,UKESM1-0-LL,ssp585,2081_2100,historical_error_longer_ice
core,upper,codex_primary,0.75,restricted,199976,17083.108555673585,6445.021214290116,1518.3718663768857,0.3772744985659895,0.08888147385053109,126699,17564,3494,UKESM1-0-LL,ssp585,2081_2100,historical_error_longer_ice
core,upper,no_ecology,0.5,unadjusted,199976,17083.108555673585,11431.267694000546,3021.9888546510792,0.6691561817772347,0.17689923615496936,126699,17884,3174,UKESM1-0-LL,ssp585,2081_2100,historical_error_longer_ice
core,upper,no_ecology,0.5,restricted,199976,17083.108555673585,11431.267694000546,2931.50843174392,0.6691561817772347,0.17160275146588103,126699,17867,3191,UKESM1-0-LL,ssp585,2081_2100,historical_error_longer_ice
core,upper,no_maintenance,0.5,unadjusted,199976,17083.108555673585,8230.167199199663,2278.563605218137,0.48177222385361984,0.13338108797894327,126699,18412,2646,UKESM1-0-LL,ssp585,2081_2100,historical_error_longer_ice
core,upper,no_maintenance,0.5,restricted,199976,17083.108555673585,8107.103374193592,2161.861708657154,0.4745683929697378,0.12654966756265,126699,18412,2646,UKESM1-0-LL,ssp585,2081_2100,historical_error_longer_ice
core,upper,no_institutions,0.5,unadjusted,199976,17083.108555673585,8230.167199199663,2776.1424450433196,0.48177222385361984,0.16250803745676115,126699,17884,3174,UKESM1-0-LL,ssp585,2081_2100,historical_error_longer_ice
core,upper,no_institutions,0.5,restricted,199976,17083.108555673585,8107.103374193592,2709.8564153553602,0.4745683929697378,0.1586278285666792,126699,17867,3191,UKESM1-0-LL,ssp585,2081_2100,historical_error_longer_ice
conservative,lower,codex_primary,0.0,unadjusted,199976,17083.108555673585,8397.569777765482,1138.1465314064287,0.49157152812077104,0.06662408821539867,106004,7057,1714,UKESM1-0-LL,ssp585,2081_2100,historical_error_longer_ice
conservative,lower,codex_primary,0.0,restricted,199976,17083.108555673585,8397.569777765482,1138.1465314064287,0.49157152812077104,0.06662408821539867,106004,7057,1714,UKESM1-0-LL,ssp585,2081_2100,historical_error_longer_ice
conservative,lower,codex_primary,0.25,unadjusted,199976,17083.108555673585,7199.049282426344,901.8627988286745,0.42141330771064023,0.05279266334282883,106004,6967,1804,UKESM1-0-LL,ssp585,2081_2100,historical_error_longer_ice
conservative,lower,codex_primary,0.25,restricted,199976,17083.108555673585,7156.982063921232,881.3723127149352,0.41895080398258544,0.051593204471104104,106004,6965,1806,UKESM1-0-LL,ssp585,2081_2100,historical_error_longer_ice
conservative,lower,codex_primary,0.5,unadjusted,199976,17083.108555673585,6000.528787087207,693.3639694816129,0.3512550873005096,0.04058769323053533,106004,6858,1913,UKESM1-0-LL,ssp585,2081_2100,historical_error_longer_ice
conservative,lower,codex_primary,0.5,restricted,199976,17083.108555673585,5916.39435007698,658.6750933795706,0.3463300798443997,0.03855709815534794,106004,6854,1917,UKESM1-0-LL,ssp585,2081_2100,historical_error_longer_ice
conservative,lower,codex_primary,0.75,unadjusted,199976,17083.108555673585,4802.00829174807,511.326007148799,0.2810968668903789,0.029931672299710298,106004,6780,1991,UKESM1-0-LL,ssp585,2081_2100,historical_error_longer_ice
conservative,lower,codex_primary,0.75,restricted,199976,17083.108555673585,4675.80663623273,468.384003881292,0.2737093557062141,0.02741796098495984,106004,6768,2003,UKESM1-0-LL,ssp585,2081_2100,historical_error_longer_ice
conservative,lower,no_ecology,0.5,unadjusted,199976,17083.108555673585,8397.569777765482,928.9597425708738,0.49157152812077104,0.05437884677389999,106004,6858,1913,UKESM1-0-LL,ssp585,2081_2100,historical_error_longer_ice
conservative,lower,no_ecology,0.5,restricted,199976,17083.108555673585,8397.569777765482,902.9609793000441,0.49157152812077104,0.05285694792357657,106004,6854,1917,UKESM1-0-LL,ssp585,2081_2100,historical_error_longer_ice
conservative,lower,no_maintenance,0.5,unadjusted,199976,17083.108555673585,6000.528787087207,697.6010860641038,0.3512550873005096,0.040835722830574586,106004,7057,1714,UKESM1-0-LL,ssp585,2081_2100,historical_error_longer_ice
conservative,lower,no_maintenance,0.5,restricted,199976,17083.108555673585,5916.39435007698,662.6059802624526,0.3463300798443997,0.03878720187857087,106004,7057,1714,UKESM1-0-LL,ssp585,2081_2100,historical_error_longer_ice
conservative,lower,no_institutions,0.5,unadjusted,199976,17083.108555673585,6000.528787087207,843.2970288856798,0.3512550873005096,0.04936437804263714,106004,6858,1913,UKESM1-0-LL,ssp585,2081_2100,historical_error_longer_ice
conservative,lower,no_institutions,0.5,restricted,199976,17083.108555673585,5916.39435007698,822.429797085061,0.3463300798443997,0.04814286547467488,106004,6854,1917,UKESM1-0-LL,ssp585,2081_2100,historical_error_longer_ice
conservative,upper,codex_primary,0.0,unadjusted,199976,17083.108555673585,9222.055393834546,2674.6961309265876,0.5398347358023284,0.15656963849464484,115363,14944,2176,UKESM1-0-LL,ssp585,2081_2100,historical_error_longer_ice
conservative,upper,codex_primary,0.0,restricted,199976,17083.108555673585,9222.055393834546,2674.6961309265876,0.5398347358023284,0.15656963849464484,115363,14944,2176,UKESM1-0-LL,ssp585,2081_2100,historical_error_longer_ice
conservative,upper,codex_primary,0.25,unadjusted,199976,17083.108555673585,7917.506868359444,2125.159425579184,0.4634699148902796,0.12440121296737781,115363,14809,2311,UKESM1-0-LL,ssp585,2081_2100,historical_error_longer_ice
conservative,upper,codex_primary,0.25,restricted,199976,17083.108555673585,7874.052646066364,2076.4101025615114,0.4609262196282924,0.12154755651142315,115363,14805,2315,UKESM1-0-LL,ssp585,2081_2100,historical_error_longer_ice
conservative,upper,codex_primary,0.5,unadjusted,199976,17083.108555673585,6612.958342884342,1638.0451904517463,0.3871050939782308,0.0958868337757957,115363,14656,2464,UKESM1-0-LL,ssp585,2081_2100,historical_error_longer_ice
conservative,upper,codex_primary,0.5,restricted,199976,17083.108555673585,6526.049898298183,1554.8820474241395,0.38201770345425645,0.09101868330092285,115363,14649,2471,UKESM1-0-LL,ssp585,2081_2100,historical_error_longer_ice
conservative,upper,codex_primary,0.75,unadjusted,199976,17083.108555673585,5308.409817409239,1211.5234527684968,0.31074027306618196,0.07091937915281406,115363,14548,2572,UKESM1-0-LL,ssp585,2081_2100,historical_error_longer_ice
conservative,upper,codex_primary,0.75,restricted,199976,17083.108555673585,5178.04715053,1107.7856375841538,0.3031091872802204,0.06484684177788239,115363,14532,2588,UKESM1-0-LL,ssp585,2081_2100,historical_error_longer_ice
conservative,upper,no_ecology,0.5,unadjusted,199976,17083.108555673585,9222.055393834546,2189.394983044079,0.5398347358023284,0.12816139263582355,115363,14656,2464,UKESM1-0-LL,ssp585,2081_2100,historical_error_longer_ice
conservative,upper,no_ecology,0.5,restricted,199976,17083.108555673585,9222.055393834546,2126.0113072068084,0.5398347358023284,0.12445107986512938,115363,14649,2471,UKESM1-0-LL,ssp585,2081_2100,historical_error_longer_ice
conservative,upper,no_maintenance,0.5,unadjusted,199976,17083.108555673585,6612.958342884342,1645.6993477412095,0.3871050939782308,0.09633488790274328,115363,14944,2176,UKESM1-0-LL,ssp585,2081_2100,historical_error_longer_ice
conservative,upper,no_maintenance,0.5,restricted,199976,17083.108555673585,6526.049898298183,1562.1134246866293,0.38201770345425645,0.09144198900309776,115363,14944,2176,UKESM1-0-LL,ssp585,2081_2100,historical_error_longer_ice
conservative,upper,no_institutions,0.5,unadjusted,199976,17083.108555673585,6612.958342884342,1990.5246511306984,0.3871050939782308,0.11652004930154307,115363,14656,2464,UKESM1-0-LL,ssp585,2081_2100,historical_error_longer_ice
conservative,upper,no_institutions,0.5,restricted,199976,17083.108555673585,6526.049898298183,1942.6565651568294,0.38201770345425645,0.11371797813177513,115363,14649,2471,UKESM1-0-LL,ssp585,2081_2100,historical_error_longer_ice
core,lower,codex_primary,0.0,unadjusted,199976,17083.108555673585,11172.725585425578,1650.0461809456062,0.6540218104341982,0.09658934002369249,147223,9210,2155,UKESM1-0-LL,ssp585,2081_2100,historical_error_shorter_ice
core,lower,codex_primary,0.0,restricted,199976,17083.108555673585,11172.725585425578,1650.0461809456062,0.6540218104341982,0.09658934002369249,147223,9210,2155,UKESM1-0-LL,ssp585,2081_2100,historical_error_shorter_ice
core,lower,codex_primary,0.25,unadjusted,199976,17083.108555673585,9582.051208282954,1303.812069914847,0.560907938801372,0.07632171075104649,147223,9058,2307,UKESM1-0-LL,ssp585,2081_2100,historical_error_shorter_ice
core,lower,codex_primary,0.25,restricted,199976,17083.108555673585,9521.370893015272,1273.37909275538,0.557355873609611,0.07454024474558933,147223,9049,2316,UKESM1-0-LL,ssp585,2081_2100,historical_error_shorter_ice
core,lower,codex_primary,0.5,unadjusted,199976,17083.108555673585,7991.376831140328,995.4827717631103,0.46779406716854577,0.05827292898823697,147223,8806,2559,UKESM1-0-LL,ssp585,2081_2100,historical_error_shorter_ice
core,lower,codex_primary,0.5,restricted,199976,17083.108555673585,7870.016200604963,944.3467364225851,0.4606899367850238,0.05527956070436325,147223,8792,2573,UKESM1-0-LL,ssp585,2081_2100,historical_error_shorter_ice
core,lower,codex_primary,0.75,unadjusted,199976,17083.108555673585,6400.702453997702,729.1268037414333,0.3746801955357195,0.04268115497628668,147223,8559,2806,UKESM1-0-LL,ssp585,2081_2100,historical_error_shorter_ice
core,lower,codex_primary,0.75,restricted,199976,17083.108555673585,6218.661508194654,666.3931196073651,0.3640239999604365,0.03900889100104939,147223,8537,2828,UKESM1-0-LL,ssp585,2081_2100,historical_error_shorter_ice
core,lower,no_ecology,0.5,unadjusted,199976,17083.108555673585,11172.725585425578,1330.6986613282631,0.6540218104341982,0.07789558071304979,147223,8806,2559,UKESM1-0-LL,ssp585,2081_2100,historical_error_shorter_ice
core,lower,no_ecology,0.5,restricted,199976,17083.108555673585,11172.725585425578,1291.6895315091024,0.6540218104341982,0.07561208940981123,147223,8792,2573,UKESM1-0-LL,ssp585,2081_2100,historical_error_shorter_ice
core,lower,no_maintenance,0.5,unadjusted,199976,17083.108555673585,7991.376831140328,1005.8287846053328,0.46779406716854577,0.05887855722085664,147223,9210,2155,UKESM1-0-LL,ssp585,2081_2100,historical_error_shorter_ice
core,lower,no_maintenance,0.5,restricted,199976,17083.108555673585,7870.016200604963,954.2951503847669,0.4606899367850238,0.055861914549962255,147223,9210,2155,UKESM1-0-LL,ssp585,2081_2100,historical_error_shorter_ice
core,lower,no_institutions,0.5,unadjusted,199976,17083.108555673585,7991.376831140328,1221.1988888937753,0.46779406716854577,0.07148575359770777,147223,8806,2559,UKESM1-0-LL,ssp585,2081_2100,historical_error_shorter_ice
core,lower,no_institutions,0.5,restricted,199976,17083.108555673585,7870.016200604963,1190.5479581176096,0.4606899367850238,0.06969152916388913,147223,8792,2573,UKESM1-0-LL,ssp585,2081_2100,historical_error_shorter_ice
core,upper,codex_primary,0.0,unadjusted,199976,17083.108555673585,12164.878038816729,3733.8056330627887,0.7120997913916884,0.21856710802336554,157408,18412,2693,UKESM1-0-LL,ssp585,2081_2100,historical_error_shorter_ice
core,upper,codex_primary,0.0,restricted,199976,17083.108555673585,12164.878038816729,3733.8056330627887,0.7120997913916884,0.21856710802336554,157408,18412,2693,UKESM1-0-LL,ssp585,2081_2100,historical_error_shorter_ice
core,upper,codex_primary,0.25,unadjusted,199976,17083.108555673585,10447.30780131943,2955.1670363758367,0.6115577716591695,0.1729876636178359,157408,18207,2898,UKESM1-0-LL,ssp585,2081_2100,historical_error_shorter_ice
core,upper,codex_primary,0.25,restricted,199976,17083.108555673585,10385.087550809552,2886.641052609948,0.60791556273056,0.16897633373940285,157408,18196,2909,UKESM1-0-LL,ssp585,2081_2100,historical_error_shorter_ice
core,upper,codex_primary,0.5,unadjusted,199976,17083.108555673585,8729.73756382213,2262.815681963036,0.5110157519266503,0.13245924619565314,157408,17884,3221,UKESM1-0-LL,ssp585,2081_2100,historical_error_shorter_ice
core,upper,codex_primary,0.5,restricted,199976,17083.108555673585,8605.297062802374,2146.655145722172,0.5037313340694315,0.12565951558091762,157408,17867,3238,UKESM1-0-LL,ssp585,2081_2100,historical_error_shorter_ice
core,upper,codex_primary,0.75,unadjusted,199976,17083.108555673585,7012.16732632483,1662.1128719967867,0.4104737321941312,0.09729569220847521,157408,17591,3514,UKESM1-0-LL,ssp585,2081_2100,historical_error_shorter_ice
core,upper,codex_primary,0.75,restricted,199976,17083.108555673585,6825.506574795194,1518.3718663768857,0.39954710540830285,0.08888147385053109,157408,17564,3541,UKESM1-0-LL,ssp585,2081_2100,historical_error_shorter_ice
core,upper,no_ecology,0.5,unadjusted,199976,17083.108555673585,12164.878038816729,3021.9888546510792,0.7120997913916884,0.17689923615496936,157408,17884,3221,UKESM1-0-LL,ssp585,2081_2100,historical_error_shorter_ice
core,upper,no_ecology,0.5,restricted,199976,17083.108555673585,12164.878038816729,2931.50843174392,0.7120997913916884,0.17160275146588103,157408,17867,3238,UKESM1-0-LL,ssp585,2081_2100,historical_error_shorter_ice
core,upper,no_maintenance,0.5,unadjusted,199976,17083.108555673585,8729.73756382213,2278.563605218137,0.5110157519266503,0.13338108797894327,157408,18412,2693,UKESM1-0-LL,ssp585,2081_2100,historical_error_shorter_ice
core,upper,no_maintenance,0.5,restricted,199976,17083.108555673585,8605.297062802374,2161.861708657154,0.5037313340694315,0.12654966756265,157408,18412,2693,UKESM1-0-LL,ssp585,2081_2100,historical_error_shorter_ice
core,upper,no_institutions,0.5,unadjusted,199976,17083.108555673585,8729.73756382213,2776.1424450433196,0.5110157519266503,0.16250803745676115,157408,17884,3221,UKESM1-0-LL,ssp585,2081_2100,historical_error_shorter_ice
core,upper,no_institutions,0.5,restricted,199976,17083.108555673585,8605.297062802374,2709.8564153553602,0.5037313340694315,0.1586278285666792,157408,17867,3238,UKESM1-0-LL,ssp585,2081_2100,historical_error_shorter_ice
conservative,lower,codex_primary,0.0,unadjusted,199976,17083.108555673585,9073.107604252302,1138.1465314064287,0.5311157260801326,0.06662408821539867,134385,7057,1749,UKESM1-0-LL,ssp585,2081_2100,historical_error_shorter_ice
conservative,lower,codex_primary,0.0,restricted,199976,17083.108555673585,9073.107604252302,1138.1465314064287,0.5311157260801326,0.06662408821539867,134385,7057,1749,UKESM1-0-LL,ssp585,2081_2100,historical_error_shorter_ice
conservative,lower,codex_primary,0.25,unadjusted,199976,17083.108555673585,7766.741270262438,901.8627988286745,0.45464449546467195,0.05279266334282883,134385,6967,1839,UKESM1-0-LL,ssp585,2081_2100,historical_error_shorter_ice
conservative,lower,codex_primary,0.25,restricted,199976,17083.108555673585,7724.064127351675,881.3723127149352,0.45214628837480425,0.051593204471104104,134385,6965,1841,UKESM1-0-LL,ssp585,2081_2100,historical_error_shorter_ice
conservative,lower,codex_primary,0.5,unadjusted,199976,17083.108555673585,6460.374936272576,693.3639694816129,0.3781732648492114,0.04058769323053533,134385,6858,1948,UKESM1-0-LL,ssp585,2081_2100,historical_error_shorter_ice
conservative,lower,codex_primary,0.5,restricted,199976,17083.108555673585,6375.02065045105,658.6750933795706,0.37317685066947603,0.03855709815534794,134385,6854,1952,UKESM1-0-LL,ssp585,2081_2100,historical_error_shorter_ice
conservative,lower,codex_primary,0.75,unadjusted,199976,17083.108555673585,5154.008602282714,511.326007148799,0.3017020342337508,0.029931672299710298,134385,6780,2026,UKESM1-0-LL,ssp585,2081_2100,historical_error_shorter_ice
conservative,lower,codex_primary,0.75,restricted,199976,17083.108555673585,5025.977173550425,468.384003881292,0.29420741296414776,0.02741796098495984,134385,6768,2038,UKESM1-0-LL,ssp585,2081_2100,historical_error_shorter_ice
conservative,lower,no_ecology,0.5,unadjusted,199976,17083.108555673585,9073.107604252302,928.9597425708738,0.5311157260801326,0.05437884677389999,134385,6858,1948,UKESM1-0-LL,ssp585,2081_2100,historical_error_shorter_ice
conservative,lower,no_ecology,0.5,restricted,199976,17083.108555673585,9073.107604252302,902.9609793000441,0.5311157260801326,0.05285694792357657,134385,6854,1952,UKESM1-0-LL,ssp585,2081_2100,historical_error_shorter_ice
conservative,lower,no_maintenance,0.5,unadjusted,199976,17083.108555673585,6460.374936272576,697.6010860641038,0.3781732648492114,0.040835722830574586,134385,7057,1749,UKESM1-0-LL,ssp585,2081_2100,historical_error_shorter_ice
conservative,lower,no_maintenance,0.5,restricted,199976,17083.108555673585,6375.02065045105,662.6059802624526,0.37317685066947603,0.03878720187857087,134385,7057,1749,UKESM1-0-LL,ssp585,2081_2100,historical_error_shorter_ice
conservative,lower,no_institutions,0.5,unadjusted,199976,17083.108555673585,6460.374936272576,843.2970288856798,0.3781732648492114,0.04936437804263714,134385,6858,1948,UKESM1-0-LL,ssp585,2081_2100,historical_error_shorter_ice
conservative,lower,no_institutions,0.5,restricted,199976,17083.108555673585,6375.02065045105,822.429797085061,0.37317685066947603,0.04814286547467488,134385,6854,1952,UKESM1-0-LL,ssp585,2081_2100,historical_error_shorter_ice
conservative,upper,codex_primary,0.0,unadjusted,199976,17083.108555673585,9897.593220321365,2674.6961309265876,0.5793789337616899,0.15656963849464484,143744,14944,2221,UKESM1-0-LL,ssp585,2081_2100,historical_error_shorter_ice
conservative,upper,codex_primary,0.0,restricted,199976,17083.108555673585,9897.593220321365,2674.6961309265876,0.5793789337616899,0.15656963849464484,143744,14944,2221,UKESM1-0-LL,ssp585,2081_2100,historical_error_shorter_ice
conservative,upper,codex_primary,0.25,unadjusted,199976,17083.108555673585,8485.198856195537,2125.159425579184,0.4967011026443112,0.12440121296737781,143744,14809,2356,UKESM1-0-LL,ssp585,2081_2100,historical_error_shorter_ice
conservative,upper,codex_primary,0.25,restricted,199976,17083.108555673585,8441.13470949681,2076.4101025615114,0.4941217040205114,0.12154755651142315,143744,14805,2360,UKESM1-0-LL,ssp585,2081_2100,historical_error_shorter_ice
conservative,upper,codex_primary,0.5,unadjusted,199976,17083.108555673585,7072.804492069709,1638.0451904517463,0.4140232715269326,0.0958868337757957,143744,14656,2509,UKESM1-0-LL,ssp585,2081_2100,historical_error_shorter_ice
conservative,upper,codex_primary,0.5,restricted,199976,17083.108555673585,6984.676198672254,1554.8820474241395,0.40886447427933287,0.09101868330092285,143744,14649,2516,UKESM1-0-LL,ssp585,2081_2100,historical_error_shorter_ice
conservative,upper,codex_primary,0.75,unadjusted,199976,17083.108555673585,5660.410127943882,1211.5234527684968,0.3313454404095539,0.07091937915281406,143744,14548,2617,UKESM1-0-LL,ssp585,2081_2100,historical_error_shorter_ice
conservative,upper,codex_primary,0.75,restricted,199976,17083.108555673585,5528.217687847696,1107.7856375841538,0.3236072445381542,0.06484684177788239,143744,14532,2633,UKESM1-0-LL,ssp585,2081_2100,historical_error_shorter_ice
conservative,upper,no_ecology,0.5,unadjusted,199976,17083.108555673585,9897.593220321365,2189.394983044079,0.5793789337616899,0.12816139263582355,143744,14656,2509,UKESM1-0-LL,ssp585,2081_2100,historical_error_shorter_ice
conservative,upper,no_ecology,0.5,restricted,199976,17083.108555673585,9897.593220321365,2126.0113072068084,0.5793789337616899,0.12445107986512938,143744,14649,2516,UKESM1-0-LL,ssp585,2081_2100,historical_error_shorter_ice
conservative,upper,no_maintenance,0.5,unadjusted,199976,17083.108555673585,7072.804492069709,1645.6993477412095,0.4140232715269326,0.09633488790274328,143744,14944,2221,UKESM1-0-LL,ssp585,2081_2100,historical_error_shorter_ice
conservative,upper,no_maintenance,0.5,restricted,199976,17083.108555673585,6984.676198672254,1562.1134246866293,0.40886447427933287,0.09144198900309776,143744,14944,2221,UKESM1-0-LL,ssp585,2081_2100,historical_error_shorter_ice
conservative,upper,no_institutions,0.5,unadjusted,199976,17083.108555673585,7072.804492069709,1990.5246511306984,0.4140232715269326,0.11652004930154307,143744,14656,2509,UKESM1-0-LL,ssp585,2081_2100,historical_error_shorter_ice
conservative,upper,no_institutions,0.5,restricted,199976,17083.108555673585,6984.676198672254,1942.6565651568294,0.40886447427933287,0.11371797813177513,143744,14649,2516,UKESM1-0-LL,ssp585,2081_2100,historical_error_shorter_ice
