x_left_kwh_kwp,x_right_kwh_kwp,y_bottom_kwh_kwp,y_top_kwh_kwp,count
593.868,624.1364461538462,593.868,624.1364461538462,0
593.868,624.1364461538462,624.1364461538462,654.4048923076923,0
593.868,624.1364461538462,654.4048923076923,684.6733384615385,0
593.868,624.1364461538462,684.6733384615385,714.9417846153847,0
593.868,624.1364461538462,714.9417846153847,745.2102307692309,10
593.868,624.1364461538462,745.2102307692309,775.478676923077,5
593.868,624.1364461538462,775.478676923077,805.7471230769231,0
593.868,624.1364461538462,805.7471230769231,836.0155692307693,0
593.868,624.1364461538462,836.0155692307693,866.2840153846155,0
593.868,624.1364461538462,866.2840153846155,896.5524615384616,0
593.868,624.1364461538462,896.5524615384616,926.8209076923077,0
593.868,624.1364461538462,926.8209076923077,957.0893538461539,0
593.868,624.1364461538462,957.0893538461539,987.3578000000001,0
593.868,624.1364461538462,987.3578000000001,1017.6262461538463,0
593.868,624.1364461538462,1017.6262461538463,1047.8946923076924,0
593.868,624.1364461538462,1047.8946923076924,1078.1631384615384,0
593.868,624.1364461538462,1078.1631384615384,1108.4315846153847,0
593.868,624.1364461538462,1108.4315846153847,1138.700030769231,0
593.868,624.1364461538462,1138.700030769231,1168.968476923077,0
593.868,624.1364461538462,1168.968476923077,1199.2369230769232,0
593.868,624.1364461538462,1199.2369230769232,1229.5053692307692,0
593.868,624.1364461538462,1229.5053692307692,1259.7738153846153,0
593.868,624.1364461538462,1259.7738153846153,1290.0422615384616,0
593.868,624.1364461538462,1290.0422615384616,1320.310707692308,0
593.868,624.1364461538462,1320.310707692308,1350.579153846154,0
593.868,624.1364461538462,1350.579153846154,1380.8476,0
593.868,624.1364461538462,1380.8476,1411.1160461538461,0
593.868,624.1364461538462,1411.1160461538461,1441.3844923076924,0
593.868,624.1364461538462,1441.3844923076924,1471.6529384615387,0
593.868,624.1364461538462,1471.6529384615387,1501.9213846153848,0
593.868,624.1364461538462,1501.9213846153848,1532.1898307692309,0
593.868,624.1364461538462,1532.1898307692309,1562.458276923077,0
593.868,624.1364461538462,1562.458276923077,1592.7267230769232,0
593.868,624.1364461538462,1592.7267230769232,1622.9951692307695,0
593.868,624.1364461538462,1622.9951692307695,1653.2636153846156,0
593.868,624.1364461538462,1653.2636153846156,1683.5320615384617,0
593.868,624.1364461538462,1683.5320615384617,1713.8005076923077,0
593.868,624.1364461538462,1713.8005076923077,1744.0689538461538,0
593.868,624.1364461538462,1744.0689538461538,1774.3374000000003,0
593.868,624.1364461538462,1774.3374000000003,1804.6058461538464,0
593.868,624.1364461538462,1804.6058461538464,1834.8742923076925,0
593.868,624.1364461538462,1834.8742923076925,1865.1427384615386,0
593.868,624.1364461538462,1865.1427384615386,1895.4111846153846,0
593.868,624.1364461538462,1895.4111846153846,1925.6796307692307,0
593.868,624.1364461538462,1925.6796307692307,1955.9480769230772,0
593.868,624.1364461538462,1955.9480769230772,1986.2165230769233,0
593.868,624.1364461538462,1986.2165230769233,2016.4849692307694,0
593.868,624.1364461538462,2016.4849692307694,2046.7534153846154,0
593.868,624.1364461538462,2046.7534153846154,2077.0218615384615,0
593.868,624.1364461538462,2077.0218615384615,2107.290307692308,0
593.868,624.1364461538462,2107.290307692308,2137.558753846154,0
593.868,624.1364461538462,2137.558753846154,2167.8272,0
593.868,624.1364461538462,2167.8272,2198.0956461538462,0
593.868,624.1364461538462,2198.0956461538462,2228.3640923076923,0
593.868,624.1364461538462,2228.3640923076923,2258.632538461539,0
593.868,624.1364461538462,2258.632538461539,2288.900984615385,0
593.868,624.1364461538462,2288.900984615385,2319.169430769231,0
593.868,624.1364461538462,2319.169430769231,2349.437876923077,0
593.868,624.1364461538462,2349.437876923077,2379.706323076923,0
593.868,624.1364461538462,2379.706323076923,2409.974769230769,0
593.868,624.1364461538462,2409.974769230769,2440.2432153846157,0
593.868,624.1364461538462,2440.2432153846157,2470.511661538462,0
593.868,624.1364461538462,2470.511661538462,2500.780107692308,0
593.868,624.1364461538462,2500.780107692308,2531.048553846154,0
593.868,624.1364461538462,2531.048553846154,2561.317,0
624.1364461538462,654.4048923076923,593.868,624.1364461538462,0
624.1364461538462,654.4048923076923,624.1364461538462,654.4048923076923,0
624.1364461538462,654.4048923076923,654.4048923076923,684.6733384615385,0
624.1364461538462,654.4048923076923,684.6733384615385,714.9417846153847,2
624.1364461538462,654.4048923076923,714.9417846153847,745.2102307692309,13
624.1364461538462,654.4048923076923,745.2102307692309,775.478676923077,25
624.1364461538462,654.4048923076923,775.478676923077,805.7471230769231,5
624.1364461538462,654.4048923076923,805.7471230769231,836.0155692307693,0
624.1364461538462,654.4048923076923,836.0155692307693,866.2840153846155,0
624.1364461538462,654.4048923076923,866.2840153846155,896.5524615384616,0
624.1364461538462,654.4048923076923,896.5524615384616,926.8209076923077,0
624.1364461538462,654.4048923076923,926.8209076923077,957.0893538461539,0
624.1364461538462,654.4048923076923,957.0893538461539,987.3578000000001,0
624.1364461538462,654.4048923076923,987.3578000000001,1017.6262461538463,0
624.1364461538462,654.4048923076923,1017.6262461538463,1047.8946923076924,0
624.1364461538462,654.4048923076923,1047.8946923076924,1078.1631384615384,0
624.1364461538462,654.4048923076923,1078.1631384615384,1108.4315846153847,0
624.1364461538462,654.4048923076923,1108.4315846153847,1138.700030769231,0
624.1364461538462,654.4048923076923,1138.700030769231,1168.968476923077,0
624.1364461538462,654.4048923076923,1168.968476923077,1199.2369230769232,0
624.1364461538462,654.4048923076923,1199.2369230769232,1229.5053692307692,0
624.1364461538462,654.4048923076923,1229.5053692307692,1259.7738153846153,0
624.1364461538462,654.4048923076923,1259.7738153846153,1290.0422615384616,0
624.1364461538462,654.4048923076923,1290.0422615384616,1320.310707692308,0
624.1364461538462,654.4048923076923,1320.310707692308,1350.579153846154,0
624.1364461538462,654.4048923076923,1350.579153846154,1380.8476,0
624.1364461538462,654.4048923076923,1380.8476,1411.1160461538461,0
624.1364461538462,654.4048923076923,1411.1160461538461,1441.3844923076924,0
624.1364461538462,654.4048923076923,1441.3844923076924,1471.6529384615387,0
624.1364461538462,654.4048923076923,1471.6529384615387,1501.9213846153848,0
624.1364461538462,654.4048923076923,1501.9213846153848,1532.1898307692309,0
624.1364461538462,654.4048923076923,1532.1898307692309,1562.458276923077,0
624.1364461538462,654.4048923076923,1562.458276923077,1592.7267230769232,0
624.1364461538462,654.4048923076923,1592.7267230769232,1622.9951692307695,0
624.1364461538462,654.4048923076923,1622.9951692307695,1653.2636153846156,0
624.1364461538462,654.4048923076923,1653.2636153846156,1683.5320615384617,0
624.1364461538462,654.4048923076923,1683.5320615384617,1713.8005076923077,0
624.1364461538462,654.4048923076923,1713.8005076923077,1744.0689538461538,0
624.1364461538462,654.4048923076923,1744.0689538461538,1774.3374000000003,0
624.1364461538462,654.4048923076923,1774.3374000000003,1804.6058461538464,0
624.1364461538462,654.4048923076923,1804.6058461538464,1834.8742923076925,0
624.1364461538462,654.4048923076923,1834.8742923076925,1865.1427384615386,0
624.1364461538462,654.4048923076923,1865.1427384615386,1895.4111846153846,0
624.1364461538462,654.4048923076923,1895.4111846153846,1925.6796307692307,0
624.1364461538462,654.4048923076923,1925.6796307692307,1955.9480769230772,0
624.1364461538462,654.4048923076923,1955.9480769230772,1986.2165230769233,0
624.1364461538462,654.4048923076923,1986.2165230769233,2016.4849692307694,0
624.1364461538462,654.4048923076923,2016.4849692307694,2046.7534153846154,0
624.1364461538462,654.4048923076923,2046.7534153846154,2077.0218615384615,0
624.1364461538462,654.4048923076923,2077.0218615384615,2107.290307692308,0
624.1364461538462,654.4048923076923,2107.290307692308,2137.558753846154,0
624.1364461538462,654.4048923076923,2137.558753846154,2167.8272,0
624.1364461538462,654.4048923076923,2167.8272,2198.0956461538462,0
624.1364461538462,654.4048923076923,2198.0956461538462,2228.3640923076923,0
624.1364461538462,654.4048923076923,2228.3640923076923,2258.632538461539,0
624.1364461538462,654.4048923076923,2258.632538461539,2288.900984615385,0
624.1364461538462,654.4048923076923,2288.900984615385,2319.169430769231,0
624.1364461538462,654.4048923076923,2319.169430769231,2349.437876923077,0
624.1364461538462,654.4048923076923,2349.437876923077,2379.706323076923,0
624.1364461538462,654.4048923076923,2379.706323076923,2409.974769230769,0
624.1364461538462,654.4048923076923,2409.974769230769,2440.2432153846157,0
624.1364461538462,654.4048923076923,2440.2432153846157,2470.511661538462,0
624.1364461538462,654.4048923076923,2470.511661538462,2500.780107692308,0
624.1364461538462,654.4048923076923,2500.780107692308,2531.048553846154,0
624.1364461538462,654.4048923076923,2531.048553846154,2561.317,0
654.4048923076923,684.6733384615385,593.868,624.1364461538462,0
654.4048923076923,684.6733384615385,624.1364461538462,654.4048923076923,0
654.4048923076923,684.6733384615385,654.4048923076923,684.6733384615385,0
654.4048923076923,684.6733384615385,684.6733384615385,714.9417846153847,6
654.4048923076923,684.6733384615385,714.9417846153847,745.2102307692309,18
654.4048923076923,684.6733384615385,745.2102307692309,775.478676923077,22
654.4048923076923,684.6733384615385,775.478676923077,805.7471230769231,24
654.4048923076923,684.6733384615385,805.7471230769231,836.0155692307693,0
654.4048923076923,684.6733384615385,836.0155692307693,866.2840153846155,0
654.4048923076923,684.6733384615385,866.2840153846155,896.5524615384616,0
654.4048923076923,684.6733384615385,896.5524615384616,926.8209076923077,0
654.4048923076923,684.6733384615385,926.8209076923077,957.0893538461539,4
654.4048923076923,684.6733384615385,957.0893538461539,987.3578000000001,0
654.4048923076923,684.6733384615385,987.3578000000001,1017.6262461538463,0
654.4048923076923,684.6733384615385,1017.6262461538463,1047.8946923076924,0
654.4048923076923,684.6733384615385,1047.8946923076924,1078.1631384615384,0
654.4048923076923,684.6733384615385,1078.1631384615384,1108.4315846153847,0
654.4048923076923,684.6733384615385,1108.4315846153847,1138.700030769231,0
654.4048923076923,684.6733384615385,1138.700030769231,1168.968476923077,0
654.4048923076923,684.6733384615385,1168.968476923077,1199.2369230769232,0
654.4048923076923,684.6733384615385,1199.2369230769232,1229.5053692307692,0
654.4048923076923,684.6733384615385,1229.5053692307692,1259.7738153846153,0
654.4048923076923,684.6733384615385,1259.7738153846153,1290.0422615384616,0
654.4048923076923,684.6733384615385,1290.0422615384616,1320.310707692308,0
654.4048923076923,684.6733384615385,1320.310707692308,1350.579153846154,0
654.4048923076923,684.6733384615385,1350.579153846154,1380.8476,0
654.4048923076923,684.6733384615385,1380.8476,1411.1160461538461,0
654.4048923076923,684.6733384615385,1411.1160461538461,1441.3844923076924,0
654.4048923076923,684.6733384615385,1441.3844923076924,1471.6529384615387,0
654.4048923076923,684.6733384615385,1471.6529384615387,1501.9213846153848,0
654.4048923076923,684.6733384615385,1501.9213846153848,1532.1898307692309,0
654.4048923076923,684.6733384615385,1532.1898307692309,1562.458276923077,0
654.4048923076923,684.6733384615385,1562.458276923077,1592.7267230769232,0
654.4048923076923,684.6733384615385,1592.7267230769232,1622.9951692307695,0
654.4048923076923,684.6733384615385,1622.9951692307695,1653.2636153846156,0
654.4048923076923,684.6733384615385,1653.2636153846156,1683.5320615384617,0
654.4048923076923,684.6733384615385,1683.5320615384617,1713.8005076923077,0
654.4048923076923,684.6733384615385,1713.8005076923077,1744.0689538461538,0
654.4048923076923,684.6733384615385,1744.0689538461538,1774.3374000000003,0
654.4048923076923,684.6733384615385,1774.3374000000003,1804.6058461538464,0
654.4048923076923,684.6733384615385,1804.6058461538464,1834.8742923076925,0
654.4048923076923,684.6733384615385,1834.8742923076925,1865.1427384615386,0
654.4048923076923,684.6733384615385,1865.1427384615386,1895.4111846153846,0
654.4048923076923,684.6733384615385,1895.4111846153846,1925.6796307692307,0
654.4048923076923,684.6733384615385,1925.6796307692307,1955.9480769230772,0
654.4048923076923,684.6733384615385,1955.9480769230772,1986.2165230769233,0
654.4048923076923,684.6733384615385,1986.2165230769233,2016.4849692307694,0
654.4048923076923,684.6733384615385,2016.4849692307694,2046.7534153846154,0
654.4048923076923,684.6733384615385,2046.7534153846154,2077.0218615384615,0
654.4048923076923,684.6733384615385,2077.0218615384615,2107.290307692308,0
654.4048923076923,684.6733384615385,2107.290307692308,2137.558753846154,0
654.4048923076923,684.6733384615385,2137.558753846154,2167.8272,0
654.4048923076923,684.6733384615385,2167.8272,2198.0956461538462,0
654.4048923076923,684.6733384615385,2198.0956461538462,2228.3640923076923,0
654.4048923076923,684.6733384615385,2228.3640923076923,2258.632538461539,0
654.4048923076923,684.6733384615385,2258.632538461539,2288.900984615385,0
654.4048923076923,684.6733384615385,2288.900984615385,2319.169430769231,0
654.4048923076923,684.6733384615385,2319.169430769231,2349.437876923077,0
654.4048923076923,684.6733384615385,2349.437876923077,2379.706323076923,0
654.4048923076923,684.6733384615385,2379.706323076923,2409.974769230769,0
654.4048923076923,684.6733384615385,2409.974769230769,2440.2432153846157,0
654.4048923076923,684.6733384615385,2440.2432153846157,2470.511661538462,0
654.4048923076923,684.6733384615385,2470.511661538462,2500.780107692308,0
654.4048923076923,684.6733384615385,2500.780107692308,2531.048553846154,0
654.4048923076923,684.6733384615385,2531.048553846154,2561.317,0
684.6733384615385,714.9417846153847,593.868,624.1364461538462,0
684.6733384615385,714.9417846153847,624.1364461538462,654.4048923076923,0
684.6733384615385,714.9417846153847,654.4048923076923,684.6733384615385,0
684.6733384615385,714.9417846153847,684.6733384615385,714.9417846153847,11
684.6733384615385,714.9417846153847,714.9417846153847,745.2102307692309,9
684.6733384615385,714.9417846153847,745.2102307692309,775.478676923077,12
684.6733384615385,714.9417846153847,775.478676923077,805.7471230769231,23
684.6733384615385,714.9417846153847,805.7471230769231,836.0155692307693,0
684.6733384615385,714.9417846153847,836.0155692307693,866.2840153846155,0
684.6733384615385,714.9417846153847,866.2840153846155,896.5524615384616,0
684.6733384615385,714.9417846153847,896.5524615384616,926.8209076923077,4
684.6733384615385,714.9417846153847,926.8209076923077,957.0893538461539,1
684.6733384615385,714.9417846153847,957.0893538461539,987.3578000000001,0
684.6733384615385,714.9417846153847,987.3578000000001,1017.6262461538463,0
684.6733384615385,714.9417846153847,1017.6262461538463,1047.8946923076924,0
684.6733384615385,714.9417846153847,1047.8946923076924,1078.1631384615384,3
684.6733384615385,714.9417846153847,1078.1631384615384,1108.4315846153847,0
684.6733384615385,714.9417846153847,1108.4315846153847,1138.700030769231,0
684.6733384615385,714.9417846153847,1138.700030769231,1168.968476923077,0
684.6733384615385,714.9417846153847,1168.968476923077,1199.2369230769232,0
684.6733384615385,714.9417846153847,1199.2369230769232,1229.5053692307692,0
684.6733384615385,714.9417846153847,1229.5053692307692,1259.7738153846153,0
684.6733384615385,714.9417846153847,1259.7738153846153,1290.0422615384616,0
684.6733384615385,714.9417846153847,1290.0422615384616,1320.310707692308,0
684.6733384615385,714.9417846153847,1320.310707692308,1350.579153846154,0
684.6733384615385,714.9417846153847,1350.579153846154,1380.8476,0
684.6733384615385,714.9417846153847,1380.8476,1411.1160461538461,0
684.6733384615385,714.9417846153847,1411.1160461538461,1441.3844923076924,0
684.6733384615385,714.9417846153847,1441.3844923076924,1471.6529384615387,0
684.6733384615385,714.9417846153847,1471.6529384615387,1501.9213846153848,0
684.6733384615385,714.9417846153847,1501.9213846153848,1532.1898307692309,0
684.6733384615385,714.9417846153847,1532.1898307692309,1562.458276923077,0
684.6733384615385,714.9417846153847,1562.458276923077,1592.7267230769232,0
684.6733384615385,714.9417846153847,1592.7267230769232,1622.9951692307695,0
684.6733384615385,714.9417846153847,1622.9951692307695,1653.2636153846156,0
684.6733384615385,714.9417846153847,1653.2636153846156,1683.5320615384617,0
684.6733384615385,714.9417846153847,1683.5320615384617,1713.8005076923077,0
684.6733384615385,714.9417846153847,1713.8005076923077,1744.0689538461538,0
684.6733384615385,714.9417846153847,1744.0689538461538,1774.3374000000003,0
684.6733384615385,714.9417846153847,1774.3374000000003,1804.6058461538464,0
684.6733384615385,714.9417846153847,1804.6058461538464,1834.8742923076925,0
684.6733384615385,714.9417846153847,1834.8742923076925,1865.1427384615386,0
684.6733384615385,714.9417846153847,1865.1427384615386,1895.4111846153846,0
684.6733384615385,714.9417846153847,1895.4111846153846,1925.6796307692307,0
684.6733384615385,714.9417846153847,1925.6796307692307,1955.9480769230772,0
684.6733384615385,714.9417846153847,1955.9480769230772,1986.2165230769233,0
684.6733384615385,714.9417846153847,1986.2165230769233,2016.4849692307694,0
684.6733384615385,714.9417846153847,2016.4849692307694,2046.7534153846154,0
684.6733384615385,714.9417846153847,2046.7534153846154,2077.0218615384615,0
684.6733384615385,714.9417846153847,2077.0218615384615,2107.290307692308,0
684.6733384615385,714.9417846153847,2107.290307692308,2137.558753846154,0
684.6733384615385,714.9417846153847,2137.558753846154,2167.8272,0
684.6733384615385,714.9417846153847,2167.8272,2198.0956461538462,0
684.6733384615385,714.9417846153847,2198.0956461538462,2228.3640923076923,0
684.6733384615385,714.9417846153847,2228.3640923076923,2258.632538461539,0
684.6733384615385,714.9417846153847,2258.632538461539,2288.900984615385,0
684.6733384615385,714.9417846153847,2288.900984615385,2319.169430769231,0
684.6733384615385,714.9417846153847,2319.169430769231,2349.437876923077,0
684.6733384615385,714.9417846153847,2349.437876923077,2379.706323076923,0
684.6733384615385,714.9417846153847,2379.706323076923,2409.974769230769,0
684.6733384615385,714.9417846153847,2409.974769230769,2440.2432153846157,0
684.6733384615385,714.9417846153847,2440.2432153846157,2470.511661538462,0
684.6733384615385,714.9417846153847,2470.511661538462,2500.780107692308,0
684.6733384615385,714.9417846153847,2500.780107692308,2531.048553846154,0
684.6733384615385,714.9417846153847,2531.048553846154,2561.317,0
714.9417846153847,745.2102307692309,593.868,624.1364461538462,0
714.9417846153847,745.2102307692309,624.1364461538462,654.4048923076923,0
714.9417846153847,745.2102307692309,654.4048923076923,684.6733384615385,0
714.9417846153847,745.2102307692309,684.6733384615385,714.9417846153847,14
714.9417846153847,745.2102307692309,714.9417846153847,745.2102307692309,2
714.9417846153847,745.2102307692309,745.2102307692309,775.478676923077,13
714.9417846153847,745.2102307692309,775.478676923077,805.7471230769231,10
714.9417846153847,745.2102307692309,805.7471230769231,836.0155692307693,0
714.9417846153847,745.2102307692309,836.0155692307693,866.2840153846155,0
714.9417846153847,745.2102307692309,866.2840153846155,896.5524615384616,0
714.9417846153847,745.2102307692309,896.5524615384616,926.8209076923077,10
714.9417846153847,745.2102307692309,926.8209076923077,957.0893538461539,2
714.9417846153847,745.2102307692309,957.0893538461539,987.3578000000001,1
714.9417846153847,745.2102307692309,987.3578000000001,1017.6262461538463,3
714.9417846153847,745.2102307692309,1017.6262461538463,1047.8946923076924,5
714.9417846153847,745.2102307692309,1047.8946923076924,1078.1631384615384,4
714.9417846153847,745.2102307692309,1078.1631384615384,1108.4315846153847,4
714.9417846153847,745.2102307692309,1108.4315846153847,1138.700030769231,0
714.9417846153847,745.2102307692309,1138.700030769231,1168.968476923077,0
714.9417846153847,745.2102307692309,1168.968476923077,1199.2369230769232,0
714.9417846153847,745.2102307692309,1199.2369230769232,1229.5053692307692,0
714.9417846153847,745.2102307692309,1229.5053692307692,1259.7738153846153,0
714.9417846153847,745.2102307692309,1259.7738153846153,1290.0422615384616,0
714.9417846153847,745.2102307692309,1290.0422615384616,1320.310707692308,0
714.9417846153847,745.2102307692309,1320.310707692308,1350.579153846154,0
714.9417846153847,745.2102307692309,1350.579153846154,1380.8476,0
714.9417846153847,745.2102307692309,1380.8476,1411.1160461538461,0
714.9417846153847,745.2102307692309,1411.1160461538461,1441.3844923076924,0
714.9417846153847,745.2102307692309,1441.3844923076924,1471.6529384615387,0
714.9417846153847,745.2102307692309,1471.6529384615387,1501.9213846153848,0
714.9417846153847,745.2102307692309,1501.9213846153848,1532.1898307692309,0
714.9417846153847,745.2102307692309,1532.1898307692309,1562.458276923077,0
714.9417846153847,745.2102307692309,1562.458276923077,1592.7267230769232,0
714.9417846153847,745.2102307692309,1592.7267230769232,1622.9951692307695,0
714.9417846153847,745.2102307692309,1622.9951692307695,1653.2636153846156,0
714.9417846153847,745.2102307692309,1653.2636153846156,1683.5320615384617,0
714.9417846153847,745.2102307692309,1683.5320615384617,1713.8005076923077,0
714.9417846153847,745.2102307692309,1713.8005076923077,1744.0689538461538,0
714.9417846153847,745.2102307692309,1744.0689538461538,1774.3374000000003,0
714.9417846153847,745.2102307692309,1774.3374000000003,1804.6058461538464,0
714.9417846153847,745.2102307692309,1804.6058461538464,1834.8742923076925,0
714.9417846153847,745.2102307692309,1834.8742923076925,1865.1427384615386,0
714.9417846153847,745.2102307692309,1865.1427384615386,1895.4111846153846,0
714.9417846153847,745.2102307692309,1895.4111846153846,1925.6796307692307,0
714.9417846153847,745.2102307692309,1925.6796307692307,1955.9480769230772,0
714.9417846153847,745.2102307692309,1955.9480769230772,1986.2165230769233,0
714.9417846153847,745.2102307692309,1986.2165230769233,2016.4849692307694,0
714.9417846153847,745.2102307692309,2016.4849692307694,2046.7534153846154,0
714.9417846153847,745.2102307692309,2046.7534153846154,2077.0218615384615,0
714.9417846153847,745.2102307692309,2077.0218615384615,2107.290307692308,0
714.9417846153847,745.2102307692309,2107.290307692308,2137.558753846154,0
714.9417846153847,745.2102307692309,2137.558753846154,2167.8272,0
714.9417846153847,745.2102307692309,2167.8272,2198.0956461538462,0
714.9417846153847,745.2102307692309,2198.0956461538462,2228.3640923076923,0
714.9417846153847,745.2102307692309,2228.3640923076923,2258.632538461539,0
714.9417846153847,745.2102307692309,2258.632538461539,2288.900984615385,0
714.9417846153847,745.2102307692309,2288.900984615385,2319.169430769231,0
714.9417846153847,745.2102307692309,2319.169430769231,2349.437876923077,0
714.9417846153847,745.2102307692309,2349.437876923077,2379.706323076923,0
714.9417846153847,745.2102307692309,2379.706323076923,2409.974769230769,0
714.9417846153847,745.2102307692309,2409.974769230769,2440.2432153846157,0
714.9417846153847,745.2102307692309,2440.2432153846157,2470.511661538462,0
714.9417846153847,745.2102307692309,2470.511661538462,2500.780107692308,0
714.9417846153847,745.2102307692309,2500.780107692308,2531.048553846154,0
714.9417846153847,745.2102307692309,2531.048553846154,2561.317,0
745.2102307692309,775.478676923077,593.868,624.1364461538462,0
745.2102307692309,775.478676923077,624.1364461538462,654.4048923076923,0
745.2102307692309,775.478676923077,654.4048923076923,684.6733384615385,0
745.2102307692309,775.478676923077,684.6733384615385,714.9417846153847,29
745.2102307692309,775.478676923077,714.9417846153847,745.2102307692309,7
745.2102307692309,775.478676923077,745.2102307692309,775.478676923077,2
745.2102307692309,775.478676923077,775.478676923077,805.7471230769231,14
745.2102307692309,775.478676923077,805.7471230769231,836.0155692307693,0
745.2102307692309,775.478676923077,836.0155692307693,866.2840153846155,0
745.2102307692309,775.478676923077,866.2840153846155,896.5524615384616,3
745.2102307692309,775.478676923077,896.5524615384616,926.8209076923077,11
745.2102307692309,775.478676923077,926.8209076923077,957.0893538461539,4
745.2102307692309,775.478676923077,957.0893538461539,987.3578000000001,0
745.2102307692309,775.478676923077,987.3578000000001,1017.6262461538463,0
745.2102307692309,775.478676923077,1017.6262461538463,1047.8946923076924,3
745.2102307692309,775.478676923077,1047.8946923076924,1078.1631384615384,0
745.2102307692309,775.478676923077,1078.1631384615384,1108.4315846153847,2
745.2102307692309,775.478676923077,1108.4315846153847,1138.700030769231,0
745.2102307692309,775.478676923077,1138.700030769231,1168.968476923077,0
745.2102307692309,775.478676923077,1168.968476923077,1199.2369230769232,0
745.2102307692309,775.478676923077,1199.2369230769232,1229.5053692307692,0
745.2102307692309,775.478676923077,1229.5053692307692,1259.7738153846153,0
745.2102307692309,775.478676923077,1259.7738153846153,1290.0422615384616,0
745.2102307692309,775.478676923077,1290.0422615384616,1320.310707692308,0
745.2102307692309,775.478676923077,1320.310707692308,1350.579153846154,0
745.2102307692309,775.478676923077,1350.579153846154,1380.8476,0
745.2102307692309,775.478676923077,1380.8476,1411.1160461538461,0
745.2102307692309,775.478676923077,1411.1160461538461,1441.3844923076924,0
745.2102307692309,775.478676923077,1441.3844923076924,1471.6529384615387,0
745.2102307692309,775.478676923077,1471.6529384615387,1501.9213846153848,0
745.2102307692309,775.478676923077,1501.9213846153848,1532.1898307692309,0
745.2102307692309,775.478676923077,1532.1898307692309,1562.458276923077,0
745.2102307692309,775.478676923077,1562.458276923077,1592.7267230769232,0
745.2102307692309,775.478676923077,1592.7267230769232,1622.9951692307695,0
745.2102307692309,775.478676923077,1622.9951692307695,1653.2636153846156,0
745.2102307692309,775.478676923077,1653.2636153846156,1683.5320615384617,0
745.2102307692309,775.478676923077,1683.5320615384617,1713.8005076923077,0
745.2102307692309,775.478676923077,1713.8005076923077,1744.0689538461538,0
745.2102307692309,775.478676923077,1744.0689538461538,1774.3374000000003,0
745.2102307692309,775.478676923077,1774.3374000000003,1804.6058461538464,0
745.2102307692309,775.478676923077,1804.6058461538464,1834.8742923076925,0
745.2102307692309,775.478676923077,1834.8742923076925,1865.1427384615386,0
745.2102307692309,775.478676923077,1865.1427384615386,1895.4111846153846,0
745.2102307692309,775.478676923077,1895.4111846153846,1925.6796307692307,0
745.2102307692309,775.478676923077,1925.6796307692307,1955.9480769230772,0
745.2102307692309,775.478676923077,1955.9480769230772,1986.2165230769233,0
745.2102307692309,775.478676923077,1986.2165230769233,2016.4849692307694,0
745.2102307692309,775.478676923077,2016.4849692307694,2046.7534153846154,0
745.2102307692309,775.478676923077,2046.7534153846154,2077.0218615384615,0
745.2102307692309,775.478676923077,2077.0218615384615,2107.290307692308,0
745.2102307692309,775.478676923077,2107.290307692308,2137.558753846154,0
745.2102307692309,775.478676923077,2137.558753846154,2167.8272,0
745.2102307692309,775.478676923077,2167.8272,2198.0956461538462,0
745.2102307692309,775.478676923077,2198.0956461538462,2228.3640923076923,0
745.2102307692309,775.478676923077,2228.3640923076923,2258.632538461539,0
745.2102307692309,775.478676923077,2258.632538461539,2288.900984615385,0
745.2102307692309,775.478676923077,2288.900984615385,2319.169430769231,0
745.2102307692309,775.478676923077,2319.169430769231,2349.437876923077,0
745.2102307692309,775.478676923077,2349.437876923077,2379.706323076923,0
745.2102307692309,775.478676923077,2379.706323076923,2409.974769230769,0
745.2102307692309,775.478676923077,2409.974769230769,2440.2432153846157,0
745.2102307692309,775.478676923077,2440.2432153846157,2470.511661538462,0
745.2102307692309,775.478676923077,2470.511661538462,2500.780107692308,0
745.2102307692309,775.478676923077,2500.780107692308,2531.048553846154,0
745.2102307692309,775.478676923077,2531.048553846154,2561.317,0
775.478676923077,805.7471230769231,593.868,624.1364461538462,0
775.478676923077,805.7471230769231,624.1364461538462,654.4048923076923,0
775.478676923077,805.7471230769231,654.4048923076923,684.6733384615385,0
775.478676923077,805.7471230769231,684.6733384615385,714.9417846153847,14
775.478676923077,805.7471230769231,714.9417846153847,745.2102307692309,6
775.478676923077,805.7471230769231,745.2102307692309,775.478676923077,10
775.478676923077,805.7471230769231,775.478676923077,805.7471230769231,18
775.478676923077,805.7471230769231,805.7471230769231,836.0155692307693,0
775.478676923077,805.7471230769231,836.0155692307693,866.2840153846155,0
775.478676923077,805.7471230769231,866.2840153846155,896.5524615384616,0
775.478676923077,805.7471230769231,896.5524615384616,926.8209076923077,7
775.478676923077,805.7471230769231,926.8209076923077,957.0893538461539,3
775.478676923077,805.7471230769231,957.0893538461539,987.3578000000001,3
775.478676923077,805.7471230769231,987.3578000000001,1017.6262461538463,1
775.478676923077,805.7471230769231,1017.6262461538463,1047.8946923076924,3
775.478676923077,805.7471230769231,1047.8946923076924,1078.1631384615384,0
775.478676923077,805.7471230769231,1078.1631384615384,1108.4315846153847,0
775.478676923077,805.7471230769231,1108.4315846153847,1138.700030769231,0
775.478676923077,805.7471230769231,1138.700030769231,1168.968476923077,0
775.478676923077,805.7471230769231,1168.968476923077,1199.2369230769232,2
775.478676923077,805.7471230769231,1199.2369230769232,1229.5053692307692,0
775.478676923077,805.7471230769231,1229.5053692307692,1259.7738153846153,0
775.478676923077,805.7471230769231,1259.7738153846153,1290.0422615384616,0
775.478676923077,805.7471230769231,1290.0422615384616,1320.310707692308,0
775.478676923077,805.7471230769231,1320.310707692308,1350.579153846154,0
775.478676923077,805.7471230769231,1350.579153846154,1380.8476,0
775.478676923077,805.7471230769231,1380.8476,1411.1160461538461,0
775.478676923077,805.7471230769231,1411.1160461538461,1441.3844923076924,0
775.478676923077,805.7471230769231,1441.3844923076924,1471.6529384615387,0
775.478676923077,805.7471230769231,1471.6529384615387,1501.9213846153848,0
775.478676923077,805.7471230769231,1501.9213846153848,1532.1898307692309,0
775.478676923077,805.7471230769231,1532.1898307692309,1562.458276923077,0
775.478676923077,805.7471230769231,1562.458276923077,1592.7267230769232,0
775.478676923077,805.7471230769231,1592.7267230769232,1622.9951692307695,0
775.478676923077,805.7471230769231,1622.9951692307695,1653.2636153846156,0
775.478676923077,805.7471230769231,1653.2636153846156,1683.5320615384617,0
775.478676923077,805.7471230769231,1683.5320615384617,1713.8005076923077,0
775.478676923077,805.7471230769231,1713.8005076923077,1744.0689538461538,0
775.478676923077,805.7471230769231,1744.0689538461538,1774.3374000000003,0
775.478676923077,805.7471230769231,1774.3374000000003,1804.6058461538464,0
775.478676923077,805.7471230769231,1804.6058461538464,1834.8742923076925,0
775.478676923077,805.7471230769231,1834.8742923076925,1865.1427384615386,0
775.478676923077,805.7471230769231,1865.1427384615386,1895.4111846153846,0
775.478676923077,805.7471230769231,1895.4111846153846,1925.6796307692307,0
775.478676923077,805.7471230769231,1925.6796307692307,1955.9480769230772,0
775.478676923077,805.7471230769231,1955.9480769230772,1986.2165230769233,0
775.478676923077,805.7471230769231,1986.2165230769233,2016.4849692307694,0
775.478676923077,805.7471230769231,2016.4849692307694,2046.7534153846154,0
775.478676923077,805.7471230769231,2046.7534153846154,2077.0218615384615,0
775.478676923077,805.7471230769231,2077.0218615384615,2107.290307692308,0
775.478676923077,805.7471230769231,2107.290307692308,2137.558753846154,0
775.478676923077,805.7471230769231,2137.558753846154,2167.8272,0
775.478676923077,805.7471230769231,2167.8272,2198.0956461538462,0
775.478676923077,805.7471230769231,2198.0956461538462,2228.3640923076923,0
775.478676923077,805.7471230769231,2228.3640923076923,2258.632538461539,0
775.478676923077,805.7471230769231,2258.632538461539,2288.900984615385,0
775.478676923077,805.7471230769231,2288.900984615385,2319.169430769231,0
775.478676923077,805.7471230769231,2319.169430769231,2349.437876923077,0
775.478676923077,805.7471230769231,2349.437876923077,2379.706323076923,0
775.478676923077,805.7471230769231,2379.706323076923,2409.974769230769,0
775.478676923077,805.7471230769231,2409.974769230769,2440.2432153846157,0
775.478676923077,805.7471230769231,2440.2432153846157,2470.511661538462,0
775.478676923077,805.7471230769231,2470.511661538462,2500.780107692308,0
775.478676923077,805.7471230769231,2500.780107692308,2531.048553846154,0
775.478676923077,805.7471230769231,2531.048553846154,2561.317,0
805.7471230769231,836.0155692307693,593.868,624.1364461538462,0
805.7471230769231,836.0155692307693,624.1364461538462,654.4048923076923,0
805.7471230769231,836.0155692307693,654.4048923076923,684.6733384615385,6
805.7471230769231,836.0155692307693,684.6733384615385,714.9417846153847,45
805.7471230769231,836.0155692307693,714.9417846153847,745.2102307692309,41
805.7471230769231,836.0155692307693,745.2102307692309,775.478676923077,390
805.7471230769231,836.0155692307693,775.478676923077,805.7471230769231,87
805.7471230769231,836.0155692307693,805.7471230769231,836.0155692307693,2
805.7471230769231,836.0155692307693,836.0155692307693,866.2840153846155,0
805.7471230769231,836.0155692307693,866.2840153846155,896.5524615384616,1
805.7471230769231,836.0155692307693,896.5524615384616,926.8209076923077,5
805.7471230769231,836.0155692307693,926.8209076923077,957.0893538461539,4
805.7471230769231,836.0155692307693,957.0893538461539,987.3578000000001,2
805.7471230769231,836.0155692307693,987.3578000000001,1017.6262461538463,2
805.7471230769231,836.0155692307693,1017.6262461538463,1047.8946923076924,2
805.7471230769231,836.0155692307693,1047.8946923076924,1078.1631384615384,3
805.7471230769231,836.0155692307693,1078.1631384615384,1108.4315846153847,1
805.7471230769231,836.0155692307693,1108.4315846153847,1138.700030769231,0
805.7471230769231,836.0155692307693,1138.700030769231,1168.968476923077,0
805.7471230769231,836.0155692307693,1168.968476923077,1199.2369230769232,0
805.7471230769231,836.0155692307693,1199.2369230769232,1229.5053692307692,0
805.7471230769231,836.0155692307693,1229.5053692307692,1259.7738153846153,0
805.7471230769231,836.0155692307693,1259.7738153846153,1290.0422615384616,0
805.7471230769231,836.0155692307693,1290.0422615384616,1320.310707692308,0
805.7471230769231,836.0155692307693,1320.310707692308,1350.579153846154,0
805.7471230769231,836.0155692307693,1350.579153846154,1380.8476,0
805.7471230769231,836.0155692307693,1380.8476,1411.1160461538461,0
805.7471230769231,836.0155692307693,1411.1160461538461,1441.3844923076924,0
805.7471230769231,836.0155692307693,1441.3844923076924,1471.6529384615387,0
805.7471230769231,836.0155692307693,1471.6529384615387,1501.9213846153848,0
805.7471230769231,836.0155692307693,1501.9213846153848,1532.1898307692309,0
805.7471230769231,836.0155692307693,1532.1898307692309,1562.458276923077,0
805.7471230769231,836.0155692307693,1562.458276923077,1592.7267230769232,0
805.7471230769231,836.0155692307693,1592.7267230769232,1622.9951692307695,0
805.7471230769231,836.0155692307693,1622.9951692307695,1653.2636153846156,0
805.7471230769231,836.0155692307693,1653.2636153846156,1683.5320615384617,0
805.7471230769231,836.0155692307693,1683.5320615384617,1713.8005076923077,0
805.7471230769231,836.0155692307693,1713.8005076923077,1744.0689538461538,0
805.7471230769231,836.0155692307693,1744.0689538461538,1774.3374000000003,0
805.7471230769231,836.0155692307693,1774.3374000000003,1804.6058461538464,0
805.7471230769231,836.0155692307693,1804.6058461538464,1834.8742923076925,0
805.7471230769231,836.0155692307693,1834.8742923076925,1865.1427384615386,0
805.7471230769231,836.0155692307693,1865.1427384615386,1895.4111846153846,0
805.7471230769231,836.0155692307693,1895.4111846153846,1925.6796307692307,0
805.7471230769231,836.0155692307693,1925.6796307692307,1955.9480769230772,0
805.7471230769231,836.0155692307693,1955.9480769230772,1986.2165230769233,0
805.7471230769231,836.0155692307693,1986.2165230769233,2016.4849692307694,0
805.7471230769231,836.0155692307693,2016.4849692307694,2046.7534153846154,0
805.7471230769231,836.0155692307693,2046.7534153846154,2077.0218615384615,0
805.7471230769231,836.0155692307693,2077.0218615384615,2107.290307692308,0
805.7471230769231,836.0155692307693,2107.290307692308,2137.558753846154,0
805.7471230769231,836.0155692307693,2137.558753846154,2167.8272,0
805.7471230769231,836.0155692307693,2167.8272,2198.0956461538462,0
805.7471230769231,836.0155692307693,2198.0956461538462,2228.3640923076923,0
805.7471230769231,836.0155692307693,2228.3640923076923,2258.632538461539,0
805.7471230769231,836.0155692307693,2258.632538461539,2288.900984615385,0
805.7471230769231,836.0155692307693,2288.900984615385,2319.169430769231,0
805.7471230769231,836.0155692307693,2319.169430769231,2349.437876923077,0
805.7471230769231,836.0155692307693,2349.437876923077,2379.706323076923,0
805.7471230769231,836.0155692307693,2379.706323076923,2409.974769230769,0
805.7471230769231,836.0155692307693,2409.974769230769,2440.2432153846157,0
805.7471230769231,836.0155692307693,2440.2432153846157,2470.511661538462,0
805.7471230769231,836.0155692307693,2470.511661538462,2500.780107692308,0
805.7471230769231,836.0155692307693,2500.780107692308,2531.048553846154,0
805.7471230769231,836.0155692307693,2531.048553846154,2561.317,0
836.0155692307693,866.2840153846155,593.868,624.1364461538462,0
836.0155692307693,866.2840153846155,624.1364461538462,654.4048923076923,0
836.0155692307693,866.2840153846155,654.4048923076923,684.6733384615385,51
836.0155692307693,866.2840153846155,684.6733384615385,714.9417846153847,89
836.0155692307693,866.2840153846155,714.9417846153847,745.2102307692309,142
836.0155692307693,866.2840153846155,745.2102307692309,775.478676923077,311
836.0155692307693,866.2840153846155,775.478676923077,805.7471230769231,325
836.0155692307693,866.2840153846155,805.7471230769231,836.0155692307693,7
836.0155692307693,866.2840153846155,836.0155692307693,866.2840153846155,3
836.0155692307693,866.2840153846155,866.2840153846155,896.5524615384616,5
836.0155692307693,866.2840153846155,896.5524615384616,926.8209076923077,3
836.0155692307693,866.2840153846155,926.8209076923077,957.0893538461539,5
836.0155692307693,866.2840153846155,957.0893538461539,987.3578000000001,3
836.0155692307693,866.2840153846155,987.3578000000001,1017.6262461538463,3
836.0155692307693,866.2840153846155,1017.6262461538463,1047.8946923076924,6
836.0155692307693,866.2840153846155,1047.8946923076924,1078.1631384615384,1
836.0155692307693,866.2840153846155,1078.1631384615384,1108.4315846153847,0
836.0155692307693,866.2840153846155,1108.4315846153847,1138.700030769231,0
836.0155692307693,866.2840153846155,1138.700030769231,1168.968476923077,0
836.0155692307693,866.2840153846155,1168.968476923077,1199.2369230769232,1
836.0155692307693,866.2840153846155,1199.2369230769232,1229.5053692307692,2
836.0155692307693,866.2840153846155,1229.5053692307692,1259.7738153846153,0
836.0155692307693,866.2840153846155,1259.7738153846153,1290.0422615384616,0
836.0155692307693,866.2840153846155,1290.0422615384616,1320.310707692308,0
836.0155692307693,866.2840153846155,1320.310707692308,1350.579153846154,0
836.0155692307693,866.2840153846155,1350.579153846154,1380.8476,0
836.0155692307693,866.2840153846155,1380.8476,1411.1160461538461,0
836.0155692307693,866.2840153846155,1411.1160461538461,1441.3844923076924,0
836.0155692307693,866.2840153846155,1441.3844923076924,1471.6529384615387,0
836.0155692307693,866.2840153846155,1471.6529384615387,1501.9213846153848,0
836.0155692307693,866.2840153846155,1501.9213846153848,1532.1898307692309,0
836.0155692307693,866.2840153846155,1532.1898307692309,1562.458276923077,0
836.0155692307693,866.2840153846155,1562.458276923077,1592.7267230769232,0
836.0155692307693,866.2840153846155,1592.7267230769232,1622.9951692307695,0
836.0155692307693,866.2840153846155,1622.9951692307695,1653.2636153846156,0
836.0155692307693,866.2840153846155,1653.2636153846156,1683.5320615384617,0
836.0155692307693,866.2840153846155,1683.5320615384617,1713.8005076923077,0
836.0155692307693,866.2840153846155,1713.8005076923077,1744.0689538461538,0
836.0155692307693,866.2840153846155,1744.0689538461538,1774.3374000000003,0
836.0155692307693,866.2840153846155,1774.3374000000003,1804.6058461538464,0
836.0155692307693,866.2840153846155,1804.6058461538464,1834.8742923076925,0
836.0155692307693,866.2840153846155,1834.8742923076925,1865.1427384615386,0
836.0155692307693,866.2840153846155,1865.1427384615386,1895.4111846153846,0
836.0155692307693,866.2840153846155,1895.4111846153846,1925.6796307692307,0
836.0155692307693,866.2840153846155,1925.6796307692307,1955.9480769230772,0
836.0155692307693,866.2840153846155,1955.9480769230772,1986.2165230769233,0
836.0155692307693,866.2840153846155,1986.2165230769233,2016.4849692307694,0
836.0155692307693,866.2840153846155,2016.4849692307694,2046.7534153846154,0
836.0155692307693,866.2840153846155,2046.7534153846154,2077.0218615384615,0
836.0155692307693,866.2840153846155,2077.0218615384615,2107.290307692308,0
836.0155692307693,866.2840153846155,2107.290307692308,2137.558753846154,0
836.0155692307693,866.2840153846155,2137.558753846154,2167.8272,0
836.0155692307693,866.2840153846155,2167.8272,2198.0956461538462,0
836.0155692307693,866.2840153846155,2198.0956461538462,2228.3640923076923,0
836.0155692307693,866.2840153846155,2228.3640923076923,2258.632538461539,0
836.0155692307693,866.2840153846155,2258.632538461539,2288.900984615385,0
836.0155692307693,866.2840153846155,2288.900984615385,2319.169430769231,0
836.0155692307693,866.2840153846155,2319.169430769231,2349.437876923077,0
836.0155692307693,866.2840153846155,2349.437876923077,2379.706323076923,0
836.0155692307693,866.2840153846155,2379.706323076923,2409.974769230769,0
836.0155692307693,866.2840153846155,2409.974769230769,2440.2432153846157,0
836.0155692307693,866.2840153846155,2440.2432153846157,2470.511661538462,0
836.0155692307693,866.2840153846155,2470.511661538462,2500.780107692308,0
836.0155692307693,866.2840153846155,2500.780107692308,2531.048553846154,0
836.0155692307693,866.2840153846155,2531.048553846154,2561.317,0
866.2840153846155,896.5524615384616,593.868,624.1364461538462,0
866.2840153846155,896.5524615384616,624.1364461538462,654.4048923076923,0
866.2840153846155,896.5524615384616,654.4048923076923,684.6733384615385,2
866.2840153846155,896.5524615384616,684.6733384615385,714.9417846153847,38
866.2840153846155,896.5524615384616,714.9417846153847,745.2102307692309,137
866.2840153846155,896.5524615384616,745.2102307692309,775.478676923077,330
866.2840153846155,896.5524615384616,775.478676923077,805.7471230769231,656
866.2840153846155,896.5524615384616,805.7471230769231,836.0155692307693,131
866.2840153846155,896.5524615384616,836.0155692307693,866.2840153846155,11
866.2840153846155,896.5524615384616,866.2840153846155,896.5524615384616,15
866.2840153846155,896.5524615384616,896.5524615384616,926.8209076923077,8
866.2840153846155,896.5524615384616,926.8209076923077,957.0893538461539,4
866.2840153846155,896.5524615384616,957.0893538461539,987.3578000000001,1
866.2840153846155,896.5524615384616,987.3578000000001,1017.6262461538463,4
866.2840153846155,896.5524615384616,1017.6262461538463,1047.8946923076924,3
866.2840153846155,896.5524615384616,1047.8946923076924,1078.1631384615384,3
866.2840153846155,896.5524615384616,1078.1631384615384,1108.4315846153847,2
866.2840153846155,896.5524615384616,1108.4315846153847,1138.700030769231,0
866.2840153846155,896.5524615384616,1138.700030769231,1168.968476923077,0
866.2840153846155,896.5524615384616,1168.968476923077,1199.2369230769232,0
866.2840153846155,896.5524615384616,1199.2369230769232,1229.5053692307692,0
866.2840153846155,896.5524615384616,1229.5053692307692,1259.7738153846153,0
866.2840153846155,896.5524615384616,1259.7738153846153,1290.0422615384616,0
866.2840153846155,896.5524615384616,1290.0422615384616,1320.310707692308,0
866.2840153846155,896.5524615384616,1320.310707692308,1350.579153846154,0
866.2840153846155,896.5524615384616,1350.579153846154,1380.8476,0
866.2840153846155,896.5524615384616,1380.8476,1411.1160461538461,0
866.2840153846155,896.5524615384616,1411.1160461538461,1441.3844923076924,0
866.2840153846155,896.5524615384616,1441.3844923076924,1471.6529384615387,0
866.2840153846155,896.5524615384616,1471.6529384615387,1501.9213846153848,0
866.2840153846155,896.5524615384616,1501.9213846153848,1532.1898307692309,0
866.2840153846155,896.5524615384616,1532.1898307692309,1562.458276923077,0
866.2840153846155,896.5524615384616,1562.458276923077,1592.7267230769232,0
866.2840153846155,896.5524615384616,1592.7267230769232,1622.9951692307695,0
866.2840153846155,896.5524615384616,1622.9951692307695,1653.2636153846156,0
866.2840153846155,896.5524615384616,1653.2636153846156,1683.5320615384617,0
866.2840153846155,896.5524615384616,1683.5320615384617,1713.8005076923077,0
866.2840153846155,896.5524615384616,1713.8005076923077,1744.0689538461538,0
866.2840153846155,896.5524615384616,1744.0689538461538,1774.3374000000003,0
866.2840153846155,896.5524615384616,1774.3374000000003,1804.6058461538464,0
866.2840153846155,896.5524615384616,1804.6058461538464,1834.8742923076925,0
866.2840153846155,896.5524615384616,1834.8742923076925,1865.1427384615386,0
866.2840153846155,896.5524615384616,1865.1427384615386,1895.4111846153846,0
866.2840153846155,896.5524615384616,1895.4111846153846,1925.6796307692307,0
866.2840153846155,896.5524615384616,1925.6796307692307,1955.9480769230772,0
866.2840153846155,896.5524615384616,1955.9480769230772,1986.2165230769233,0
866.2840153846155,896.5524615384616,1986.2165230769233,2016.4849692307694,0
866.2840153846155,896.5524615384616,2016.4849692307694,2046.7534153846154,0
866.2840153846155,896.5524615384616,2046.7534153846154,2077.0218615384615,0
866.2840153846155,896.5524615384616,2077.0218615384615,2107.290307692308,0
866.2840153846155,896.5524615384616,2107.290307692308,2137.558753846154,0
866.2840153846155,896.5524615384616,2137.558753846154,2167.8272,0
866.2840153846155,896.5524615384616,2167.8272,2198.0956461538462,0
866.2840153846155,896.5524615384616,2198.0956461538462,2228.3640923076923,0
866.2840153846155,896.5524615384616,2228.3640923076923,2258.632538461539,0
866.2840153846155,896.5524615384616,2258.632538461539,2288.900984615385,0
866.2840153846155,896.5524615384616,2288.900984615385,2319.169430769231,0
866.2840153846155,896.5524615384616,2319.169430769231,2349.437876923077,0
866.2840153846155,896.5524615384616,2349.437876923077,2379.706323076923,0
866.2840153846155,896.5524615384616,2379.706323076923,2409.974769230769,0
866.2840153846155,896.5524615384616,2409.974769230769,2440.2432153846157,0
866.2840153846155,896.5524615384616,2440.2432153846157,2470.511661538462,0
866.2840153846155,896.5524615384616,2470.511661538462,2500.780107692308,0
866.2840153846155,896.5524615384616,2500.780107692308,2531.048553846154,0
866.2840153846155,896.5524615384616,2531.048553846154,2561.317,0
896.5524615384616,926.8209076923077,593.868,624.1364461538462,0
896.5524615384616,926.8209076923077,624.1364461538462,654.4048923076923,0
896.5524615384616,926.8209076923077,654.4048923076923,684.6733384615385,0
896.5524615384616,926.8209076923077,684.6733384615385,714.9417846153847,37
896.5524615384616,926.8209076923077,714.9417846153847,745.2102307692309,62
896.5524615384616,926.8209076923077,745.2102307692309,775.478676923077,104
896.5524615384616,926.8209076923077,775.478676923077,805.7471230769231,834
896.5524615384616,926.8209076923077,805.7471230769231,836.0155692307693,812
896.5524615384616,926.8209076923077,836.0155692307693,866.2840153846155,670
896.5524615384616,926.8209076923077,866.2840153846155,896.5524615384616,516
896.5524615384616,926.8209076923077,896.5524615384616,926.8209076923077,22
896.5524615384616,926.8209076923077,926.8209076923077,957.0893538461539,12
896.5524615384616,926.8209076923077,957.0893538461539,987.3578000000001,2
896.5524615384616,926.8209076923077,987.3578000000001,1017.6262461538463,6
896.5524615384616,926.8209076923077,1017.6262461538463,1047.8946923076924,1
896.5524615384616,926.8209076923077,1047.8946923076924,1078.1631384615384,2
896.5524615384616,926.8209076923077,1078.1631384615384,1108.4315846153847,10
896.5524615384616,926.8209076923077,1108.4315846153847,1138.700030769231,0
896.5524615384616,926.8209076923077,1138.700030769231,1168.968476923077,0
896.5524615384616,926.8209076923077,1168.968476923077,1199.2369230769232,0
896.5524615384616,926.8209076923077,1199.2369230769232,1229.5053692307692,0
896.5524615384616,926.8209076923077,1229.5053692307692,1259.7738153846153,0
896.5524615384616,926.8209076923077,1259.7738153846153,1290.0422615384616,0
896.5524615384616,926.8209076923077,1290.0422615384616,1320.310707692308,0
896.5524615384616,926.8209076923077,1320.310707692308,1350.579153846154,0
896.5524615384616,926.8209076923077,1350.579153846154,1380.8476,0
896.5524615384616,926.8209076923077,1380.8476,1411.1160461538461,0
896.5524615384616,926.8209076923077,1411.1160461538461,1441.3844923076924,0
896.5524615384616,926.8209076923077,1441.3844923076924,1471.6529384615387,0
896.5524615384616,926.8209076923077,1471.6529384615387,1501.9213846153848,0
896.5524615384616,926.8209076923077,1501.9213846153848,1532.1898307692309,0
896.5524615384616,926.8209076923077,1532.1898307692309,1562.458276923077,0
896.5524615384616,926.8209076923077,1562.458276923077,1592.7267230769232,0
896.5524615384616,926.8209076923077,1592.7267230769232,1622.9951692307695,0
896.5524615384616,926.8209076923077,1622.9951692307695,1653.2636153846156,0
896.5524615384616,926.8209076923077,1653.2636153846156,1683.5320615384617,0
896.5524615384616,926.8209076923077,1683.5320615384617,1713.8005076923077,0
896.5524615384616,926.8209076923077,1713.8005076923077,1744.0689538461538,0
896.5524615384616,926.8209076923077,1744.0689538461538,1774.3374000000003,0
896.5524615384616,926.8209076923077,1774.3374000000003,1804.6058461538464,0
896.5524615384616,926.8209076923077,1804.6058461538464,1834.8742923076925,0
896.5524615384616,926.8209076923077,1834.8742923076925,1865.1427384615386,0
896.5524615384616,926.8209076923077,1865.1427384615386,1895.4111846153846,0
896.5524615384616,926.8209076923077,1895.4111846153846,1925.6796307692307,0
896.5524615384616,926.8209076923077,1925.6796307692307,1955.9480769230772,0
896.5524615384616,926.8209076923077,1955.9480769230772,1986.2165230769233,0
896.5524615384616,926.8209076923077,1986.2165230769233,2016.4849692307694,0
896.5524615384616,926.8209076923077,2016.4849692307694,2046.7534153846154,0
896.5524615384616,926.8209076923077,2046.7534153846154,2077.0218615384615,0
896.5524615384616,926.8209076923077,2077.0218615384615,2107.290307692308,0
896.5524615384616,926.8209076923077,2107.290307692308,2137.558753846154,0
896.5524615384616,926.8209076923077,2137.558753846154,2167.8272,0
896.5524615384616,926.8209076923077,2167.8272,2198.0956461538462,0
896.5524615384616,926.8209076923077,2198.0956461538462,2228.3640923076923,0
896.5524615384616,926.8209076923077,2228.3640923076923,2258.632538461539,0
896.5524615384616,926.8209076923077,2258.632538461539,2288.900984615385,0
896.5524615384616,926.8209076923077,2288.900984615385,2319.169430769231,0
896.5524615384616,926.8209076923077,2319.169430769231,2349.437876923077,0
896.5524615384616,926.8209076923077,2349.437876923077,2379.706323076923,0
896.5524615384616,926.8209076923077,2379.706323076923,2409.974769230769,0
896.5524615384616,926.8209076923077,2409.974769230769,2440.2432153846157,0
896.5524615384616,926.8209076923077,2440.2432153846157,2470.511661538462,0
896.5524615384616,926.8209076923077,2470.511661538462,2500.780107692308,0
896.5524615384616,926.8209076923077,2500.780107692308,2531.048553846154,0
896.5524615384616,926.8209076923077,2531.048553846154,2561.317,0
926.8209076923077,957.0893538461539,593.868,624.1364461538462,0
926.8209076923077,957.0893538461539,624.1364461538462,654.4048923076923,0
926.8209076923077,957.0893538461539,654.4048923076923,684.6733384615385,0
926.8209076923077,957.0893538461539,684.6733384615385,714.9417846153847,13
926.8209076923077,957.0893538461539,714.9417846153847,745.2102307692309,97
926.8209076923077,957.0893538461539,745.2102307692309,775.478676923077,170
926.8209076923077,957.0893538461539,775.478676923077,805.7471230769231,350
926.8209076923077,957.0893538461539,805.7471230769231,836.0155692307693,815
926.8209076923077,957.0893538461539,836.0155692307693,866.2840153846155,540
926.8209076923077,957.0893538461539,866.2840153846155,896.5524615384616,936
926.8209076923077,957.0893538461539,896.5524615384616,926.8209076923077,202
926.8209076923077,957.0893538461539,926.8209076923077,957.0893538461539,10
926.8209076923077,957.0893538461539,957.0893538461539,987.3578000000001,0
926.8209076923077,957.0893538461539,987.3578000000001,1017.6262461538463,2
926.8209076923077,957.0893538461539,1017.6262461538463,1047.8946923076924,7
926.8209076923077,957.0893538461539,1047.8946923076924,1078.1631384615384,8
926.8209076923077,957.0893538461539,1078.1631384615384,1108.4315846153847,6
926.8209076923077,957.0893538461539,1108.4315846153847,1138.700030769231,0
926.8209076923077,957.0893538461539,1138.700030769231,1168.968476923077,0
926.8209076923077,957.0893538461539,1168.968476923077,1199.2369230769232,1
926.8209076923077,957.0893538461539,1199.2369230769232,1229.5053692307692,0
926.8209076923077,957.0893538461539,1229.5053692307692,1259.7738153846153,0
926.8209076923077,957.0893538461539,1259.7738153846153,1290.0422615384616,0
926.8209076923077,957.0893538461539,1290.0422615384616,1320.310707692308,0
926.8209076923077,957.0893538461539,1320.310707692308,1350.579153846154,0
926.8209076923077,957.0893538461539,1350.579153846154,1380.8476,0
926.8209076923077,957.0893538461539,1380.8476,1411.1160461538461,0
926.8209076923077,957.0893538461539,1411.1160461538461,1441.3844923076924,0
926.8209076923077,957.0893538461539,1441.3844923076924,1471.6529384615387,0
926.8209076923077,957.0893538461539,1471.6529384615387,1501.9213846153848,0
926.8209076923077,957.0893538461539,1501.9213846153848,1532.1898307692309,0
926.8209076923077,957.0893538461539,1532.1898307692309,1562.458276923077,0
926.8209076923077,957.0893538461539,1562.458276923077,1592.7267230769232,0
926.8209076923077,957.0893538461539,1592.7267230769232,1622.9951692307695,0
926.8209076923077,957.0893538461539,1622.9951692307695,1653.2636153846156,0
926.8209076923077,957.0893538461539,1653.2636153846156,1683.5320615384617,0
926.8209076923077,957.0893538461539,1683.5320615384617,1713.8005076923077,0
926.8209076923077,957.0893538461539,1713.8005076923077,1744.0689538461538,0
926.8209076923077,957.0893538461539,1744.0689538461538,1774.3374000000003,0
926.8209076923077,957.0893538461539,1774.3374000000003,1804.6058461538464,0
926.8209076923077,957.0893538461539,1804.6058461538464,1834.8742923076925,0
926.8209076923077,957.0893538461539,1834.8742923076925,1865.1427384615386,0
926.8209076923077,957.0893538461539,1865.1427384615386,1895.4111846153846,0
926.8209076923077,957.0893538461539,1895.4111846153846,1925.6796307692307,0
926.8209076923077,957.0893538461539,1925.6796307692307,1955.9480769230772,0
926.8209076923077,957.0893538461539,1955.9480769230772,1986.2165230769233,0
926.8209076923077,957.0893538461539,1986.2165230769233,2016.4849692307694,0
926.8209076923077,957.0893538461539,2016.4849692307694,2046.7534153846154,0
926.8209076923077,957.0893538461539,2046.7534153846154,2077.0218615384615,0
926.8209076923077,957.0893538461539,2077.0218615384615,2107.290307692308,0
926.8209076923077,957.0893538461539,2107.290307692308,2137.558753846154,0
926.8209076923077,957.0893538461539,2137.558753846154,2167.8272,0
926.8209076923077,957.0893538461539,2167.8272,2198.0956461538462,0
926.8209076923077,957.0893538461539,2198.0956461538462,2228.3640923076923,0
926.8209076923077,957.0893538461539,2228.3640923076923,2258.632538461539,0
926.8209076923077,957.0893538461539,2258.632538461539,2288.900984615385,0
926.8209076923077,957.0893538461539,2288.900984615385,2319.169430769231,0
926.8209076923077,957.0893538461539,2319.169430769231,2349.437876923077,0
926.8209076923077,957.0893538461539,2349.437876923077,2379.706323076923,0
926.8209076923077,957.0893538461539,2379.706323076923,2409.974769230769,0
926.8209076923077,957.0893538461539,2409.974769230769,2440.2432153846157,0
926.8209076923077,957.0893538461539,2440.2432153846157,2470.511661538462,0
926.8209076923077,957.0893538461539,2470.511661538462,2500.780107692308,0
926.8209076923077,957.0893538461539,2500.780107692308,2531.048553846154,0
926.8209076923077,957.0893538461539,2531.048553846154,2561.317,0
957.0893538461539,987.3578000000001,593.868,624.1364461538462,0
957.0893538461539,987.3578000000001,624.1364461538462,654.4048923076923,0
957.0893538461539,987.3578000000001,654.4048923076923,684.6733384615385,0
957.0893538461539,987.3578000000001,684.6733384615385,714.9417846153847,9
957.0893538461539,987.3578000000001,714.9417846153847,745.2102307692309,25
957.0893538461539,987.3578000000001,745.2102307692309,775.478676923077,176
957.0893538461539,987.3578000000001,775.478676923077,805.7471230769231,454
957.0893538461539,987.3578000000001,805.7471230769231,836.0155692307693,785
957.0893538461539,987.3578000000001,836.0155692307693,866.2840153846155,991
957.0893538461539,987.3578000000001,866.2840153846155,896.5524615384616,1105
957.0893538461539,987.3578000000001,896.5524615384616,926.8209076923077,92
957.0893538461539,987.3578000000001,926.8209076923077,957.0893538461539,24
957.0893538461539,987.3578000000001,957.0893538461539,987.3578000000001,20
957.0893538461539,987.3578000000001,987.3578000000001,1017.6262461538463,8
957.0893538461539,987.3578000000001,1017.6262461538463,1047.8946923076924,12
957.0893538461539,987.3578000000001,1047.8946923076924,1078.1631384615384,19
957.0893538461539,987.3578000000001,1078.1631384615384,1108.4315846153847,2
957.0893538461539,987.3578000000001,1108.4315846153847,1138.700030769231,2
957.0893538461539,987.3578000000001,1138.700030769231,1168.968476923077,0
957.0893538461539,987.3578000000001,1168.968476923077,1199.2369230769232,10
957.0893538461539,987.3578000000001,1199.2369230769232,1229.5053692307692,0
957.0893538461539,987.3578000000001,1229.5053692307692,1259.7738153846153,0
957.0893538461539,987.3578000000001,1259.7738153846153,1290.0422615384616,0
957.0893538461539,987.3578000000001,1290.0422615384616,1320.310707692308,0
957.0893538461539,987.3578000000001,1320.310707692308,1350.579153846154,0
957.0893538461539,987.3578000000001,1350.579153846154,1380.8476,0
957.0893538461539,987.3578000000001,1380.8476,1411.1160461538461,0
957.0893538461539,987.3578000000001,1411.1160461538461,1441.3844923076924,0
957.0893538461539,987.3578000000001,1441.3844923076924,1471.6529384615387,0
957.0893538461539,987.3578000000001,1471.6529384615387,1501.9213846153848,0
957.0893538461539,987.3578000000001,1501.9213846153848,1532.1898307692309,0
957.0893538461539,987.3578000000001,1532.1898307692309,1562.458276923077,0
957.0893538461539,987.3578000000001,1562.458276923077,1592.7267230769232,0
957.0893538461539,987.3578000000001,1592.7267230769232,1622.9951692307695,0
957.0893538461539,987.3578000000001,1622.9951692307695,1653.2636153846156,0
957.0893538461539,987.3578000000001,1653.2636153846156,1683.5320615384617,0
957.0893538461539,987.3578000000001,1683.5320615384617,1713.8005076923077,0
957.0893538461539,987.3578000000001,1713.8005076923077,1744.0689538461538,0
957.0893538461539,987.3578000000001,1744.0689538461538,1774.3374000000003,0
957.0893538461539,987.3578000000001,1774.3374000000003,1804.6058461538464,0
957.0893538461539,987.3578000000001,1804.6058461538464,1834.8742923076925,0
957.0893538461539,987.3578000000001,1834.8742923076925,1865.1427384615386,0
957.0893538461539,987.3578000000001,1865.1427384615386,1895.4111846153846,0
957.0893538461539,987.3578000000001,1895.4111846153846,1925.6796307692307,0
957.0893538461539,987.3578000000001,1925.6796307692307,1955.9480769230772,0
957.0893538461539,987.3578000000001,1955.9480769230772,1986.2165230769233,0
957.0893538461539,987.3578000000001,1986.2165230769233,2016.4849692307694,0
957.0893538461539,987.3578000000001,2016.4849692307694,2046.7534153846154,0
957.0893538461539,987.3578000000001,2046.7534153846154,2077.0218615384615,0
957.0893538461539,987.3578000000001,2077.0218615384615,2107.290307692308,0
957.0893538461539,987.3578000000001,2107.290307692308,2137.558753846154,0
957.0893538461539,987.3578000000001,2137.558753846154,2167.8272,0
957.0893538461539,987.3578000000001,2167.8272,2198.0956461538462,0
957.0893538461539,987.3578000000001,2198.0956461538462,2228.3640923076923,0
957.0893538461539,987.3578000000001,2228.3640923076923,2258.632538461539,0
957.0893538461539,987.3578000000001,2258.632538461539,2288.900984615385,0
957.0893538461539,987.3578000000001,2288.900984615385,2319.169430769231,0
957.0893538461539,987.3578000000001,2319.169430769231,2349.437876923077,0
957.0893538461539,987.3578000000001,2349.437876923077,2379.706323076923,0
957.0893538461539,987.3578000000001,2379.706323076923,2409.974769230769,0
957.0893538461539,987.3578000000001,2409.974769230769,2440.2432153846157,0
957.0893538461539,987.3578000000001,2440.2432153846157,2470.511661538462,0
957.0893538461539,987.3578000000001,2470.511661538462,2500.780107692308,0
957.0893538461539,987.3578000000001,2500.780107692308,2531.048553846154,0
957.0893538461539,987.3578000000001,2531.048553846154,2561.317,0
987.3578000000001,1017.6262461538463,593.868,624.1364461538462,0
987.3578000000001,1017.6262461538463,624.1364461538462,654.4048923076923,0
987.3578000000001,1017.6262461538463,654.4048923076923,684.6733384615385,0
987.3578000000001,1017.6262461538463,684.6733384615385,714.9417846153847,4
987.3578000000001,1017.6262461538463,714.9417846153847,745.2102307692309,4
987.3578000000001,1017.6262461538463,745.2102307692309,775.478676923077,120
987.3578000000001,1017.6262461538463,775.478676923077,805.7471230769231,238
987.3578000000001,1017.6262461538463,805.7471230769231,836.0155692307693,350
987.3578000000001,1017.6262461538463,836.0155692307693,866.2840153846155,570
987.3578000000001,1017.6262461538463,866.2840153846155,896.5524615384616,808
987.3578000000001,1017.6262461538463,896.5524615384616,926.8209076923077,789
987.3578000000001,1017.6262461538463,926.8209076923077,957.0893538461539,342
987.3578000000001,1017.6262461538463,957.0893538461539,987.3578000000001,29
987.3578000000001,1017.6262461538463,987.3578000000001,1017.6262461538463,154
987.3578000000001,1017.6262461538463,1017.6262461538463,1047.8946923076924,257
987.3578000000001,1017.6262461538463,1047.8946923076924,1078.1631384615384,7
987.3578000000001,1017.6262461538463,1078.1631384615384,1108.4315846153847,3
987.3578000000001,1017.6262461538463,1108.4315846153847,1138.700030769231,4
987.3578000000001,1017.6262461538463,1138.700030769231,1168.968476923077,1
987.3578000000001,1017.6262461538463,1168.968476923077,1199.2369230769232,5
987.3578000000001,1017.6262461538463,1199.2369230769232,1229.5053692307692,0
987.3578000000001,1017.6262461538463,1229.5053692307692,1259.7738153846153,0
987.3578000000001,1017.6262461538463,1259.7738153846153,1290.0422615384616,0
987.3578000000001,1017.6262461538463,1290.0422615384616,1320.310707692308,0
987.3578000000001,1017.6262461538463,1320.310707692308,1350.579153846154,0
987.3578000000001,1017.6262461538463,1350.579153846154,1380.8476,0
987.3578000000001,1017.6262461538463,1380.8476,1411.1160461538461,0
987.3578000000001,1017.6262461538463,1411.1160461538461,1441.3844923076924,0
987.3578000000001,1017.6262461538463,1441.3844923076924,1471.6529384615387,0
987.3578000000001,1017.6262461538463,1471.6529384615387,1501.9213846153848,0
987.3578000000001,1017.6262461538463,1501.9213846153848,1532.1898307692309,0
987.3578000000001,1017.6262461538463,1532.1898307692309,1562.458276923077,0
987.3578000000001,1017.6262461538463,1562.458276923077,1592.7267230769232,0
987.3578000000001,1017.6262461538463,1592.7267230769232,1622.9951692307695,0
987.3578000000001,1017.6262461538463,1622.9951692307695,1653.2636153846156,0
987.3578000000001,1017.6262461538463,1653.2636153846156,1683.5320615384617,0
987.3578000000001,1017.6262461538463,1683.5320615384617,1713.8005076923077,0
987.3578000000001,1017.6262461538463,1713.8005076923077,1744.0689538461538,0
987.3578000000001,1017.6262461538463,1744.0689538461538,1774.3374000000003,0
987.3578000000001,1017.6262461538463,1774.3374000000003,1804.6058461538464,0
987.3578000000001,1017.6262461538463,1804.6058461538464,1834.8742923076925,0
987.3578000000001,1017.6262461538463,1834.8742923076925,1865.1427384615386,0
987.3578000000001,1017.6262461538463,1865.1427384615386,1895.4111846153846,0
987.3578000000001,1017.6262461538463,1895.4111846153846,1925.6796307692307,0
987.3578000000001,1017.6262461538463,1925.6796307692307,1955.9480769230772,0
987.3578000000001,1017.6262461538463,1955.9480769230772,1986.2165230769233,0
987.3578000000001,1017.6262461538463,1986.2165230769233,2016.4849692307694,0
987.3578000000001,1017.6262461538463,2016.4849692307694,2046.7534153846154,0
987.3578000000001,1017.6262461538463,2046.7534153846154,2077.0218615384615,0
987.3578000000001,1017.6262461538463,2077.0218615384615,2107.290307692308,0
987.3578000000001,1017.6262461538463,2107.290307692308,2137.558753846154,0
987.3578000000001,1017.6262461538463,2137.558753846154,2167.8272,0
987.3578000000001,1017.6262461538463,2167.8272,2198.0956461538462,0
987.3578000000001,1017.6262461538463,2198.0956461538462,2228.3640923076923,0
987.3578000000001,1017.6262461538463,2228.3640923076923,2258.632538461539,0
987.3578000000001,1017.6262461538463,2258.632538461539,2288.900984615385,0
987.3578000000001,1017.6262461538463,2288.900984615385,2319.169430769231,0
987.3578000000001,1017.6262461538463,2319.169430769231,2349.437876923077,0
987.3578000000001,1017.6262461538463,2349.437876923077,2379.706323076923,0
987.3578000000001,1017.6262461538463,2379.706323076923,2409.974769230769,0
987.3578000000001,1017.6262461538463,2409.974769230769,2440.2432153846157,0
987.3578000000001,1017.6262461538463,2440.2432153846157,2470.511661538462,0
987.3578000000001,1017.6262461538463,2470.511661538462,2500.780107692308,0
987.3578000000001,1017.6262461538463,2500.780107692308,2531.048553846154,0
987.3578000000001,1017.6262461538463,2531.048553846154,2561.317,0
1017.6262461538463,1047.8946923076924,593.868,624.1364461538462,0
1017.6262461538463,1047.8946923076924,624.1364461538462,654.4048923076923,0
1017.6262461538463,1047.8946923076924,654.4048923076923,684.6733384615385,0
1017.6262461538463,1047.8946923076924,684.6733384615385,714.9417846153847,18
1017.6262461538463,1047.8946923076924,714.9417846153847,745.2102307692309,1
1017.6262461538463,1047.8946923076924,745.2102307692309,775.478676923077,53
1017.6262461538463,1047.8946923076924,775.478676923077,805.7471230769231,45
1017.6262461538463,1047.8946923076924,805.7471230769231,836.0155692307693,248
1017.6262461538463,1047.8946923076924,836.0155692307693,866.2840153846155,341
1017.6262461538463,1047.8946923076924,866.2840153846155,896.5524615384616,487
1017.6262461538463,1047.8946923076924,896.5524615384616,926.8209076923077,751
1017.6262461538463,1047.8946923076924,926.8209076923077,957.0893538461539,422
1017.6262461538463,1047.8946923076924,957.0893538461539,987.3578000000001,932
1017.6262461538463,1047.8946923076924,987.3578000000001,1017.6262461538463,737
1017.6262461538463,1047.8946923076924,1017.6262461538463,1047.8946923076924,672
1017.6262461538463,1047.8946923076924,1047.8946923076924,1078.1631384615384,288
1017.6262461538463,1047.8946923076924,1078.1631384615384,1108.4315846153847,19
1017.6262461538463,1047.8946923076924,1108.4315846153847,1138.700030769231,9
1017.6262461538463,1047.8946923076924,1138.700030769231,1168.968476923077,5
1017.6262461538463,1047.8946923076924,1168.968476923077,1199.2369230769232,9
1017.6262461538463,1047.8946923076924,1199.2369230769232,1229.5053692307692,0
1017.6262461538463,1047.8946923076924,1229.5053692307692,1259.7738153846153,0
1017.6262461538463,1047.8946923076924,1259.7738153846153,1290.0422615384616,0
1017.6262461538463,1047.8946923076924,1290.0422615384616,1320.310707692308,0
1017.6262461538463,1047.8946923076924,1320.310707692308,1350.579153846154,0
1017.6262461538463,1047.8946923076924,1350.579153846154,1380.8476,0
1017.6262461538463,1047.8946923076924,1380.8476,1411.1160461538461,0
1017.6262461538463,1047.8946923076924,1411.1160461538461,1441.3844923076924,0
1017.6262461538463,1047.8946923076924,1441.3844923076924,1471.6529384615387,1
1017.6262461538463,1047.8946923076924,1471.6529384615387,1501.9213846153848,0
1017.6262461538463,1047.8946923076924,1501.9213846153848,1532.1898307692309,0
1017.6262461538463,1047.8946923076924,1532.1898307692309,1562.458276923077,0
1017.6262461538463,1047.8946923076924,1562.458276923077,1592.7267230769232,0
1017.6262461538463,1047.8946923076924,1592.7267230769232,1622.9951692307695,0
1017.6262461538463,1047.8946923076924,1622.9951692307695,1653.2636153846156,0
1017.6262461538463,1047.8946923076924,1653.2636153846156,1683.5320615384617,0
1017.6262461538463,1047.8946923076924,1683.5320615384617,1713.8005076923077,0
1017.6262461538463,1047.8946923076924,1713.8005076923077,1744.0689538461538,0
1017.6262461538463,1047.8946923076924,1744.0689538461538,1774.3374000000003,0
1017.6262461538463,1047.8946923076924,1774.3374000000003,1804.6058461538464,0
1017.6262461538463,1047.8946923076924,1804.6058461538464,1834.8742923076925,0
1017.6262461538463,1047.8946923076924,1834.8742923076925,1865.1427384615386,0
1017.6262461538463,1047.8946923076924,1865.1427384615386,1895.4111846153846,0
1017.6262461538463,1047.8946923076924,1895.4111846153846,1925.6796307692307,0
1017.6262461538463,1047.8946923076924,1925.6796307692307,1955.9480769230772,0
1017.6262461538463,1047.8946923076924,1955.9480769230772,1986.2165230769233,0
1017.6262461538463,1047.8946923076924,1986.2165230769233,2016.4849692307694,0
1017.6262461538463,1047.8946923076924,2016.4849692307694,2046.7534153846154,0
1017.6262461538463,1047.8946923076924,2046.7534153846154,2077.0218615384615,0
1017.6262461538463,1047.8946923076924,2077.0218615384615,2107.290307692308,0
1017.6262461538463,1047.8946923076924,2107.290307692308,2137.558753846154,0
1017.6262461538463,1047.8946923076924,2137.558753846154,2167.8272,0
1017.6262461538463,1047.8946923076924,2167.8272,2198.0956461538462,0
1017.6262461538463,1047.8946923076924,2198.0956461538462,2228.3640923076923,0
1017.6262461538463,1047.8946923076924,2228.3640923076923,2258.632538461539,0
1017.6262461538463,1047.8946923076924,2258.632538461539,2288.900984615385,0
1017.6262461538463,1047.8946923076924,2288.900984615385,2319.169430769231,0
1017.6262461538463,1047.8946923076924,2319.169430769231,2349.437876923077,0
1017.6262461538463,1047.8946923076924,2349.437876923077,2379.706323076923,0
1017.6262461538463,1047.8946923076924,2379.706323076923,2409.974769230769,0
1017.6262461538463,1047.8946923076924,2409.974769230769,2440.2432153846157,0
1017.6262461538463,1047.8946923076924,2440.2432153846157,2470.511661538462,0
1017.6262461538463,1047.8946923076924,2470.511661538462,2500.780107692308,0
1017.6262461538463,1047.8946923076924,2500.780107692308,2531.048553846154,0
1017.6262461538463,1047.8946923076924,2531.048553846154,2561.317,0
1047.8946923076924,1078.1631384615384,593.868,624.1364461538462,0
1047.8946923076924,1078.1631384615384,624.1364461538462,654.4048923076923,0
1047.8946923076924,1078.1631384615384,654.4048923076923,684.6733384615385,0
1047.8946923076924,1078.1631384615384,684.6733384615385,714.9417846153847,0
1047.8946923076924,1078.1631384615384,714.9417846153847,745.2102307692309,0
1047.8946923076924,1078.1631384615384,745.2102307692309,775.478676923077,25
1047.8946923076924,1078.1631384615384,775.478676923077,805.7471230769231,44
1047.8946923076924,1078.1631384615384,805.7471230769231,836.0155692307693,203
1047.8946923076924,1078.1631384615384,836.0155692307693,866.2840153846155,166
1047.8946923076924,1078.1631384615384,866.2840153846155,896.5524615384616,375
1047.8946923076924,1078.1631384615384,896.5524615384616,926.8209076923077,508
1047.8946923076924,1078.1631384615384,926.8209076923077,957.0893538461539,1185
1047.8946923076924,1078.1631384615384,957.0893538461539,987.3578000000001,582
1047.8946923076924,1078.1631384615384,987.3578000000001,1017.6262461538463,860
1047.8946923076924,1078.1631384615384,1017.6262461538463,1047.8946923076924,1107
1047.8946923076924,1078.1631384615384,1047.8946923076924,1078.1631384615384,325
1047.8946923076924,1078.1631384615384,1078.1631384615384,1108.4315846153847,73
1047.8946923076924,1078.1631384615384,1108.4315846153847,1138.700030769231,11
1047.8946923076924,1078.1631384615384,1138.700030769231,1168.968476923077,5
1047.8946923076924,1078.1631384615384,1168.968476923077,1199.2369230769232,6
1047.8946923076924,1078.1631384615384,1199.2369230769232,1229.5053692307692,2
1047.8946923076924,1078.1631384615384,1229.5053692307692,1259.7738153846153,1
1047.8946923076924,1078.1631384615384,1259.7738153846153,1290.0422615384616,0
1047.8946923076924,1078.1631384615384,1290.0422615384616,1320.310707692308,0
1047.8946923076924,1078.1631384615384,1320.310707692308,1350.579153846154,0
1047.8946923076924,1078.1631384615384,1350.579153846154,1380.8476,0
1047.8946923076924,1078.1631384615384,1380.8476,1411.1160461538461,1
1047.8946923076924,1078.1631384615384,1411.1160461538461,1441.3844923076924,0
1047.8946923076924,1078.1631384615384,1441.3844923076924,1471.6529384615387,0
1047.8946923076924,1078.1631384615384,1471.6529384615387,1501.9213846153848,0
1047.8946923076924,1078.1631384615384,1501.9213846153848,1532.1898307692309,0
1047.8946923076924,1078.1631384615384,1532.1898307692309,1562.458276923077,0
1047.8946923076924,1078.1631384615384,1562.458276923077,1592.7267230769232,0
1047.8946923076924,1078.1631384615384,1592.7267230769232,1622.9951692307695,0
1047.8946923076924,1078.1631384615384,1622.9951692307695,1653.2636153846156,0
1047.8946923076924,1078.1631384615384,1653.2636153846156,1683.5320615384617,0
1047.8946923076924,1078.1631384615384,1683.5320615384617,1713.8005076923077,0
1047.8946923076924,1078.1631384615384,1713.8005076923077,1744.0689538461538,0
1047.8946923076924,1078.1631384615384,1744.0689538461538,1774.3374000000003,0
1047.8946923076924,1078.1631384615384,1774.3374000000003,1804.6058461538464,0
1047.8946923076924,1078.1631384615384,1804.6058461538464,1834.8742923076925,0
1047.8946923076924,1078.1631384615384,1834.8742923076925,1865.1427384615386,0
1047.8946923076924,1078.1631384615384,1865.1427384615386,1895.4111846153846,0
1047.8946923076924,1078.1631384615384,1895.4111846153846,1925.6796307692307,0
1047.8946923076924,1078.1631384615384,1925.6796307692307,1955.9480769230772,0
1047.8946923076924,1078.1631384615384,1955.9480769230772,1986.2165230769233,0
1047.8946923076924,1078.1631384615384,1986.2165230769233,2016.4849692307694,0
1047.8946923076924,1078.1631384615384,2016.4849692307694,2046.7534153846154,0
1047.8946923076924,1078.1631384615384,2046.7534153846154,2077.0218615384615,0
1047.8946923076924,1078.1631384615384,2077.0218615384615,2107.290307692308,0
1047.8946923076924,1078.1631384615384,2107.290307692308,2137.558753846154,0
1047.8946923076924,1078.1631384615384,2137.558753846154,2167.8272,0
1047.8946923076924,1078.1631384615384,2167.8272,2198.0956461538462,0
1047.8946923076924,1078.1631384615384,2198.0956461538462,2228.3640923076923,0
1047.8946923076924,1078.1631384615384,2228.3640923076923,2258.632538461539,0
1047.8946923076924,1078.1631384615384,2258.632538461539,2288.900984615385,0
1047.8946923076924,1078.1631384615384,2288.900984615385,2319.169430769231,0
1047.8946923076924,1078.1631384615384,2319.169430769231,2349.437876923077,0
1047.8946923076924,1078.1631384615384,2349.437876923077,2379.706323076923,0
1047.8946923076924,1078.1631384615384,2379.706323076923,2409.974769230769,0
1047.8946923076924,1078.1631384615384,2409.974769230769,2440.2432153846157,0
1047.8946923076924,1078.1631384615384,2440.2432153846157,2470.511661538462,0
1047.8946923076924,1078.1631384615384,2470.511661538462,2500.780107692308,0
1047.8946923076924,1078.1631384615384,2500.780107692308,2531.048553846154,0
1047.8946923076924,1078.1631384615384,2531.048553846154,2561.317,0
1078.1631384615384,1108.4315846153847,593.868,624.1364461538462,0
1078.1631384615384,1108.4315846153847,624.1364461538462,654.4048923076923,0
1078.1631384615384,1108.4315846153847,654.4048923076923,684.6733384615385,0
1078.1631384615384,1108.4315846153847,684.6733384615385,714.9417846153847,2
1078.1631384615384,1108.4315846153847,714.9417846153847,745.2102307692309,2
1078.1631384615384,1108.4315846153847,745.2102307692309,775.478676923077,10
1078.1631384615384,1108.4315846153847,775.478676923077,805.7471230769231,15
1078.1631384615384,1108.4315846153847,805.7471230769231,836.0155692307693,156
1078.1631384615384,1108.4315846153847,836.0155692307693,866.2840153846155,114
1078.1631384615384,1108.4315846153847,866.2840153846155,896.5524615384616,277
1078.1631384615384,1108.4315846153847,896.5524615384616,926.8209076923077,724
1078.1631384615384,1108.4315846153847,926.8209076923077,957.0893538461539,768
1078.1631384615384,1108.4315846153847,957.0893538461539,987.3578000000001,885
1078.1631384615384,1108.4315846153847,987.3578000000001,1017.6262461538463,1397
1078.1631384615384,1108.4315846153847,1017.6262461538463,1047.8946923076924,1800
1078.1631384615384,1108.4315846153847,1047.8946923076924,1078.1631384615384,1291
1078.1631384615384,1108.4315846153847,1078.1631384615384,1108.4315846153847,178
1078.1631384615384,1108.4315846153847,1108.4315846153847,1138.700030769231,77
1078.1631384615384,1108.4315846153847,1138.700030769231,1168.968476923077,4
1078.1631384615384,1108.4315846153847,1168.968476923077,1199.2369230769232,15
1078.1631384615384,1108.4315846153847,1199.2369230769232,1229.5053692307692,1
1078.1631384615384,1108.4315846153847,1229.5053692307692,1259.7738153846153,9
1078.1631384615384,1108.4315846153847,1259.7738153846153,1290.0422615384616,1
1078.1631384615384,1108.4315846153847,1290.0422615384616,1320.310707692308,0
1078.1631384615384,1108.4315846153847,1320.310707692308,1350.579153846154,0
1078.1631384615384,1108.4315846153847,1350.579153846154,1380.8476,0
1078.1631384615384,1108.4315846153847,1380.8476,1411.1160461538461,1
1078.1631384615384,1108.4315846153847,1411.1160461538461,1441.3844923076924,0
1078.1631384615384,1108.4315846153847,1441.3844923076924,1471.6529384615387,0
1078.1631384615384,1108.4315846153847,1471.6529384615387,1501.9213846153848,0
1078.1631384615384,1108.4315846153847,1501.9213846153848,1532.1898307692309,0
1078.1631384615384,1108.4315846153847,1532.1898307692309,1562.458276923077,0
1078.1631384615384,1108.4315846153847,1562.458276923077,1592.7267230769232,0
1078.1631384615384,1108.4315846153847,1592.7267230769232,1622.9951692307695,0
1078.1631384615384,1108.4315846153847,1622.9951692307695,1653.2636153846156,0
1078.1631384615384,1108.4315846153847,1653.2636153846156,1683.5320615384617,0
1078.1631384615384,1108.4315846153847,1683.5320615384617,1713.8005076923077,0
1078.1631384615384,1108.4315846153847,1713.8005076923077,1744.0689538461538,0
1078.1631384615384,1108.4315846153847,1744.0689538461538,1774.3374000000003,0
1078.1631384615384,1108.4315846153847,1774.3374000000003,1804.6058461538464,0
1078.1631384615384,1108.4315846153847,1804.6058461538464,1834.8742923076925,0
1078.1631384615384,1108.4315846153847,1834.8742923076925,1865.1427384615386,0
1078.1631384615384,1108.4315846153847,1865.1427384615386,1895.4111846153846,0
1078.1631384615384,1108.4315846153847,1895.4111846153846,1925.6796307692307,0
1078.1631384615384,1108.4315846153847,1925.6796307692307,1955.9480769230772,0
1078.1631384615384,1108.4315846153847,1955.9480769230772,1986.2165230769233,0
1078.1631384615384,1108.4315846153847,1986.2165230769233,2016.4849692307694,0
1078.1631384615384,1108.4315846153847,2016.4849692307694,2046.7534153846154,0
1078.1631384615384,1108.4315846153847,2046.7534153846154,2077.0218615384615,0
1078.1631384615384,1108.4315846153847,2077.0218615384615,2107.290307692308,0
1078.1631384615384,1108.4315846153847,2107.290307692308,2137.558753846154,0
1078.1631384615384,1108.4315846153847,2137.558753846154,2167.8272,0
1078.1631384615384,1108.4315846153847,2167.8272,2198.0956461538462,0
1078.1631384615384,1108.4315846153847,2198.0956461538462,2228.3640923076923,0
1078.1631384615384,1108.4315846153847,2228.3640923076923,2258.632538461539,0
1078.1631384615384,1108.4315846153847,2258.632538461539,2288.900984615385,0
1078.1631384615384,1108.4315846153847,2288.900984615385,2319.169430769231,0
1078.1631384615384,1108.4315846153847,2319.169430769231,2349.437876923077,0
1078.1631384615384,1108.4315846153847,2349.437876923077,2379.706323076923,0
1078.1631384615384,1108.4315846153847,2379.706323076923,2409.974769230769,0
1078.1631384615384,1108.4315846153847,2409.974769230769,2440.2432153846157,0
1078.1631384615384,1108.4315846153847,2440.2432153846157,2470.511661538462,0
1078.1631384615384,1108.4315846153847,2470.511661538462,2500.780107692308,0
1078.1631384615384,1108.4315846153847,2500.780107692308,2531.048553846154,0
1078.1631384615384,1108.4315846153847,2531.048553846154,2561.317,0
1108.4315846153847,1138.700030769231,593.868,624.1364461538462,0
1108.4315846153847,1138.700030769231,624.1364461538462,654.4048923076923,0
1108.4315846153847,1138.700030769231,654.4048923076923,684.6733384615385,0
1108.4315846153847,1138.700030769231,684.6733384615385,714.9417846153847,0
1108.4315846153847,1138.700030769231,714.9417846153847,745.2102307692309,0
1108.4315846153847,1138.700030769231,745.2102307692309,775.478676923077,4
1108.4315846153847,1138.700030769231,775.478676923077,805.7471230769231,16
1108.4315846153847,1138.700030769231,805.7471230769231,836.0155692307693,66
1108.4315846153847,1138.700030769231,836.0155692307693,866.2840153846155,63
1108.4315846153847,1138.700030769231,866.2840153846155,896.5524615384616,169
1108.4315846153847,1138.700030769231,896.5524615384616,926.8209076923077,341
1108.4315846153847,1138.700030769231,926.8209076923077,957.0893538461539,271
1108.4315846153847,1138.700030769231,957.0893538461539,987.3578000000001,906
1108.4315846153847,1138.700030769231,987.3578000000001,1017.6262461538463,1666
1108.4315846153847,1138.700030769231,1017.6262461538463,1047.8946923076924,2733
1108.4315846153847,1138.700030769231,1047.8946923076924,1078.1631384615384,2017
1108.4315846153847,1138.700030769231,1078.1631384615384,1108.4315846153847,503
1108.4315846153847,1138.700030769231,1108.4315846153847,1138.700030769231,786
1108.4315846153847,1138.700030769231,1138.700030769231,1168.968476923077,11
1108.4315846153847,1138.700030769231,1168.968476923077,1199.2369230769232,8
1108.4315846153847,1138.700030769231,1199.2369230769232,1229.5053692307692,1
1108.4315846153847,1138.700030769231,1229.5053692307692,1259.7738153846153,6
1108.4315846153847,1138.700030769231,1259.7738153846153,1290.0422615384616,2
1108.4315846153847,1138.700030769231,1290.0422615384616,1320.310707692308,1
1108.4315846153847,1138.700030769231,1320.310707692308,1350.579153846154,7
1108.4315846153847,1138.700030769231,1350.579153846154,1380.8476,0
1108.4315846153847,1138.700030769231,1380.8476,1411.1160461538461,1
1108.4315846153847,1138.700030769231,1411.1160461538461,1441.3844923076924,0
1108.4315846153847,1138.700030769231,1441.3844923076924,1471.6529384615387,1
1108.4315846153847,1138.700030769231,1471.6529384615387,1501.9213846153848,0
1108.4315846153847,1138.700030769231,1501.9213846153848,1532.1898307692309,0
1108.4315846153847,1138.700030769231,1532.1898307692309,1562.458276923077,0
1108.4315846153847,1138.700030769231,1562.458276923077,1592.7267230769232,0
1108.4315846153847,1138.700030769231,1592.7267230769232,1622.9951692307695,0
1108.4315846153847,1138.700030769231,1622.9951692307695,1653.2636153846156,0
1108.4315846153847,1138.700030769231,1653.2636153846156,1683.5320615384617,0
1108.4315846153847,1138.700030769231,1683.5320615384617,1713.8005076923077,0
1108.4315846153847,1138.700030769231,1713.8005076923077,1744.0689538461538,0
1108.4315846153847,1138.700030769231,1744.0689538461538,1774.3374000000003,0
1108.4315846153847,1138.700030769231,1774.3374000000003,1804.6058461538464,0
1108.4315846153847,1138.700030769231,1804.6058461538464,1834.8742923076925,0
1108.4315846153847,1138.700030769231,1834.8742923076925,1865.1427384615386,0
1108.4315846153847,1138.700030769231,1865.1427384615386,1895.4111846153846,0
1108.4315846153847,1138.700030769231,1895.4111846153846,1925.6796307692307,0
1108.4315846153847,1138.700030769231,1925.6796307692307,1955.9480769230772,0
1108.4315846153847,1138.700030769231,1955.9480769230772,1986.2165230769233,0
1108.4315846153847,1138.700030769231,1986.2165230769233,2016.4849692307694,0
1108.4315846153847,1138.700030769231,2016.4849692307694,2046.7534153846154,0
1108.4315846153847,1138.700030769231,2046.7534153846154,2077.0218615384615,0
1108.4315846153847,1138.700030769231,2077.0218615384615,2107.290307692308,0
1108.4315846153847,1138.700030769231,2107.290307692308,2137.558753846154,0
1108.4315846153847,1138.700030769231,2137.558753846154,2167.8272,0
1108.4315846153847,1138.700030769231,2167.8272,2198.0956461538462,0
1108.4315846153847,1138.700030769231,2198.0956461538462,2228.3640923076923,0
1108.4315846153847,1138.700030769231,2228.3640923076923,2258.632538461539,0
1108.4315846153847,1138.700030769231,2258.632538461539,2288.900984615385,0
1108.4315846153847,1138.700030769231,2288.900984615385,2319.169430769231,0
1108.4315846153847,1138.700030769231,2319.169430769231,2349.437876923077,0
1108.4315846153847,1138.700030769231,2349.437876923077,2379.706323076923,0
1108.4315846153847,1138.700030769231,2379.706323076923,2409.974769230769,0
1108.4315846153847,1138.700030769231,2409.974769230769,2440.2432153846157,0
1108.4315846153847,1138.700030769231,2440.2432153846157,2470.511661538462,0
1108.4315846153847,1138.700030769231,2470.511661538462,2500.780107692308,0
1108.4315846153847,1138.700030769231,2500.780107692308,2531.048553846154,0
1108.4315846153847,1138.700030769231,2531.048553846154,2561.317,0
1138.700030769231,1168.968476923077,593.868,624.1364461538462,0
1138.700030769231,1168.968476923077,624.1364461538462,654.4048923076923,0
1138.700030769231,1168.968476923077,654.4048923076923,684.6733384615385,0
1138.700030769231,1168.968476923077,684.6733384615385,714.9417846153847,0
1138.700030769231,1168.968476923077,714.9417846153847,745.2102307692309,0
1138.700030769231,1168.968476923077,745.2102307692309,775.478676923077,3
1138.700030769231,1168.968476923077,775.478676923077,805.7471230769231,3
1138.700030769231,1168.968476923077,805.7471230769231,836.0155692307693,38
1138.700030769231,1168.968476923077,836.0155692307693,866.2840153846155,37
1138.700030769231,1168.968476923077,866.2840153846155,896.5524615384616,144
1138.700030769231,1168.968476923077,896.5524615384616,926.8209076923077,379
1138.700030769231,1168.968476923077,926.8209076923077,957.0893538461539,465
1138.700030769231,1168.968476923077,957.0893538461539,987.3578000000001,684
1138.700030769231,1168.968476923077,987.3578000000001,1017.6262461538463,1744
1138.700030769231,1168.968476923077,1017.6262461538463,1047.8946923076924,2867
1138.700030769231,1168.968476923077,1047.8946923076924,1078.1631384615384,1807
1138.700030769231,1168.968476923077,1078.1631384615384,1108.4315846153847,1163
1138.700030769231,1168.968476923077,1108.4315846153847,1138.700030769231,271
1138.700030769231,1168.968476923077,1138.700030769231,1168.968476923077,13
1138.700030769231,1168.968476923077,1168.968476923077,1199.2369230769232,7
1138.700030769231,1168.968476923077,1199.2369230769232,1229.5053692307692,10
1138.700030769231,1168.968476923077,1229.5053692307692,1259.7738153846153,7
1138.700030769231,1168.968476923077,1259.7738153846153,1290.0422615384616,9
1138.700030769231,1168.968476923077,1290.0422615384616,1320.310707692308,7
1138.700030769231,1168.968476923077,1320.310707692308,1350.579153846154,7
1138.700030769231,1168.968476923077,1350.579153846154,1380.8476,0
1138.700030769231,1168.968476923077,1380.8476,1411.1160461538461,2
1138.700030769231,1168.968476923077,1411.1160461538461,1441.3844923076924,0
1138.700030769231,1168.968476923077,1441.3844923076924,1471.6529384615387,0
1138.700030769231,1168.968476923077,1471.6529384615387,1501.9213846153848,0
1138.700030769231,1168.968476923077,1501.9213846153848,1532.1898307692309,0
1138.700030769231,1168.968476923077,1532.1898307692309,1562.458276923077,0
1138.700030769231,1168.968476923077,1562.458276923077,1592.7267230769232,0
1138.700030769231,1168.968476923077,1592.7267230769232,1622.9951692307695,0
1138.700030769231,1168.968476923077,1622.9951692307695,1653.2636153846156,0
1138.700030769231,1168.968476923077,1653.2636153846156,1683.5320615384617,0
1138.700030769231,1168.968476923077,1683.5320615384617,1713.8005076923077,0
1138.700030769231,1168.968476923077,1713.8005076923077,1744.0689538461538,0
1138.700030769231,1168.968476923077,1744.0689538461538,1774.3374000000003,0
1138.700030769231,1168.968476923077,1774.3374000000003,1804.6058461538464,0
1138.700030769231,1168.968476923077,1804.6058461538464,1834.8742923076925,0
1138.700030769231,1168.968476923077,1834.8742923076925,1865.1427384615386,0
1138.700030769231,1168.968476923077,1865.1427384615386,1895.4111846153846,0
1138.700030769231,1168.968476923077,1895.4111846153846,1925.6796307692307,0
1138.700030769231,1168.968476923077,1925.6796307692307,1955.9480769230772,0
1138.700030769231,1168.968476923077,1955.9480769230772,1986.2165230769233,0
1138.700030769231,1168.968476923077,1986.2165230769233,2016.4849692307694,0
1138.700030769231,1168.968476923077,2016.4849692307694,2046.7534153846154,0
1138.700030769231,1168.968476923077,2046.7534153846154,2077.0218615384615,0
1138.700030769231,1168.968476923077,2077.0218615384615,2107.290307692308,0
1138.700030769231,1168.968476923077,2107.290307692308,2137.558753846154,0
1138.700030769231,1168.968476923077,2137.558753846154,2167.8272,0
1138.700030769231,1168.968476923077,2167.8272,2198.0956461538462,0
1138.700030769231,1168.968476923077,2198.0956461538462,2228.3640923076923,0
1138.700030769231,1168.968476923077,2228.3640923076923,2258.632538461539,0
1138.700030769231,1168.968476923077,2258.632538461539,2288.900984615385,0
1138.700030769231,1168.968476923077,2288.900984615385,2319.169430769231,0
1138.700030769231,1168.968476923077,2319.169430769231,2349.437876923077,0
1138.700030769231,1168.968476923077,2349.437876923077,2379.706323076923,0
1138.700030769231,1168.968476923077,2379.706323076923,2409.974769230769,0
1138.700030769231,1168.968476923077,2409.974769230769,2440.2432153846157,0
1138.700030769231,1168.968476923077,2440.2432153846157,2470.511661538462,0
1138.700030769231,1168.968476923077,2470.511661538462,2500.780107692308,0
1138.700030769231,1168.968476923077,2500.780107692308,2531.048553846154,0
1138.700030769231,1168.968476923077,2531.048553846154,2561.317,0
1168.968476923077,1199.2369230769232,593.868,624.1364461538462,0
1168.968476923077,1199.2369230769232,624.1364461538462,654.4048923076923,0
1168.968476923077,1199.2369230769232,654.4048923076923,684.6733384615385,0
1168.968476923077,1199.2369230769232,684.6733384615385,714.9417846153847,0
1168.968476923077,1199.2369230769232,714.9417846153847,745.2102307692309,0
1168.968476923077,1199.2369230769232,745.2102307692309,775.478676923077,0
1168.968476923077,1199.2369230769232,775.478676923077,805.7471230769231,0
1168.968476923077,1199.2369230769232,805.7471230769231,836.0155692307693,13
1168.968476923077,1199.2369230769232,836.0155692307693,866.2840153846155,28
1168.968476923077,1199.2369230769232,866.2840153846155,896.5524615384616,50
1168.968476923077,1199.2369230769232,896.5524615384616,926.8209076923077,370
1168.968476923077,1199.2369230769232,926.8209076923077,957.0893538461539,569
1168.968476923077,1199.2369230769232,957.0893538461539,987.3578000000001,878
1168.968476923077,1199.2369230769232,987.3578000000001,1017.6262461538463,1004
1168.968476923077,1199.2369230769232,1017.6262461538463,1047.8946923076924,2092
1168.968476923077,1199.2369230769232,1047.8946923076924,1078.1631384615384,2382
1168.968476923077,1199.2369230769232,1078.1631384615384,1108.4315846153847,1338
1168.968476923077,1199.2369230769232,1108.4315846153847,1138.700030769231,229
1168.968476923077,1199.2369230769232,1138.700030769231,1168.968476923077,65
1168.968476923077,1199.2369230769232,1168.968476923077,1199.2369230769232,134
1168.968476923077,1199.2369230769232,1199.2369230769232,1229.5053692307692,11
1168.968476923077,1199.2369230769232,1229.5053692307692,1259.7738153846153,19
1168.968476923077,1199.2369230769232,1259.7738153846153,1290.0422615384616,26
1168.968476923077,1199.2369230769232,1290.0422615384616,1320.310707692308,9
1168.968476923077,1199.2369230769232,1320.310707692308,1350.579153846154,3
1168.968476923077,1199.2369230769232,1350.579153846154,1380.8476,8
1168.968476923077,1199.2369230769232,1380.8476,1411.1160461538461,3
1168.968476923077,1199.2369230769232,1411.1160461538461,1441.3844923076924,0
1168.968476923077,1199.2369230769232,1441.3844923076924,1471.6529384615387,4
1168.968476923077,1199.2369230769232,1471.6529384615387,1501.9213846153848,0
1168.968476923077,1199.2369230769232,1501.9213846153848,1532.1898307692309,0
1168.968476923077,1199.2369230769232,1532.1898307692309,1562.458276923077,0
1168.968476923077,1199.2369230769232,1562.458276923077,1592.7267230769232,0
1168.968476923077,1199.2369230769232,1592.7267230769232,1622.9951692307695,0
1168.968476923077,1199.2369230769232,1622.9951692307695,1653.2636153846156,0
1168.968476923077,1199.2369230769232,1653.2636153846156,1683.5320615384617,0
1168.968476923077,1199.2369230769232,1683.5320615384617,1713.8005076923077,0
1168.968476923077,1199.2369230769232,1713.8005076923077,1744.0689538461538,0
1168.968476923077,1199.2369230769232,1744.0689538461538,1774.3374000000003,0
1168.968476923077,1199.2369230769232,1774.3374000000003,1804.6058461538464,0
1168.968476923077,1199.2369230769232,1804.6058461538464,1834.8742923076925,0
1168.968476923077,1199.2369230769232,1834.8742923076925,1865.1427384615386,0
1168.968476923077,1199.2369230769232,1865.1427384615386,1895.4111846153846,0
1168.968476923077,1199.2369230769232,1895.4111846153846,1925.6796307692307,0
1168.968476923077,1199.2369230769232,1925.6796307692307,1955.9480769230772,0
1168.968476923077,1199.2369230769232,1955.9480769230772,1986.2165230769233,0
1168.968476923077,1199.2369230769232,1986.2165230769233,2016.4849692307694,0
1168.968476923077,1199.2369230769232,2016.4849692307694,2046.7534153846154,0
1168.968476923077,1199.2369230769232,2046.7534153846154,2077.0218615384615,0
1168.968476923077,1199.2369230769232,2077.0218615384615,2107.290307692308,0
1168.968476923077,1199.2369230769232,2107.290307692308,2137.558753846154,0
1168.968476923077,1199.2369230769232,2137.558753846154,2167.8272,0
1168.968476923077,1199.2369230769232,2167.8272,2198.0956461538462,0
1168.968476923077,1199.2369230769232,2198.0956461538462,2228.3640923076923,0
1168.968476923077,1199.2369230769232,2228.3640923076923,2258.632538461539,0
1168.968476923077,1199.2369230769232,2258.632538461539,2288.900984615385,0
1168.968476923077,1199.2369230769232,2288.900984615385,2319.169430769231,0
1168.968476923077,1199.2369230769232,2319.169430769231,2349.437876923077,0
1168.968476923077,1199.2369230769232,2349.437876923077,2379.706323076923,0
1168.968476923077,1199.2369230769232,2379.706323076923,2409.974769230769,0
1168.968476923077,1199.2369230769232,2409.974769230769,2440.2432153846157,0
1168.968476923077,1199.2369230769232,2440.2432153846157,2470.511661538462,0
1168.968476923077,1199.2369230769232,2470.511661538462,2500.780107692308,0
1168.968476923077,1199.2369230769232,2500.780107692308,2531.048553846154,0
1168.968476923077,1199.2369230769232,2531.048553846154,2561.317,0
1199.2369230769232,1229.5053692307692,593.868,624.1364461538462,0
1199.2369230769232,1229.5053692307692,624.1364461538462,654.4048923076923,0
1199.2369230769232,1229.5053692307692,654.4048923076923,684.6733384615385,0
1199.2369230769232,1229.5053692307692,684.6733384615385,714.9417846153847,0
1199.2369230769232,1229.5053692307692,714.9417846153847,745.2102307692309,0
1199.2369230769232,1229.5053692307692,745.2102307692309,775.478676923077,0
1199.2369230769232,1229.5053692307692,775.478676923077,805.7471230769231,1
1199.2369230769232,1229.5053692307692,805.7471230769231,836.0155692307693,4
1199.2369230769232,1229.5053692307692,836.0155692307693,866.2840153846155,8
1199.2369230769232,1229.5053692307692,866.2840153846155,896.5524615384616,57
1199.2369230769232,1229.5053692307692,896.5524615384616,926.8209076923077,240
1199.2369230769232,1229.5053692307692,926.8209076923077,957.0893538461539,325
1199.2369230769232,1229.5053692307692,957.0893538461539,987.3578000000001,622
1199.2369230769232,1229.5053692307692,987.3578000000001,1017.6262461538463,825
1199.2369230769232,1229.5053692307692,1017.6262461538463,1047.8946923076924,1518
1199.2369230769232,1229.5053692307692,1047.8946923076924,1078.1631384615384,3201
1199.2369230769232,1229.5053692307692,1078.1631384615384,1108.4315846153847,1276
1199.2369230769232,1229.5053692307692,1108.4315846153847,1138.700030769231,430
1199.2369230769232,1229.5053692307692,1138.700030769231,1168.968476923077,248
1199.2369230769232,1229.5053692307692,1168.968476923077,1199.2369230769232,46
1199.2369230769232,1229.5053692307692,1199.2369230769232,1229.5053692307692,34
1199.2369230769232,1229.5053692307692,1229.5053692307692,1259.7738153846153,20
1199.2369230769232,1229.5053692307692,1259.7738153846153,1290.0422615384616,10
1199.2369230769232,1229.5053692307692,1290.0422615384616,1320.310707692308,14
1199.2369230769232,1229.5053692307692,1320.310707692308,1350.579153846154,9
1199.2369230769232,1229.5053692307692,1350.579153846154,1380.8476,8
1199.2369230769232,1229.5053692307692,1380.8476,1411.1160461538461,9
1199.2369230769232,1229.5053692307692,1411.1160461538461,1441.3844923076924,11
1199.2369230769232,1229.5053692307692,1441.3844923076924,1471.6529384615387,6
1199.2369230769232,1229.5053692307692,1471.6529384615387,1501.9213846153848,0
1199.2369230769232,1229.5053692307692,1501.9213846153848,1532.1898307692309,0
1199.2369230769232,1229.5053692307692,1532.1898307692309,1562.458276923077,0
1199.2369230769232,1229.5053692307692,1562.458276923077,1592.7267230769232,0
1199.2369230769232,1229.5053692307692,1592.7267230769232,1622.9951692307695,0
1199.2369230769232,1229.5053692307692,1622.9951692307695,1653.2636153846156,0
1199.2369230769232,1229.5053692307692,1653.2636153846156,1683.5320615384617,0
1199.2369230769232,1229.5053692307692,1683.5320615384617,1713.8005076923077,0
1199.2369230769232,1229.5053692307692,1713.8005076923077,1744.0689538461538,0
1199.2369230769232,1229.5053692307692,1744.0689538461538,1774.3374000000003,0
1199.2369230769232,1229.5053692307692,1774.3374000000003,1804.6058461538464,0
1199.2369230769232,1229.5053692307692,1804.6058461538464,1834.8742923076925,0
1199.2369230769232,1229.5053692307692,1834.8742923076925,1865.1427384615386,0
1199.2369230769232,1229.5053692307692,1865.1427384615386,1895.4111846153846,0
1199.2369230769232,1229.5053692307692,1895.4111846153846,1925.6796307692307,0
1199.2369230769232,1229.5053692307692,1925.6796307692307,1955.9480769230772,0
1199.2369230769232,1229.5053692307692,1955.9480769230772,1986.2165230769233,0
1199.2369230769232,1229.5053692307692,1986.2165230769233,2016.4849692307694,0
1199.2369230769232,1229.5053692307692,2016.4849692307694,2046.7534153846154,0
1199.2369230769232,1229.5053692307692,2046.7534153846154,2077.0218615384615,0
1199.2369230769232,1229.5053692307692,2077.0218615384615,2107.290307692308,0
1199.2369230769232,1229.5053692307692,2107.290307692308,2137.558753846154,0
1199.2369230769232,1229.5053692307692,2137.558753846154,2167.8272,0
1199.2369230769232,1229.5053692307692,2167.8272,2198.0956461538462,0
1199.2369230769232,1229.5053692307692,2198.0956461538462,2228.3640923076923,0
1199.2369230769232,1229.5053692307692,2228.3640923076923,2258.632538461539,0
1199.2369230769232,1229.5053692307692,2258.632538461539,2288.900984615385,0
1199.2369230769232,1229.5053692307692,2288.900984615385,2319.169430769231,0
1199.2369230769232,1229.5053692307692,2319.169430769231,2349.437876923077,0
1199.2369230769232,1229.5053692307692,2349.437876923077,2379.706323076923,0
1199.2369230769232,1229.5053692307692,2379.706323076923,2409.974769230769,0
1199.2369230769232,1229.5053692307692,2409.974769230769,2440.2432153846157,0
1199.2369230769232,1229.5053692307692,2440.2432153846157,2470.511661538462,0
1199.2369230769232,1229.5053692307692,2470.511661538462,2500.780107692308,0
1199.2369230769232,1229.5053692307692,2500.780107692308,2531.048553846154,0
1199.2369230769232,1229.5053692307692,2531.048553846154,2561.317,0
1229.5053692307692,1259.7738153846153,593.868,624.1364461538462,0
1229.5053692307692,1259.7738153846153,624.1364461538462,654.4048923076923,0
1229.5053692307692,1259.7738153846153,654.4048923076923,684.6733384615385,0
1229.5053692307692,1259.7738153846153,684.6733384615385,714.9417846153847,0
1229.5053692307692,1259.7738153846153,714.9417846153847,745.2102307692309,0
1229.5053692307692,1259.7738153846153,745.2102307692309,775.478676923077,0
1229.5053692307692,1259.7738153846153,775.478676923077,805.7471230769231,2
1229.5053692307692,1259.7738153846153,805.7471230769231,836.0155692307693,5
1229.5053692307692,1259.7738153846153,836.0155692307693,866.2840153846155,16
1229.5053692307692,1259.7738153846153,866.2840153846155,896.5524615384616,33
1229.5053692307692,1259.7738153846153,896.5524615384616,926.8209076923077,68
1229.5053692307692,1259.7738153846153,926.8209076923077,957.0893538461539,93
1229.5053692307692,1259.7738153846153,957.0893538461539,987.3578000000001,315
1229.5053692307692,1259.7738153846153,987.3578000000001,1017.6262461538463,603
1229.5053692307692,1259.7738153846153,1017.6262461538463,1047.8946923076924,528
1229.5053692307692,1259.7738153846153,1047.8946923076924,1078.1631384615384,1806
1229.5053692307692,1259.7738153846153,1078.1631384615384,1108.4315846153847,2054
1229.5053692307692,1259.7738153846153,1108.4315846153847,1138.700030769231,457
1229.5053692307692,1259.7738153846153,1138.700030769231,1168.968476923077,542
1229.5053692307692,1259.7738153846153,1168.968476923077,1199.2369230769232,189
1229.5053692307692,1259.7738153846153,1199.2369230769232,1229.5053692307692,149
1229.5053692307692,1259.7738153846153,1229.5053692307692,1259.7738153846153,17
1229.5053692307692,1259.7738153846153,1259.7738153846153,1290.0422615384616,5
1229.5053692307692,1259.7738153846153,1290.0422615384616,1320.310707692308,20
1229.5053692307692,1259.7738153846153,1320.310707692308,1350.579153846154,12
1229.5053692307692,1259.7738153846153,1350.579153846154,1380.8476,6
1229.5053692307692,1259.7738153846153,1380.8476,1411.1160461538461,14
1229.5053692307692,1259.7738153846153,1411.1160461538461,1441.3844923076924,4
1229.5053692307692,1259.7738153846153,1441.3844923076924,1471.6529384615387,6
1229.5053692307692,1259.7738153846153,1471.6529384615387,1501.9213846153848,3
1229.5053692307692,1259.7738153846153,1501.9213846153848,1532.1898307692309,0
1229.5053692307692,1259.7738153846153,1532.1898307692309,1562.458276923077,0
1229.5053692307692,1259.7738153846153,1562.458276923077,1592.7267230769232,0
1229.5053692307692,1259.7738153846153,1592.7267230769232,1622.9951692307695,0
1229.5053692307692,1259.7738153846153,1622.9951692307695,1653.2636153846156,0
1229.5053692307692,1259.7738153846153,1653.2636153846156,1683.5320615384617,0
1229.5053692307692,1259.7738153846153,1683.5320615384617,1713.8005076923077,0
1229.5053692307692,1259.7738153846153,1713.8005076923077,1744.0689538461538,0
1229.5053692307692,1259.7738153846153,1744.0689538461538,1774.3374000000003,0
1229.5053692307692,1259.7738153846153,1774.3374000000003,1804.6058461538464,0
1229.5053692307692,1259.7738153846153,1804.6058461538464,1834.8742923076925,0
1229.5053692307692,1259.7738153846153,1834.8742923076925,1865.1427384615386,0
1229.5053692307692,1259.7738153846153,1865.1427384615386,1895.4111846153846,0
1229.5053692307692,1259.7738153846153,1895.4111846153846,1925.6796307692307,0
1229.5053692307692,1259.7738153846153,1925.6796307692307,1955.9480769230772,0
1229.5053692307692,1259.7738153846153,1955.9480769230772,1986.2165230769233,0
1229.5053692307692,1259.7738153846153,1986.2165230769233,2016.4849692307694,0
1229.5053692307692,1259.7738153846153,2016.4849692307694,2046.7534153846154,0
1229.5053692307692,1259.7738153846153,2046.7534153846154,2077.0218615384615,0
1229.5053692307692,1259.7738153846153,2077.0218615384615,2107.290307692308,0
1229.5053692307692,1259.7738153846153,2107.290307692308,2137.558753846154,0
1229.5053692307692,1259.7738153846153,2137.558753846154,2167.8272,0
1229.5053692307692,1259.7738153846153,2167.8272,2198.0956461538462,0
1229.5053692307692,1259.7738153846153,2198.0956461538462,2228.3640923076923,0
1229.5053692307692,1259.7738153846153,2228.3640923076923,2258.632538461539,0
1229.5053692307692,1259.7738153846153,2258.632538461539,2288.900984615385,0
1229.5053692307692,1259.7738153846153,2288.900984615385,2319.169430769231,0
1229.5053692307692,1259.7738153846153,2319.169430769231,2349.437876923077,0
1229.5053692307692,1259.7738153846153,2349.437876923077,2379.706323076923,0
1229.5053692307692,1259.7738153846153,2379.706323076923,2409.974769230769,0
1229.5053692307692,1259.7738153846153,2409.974769230769,2440.2432153846157,0
1229.5053692307692,1259.7738153846153,2440.2432153846157,2470.511661538462,0
1229.5053692307692,1259.7738153846153,2470.511661538462,2500.780107692308,0
1229.5053692307692,1259.7738153846153,2500.780107692308,2531.048553846154,0
1229.5053692307692,1259.7738153846153,2531.048553846154,2561.317,0
1259.7738153846153,1290.0422615384616,593.868,624.1364461538462,0
1259.7738153846153,1290.0422615384616,624.1364461538462,654.4048923076923,0
1259.7738153846153,1290.0422615384616,654.4048923076923,684.6733384615385,0
1259.7738153846153,1290.0422615384616,684.6733384615385,714.9417846153847,0
1259.7738153846153,1290.0422615384616,714.9417846153847,745.2102307692309,0
1259.7738153846153,1290.0422615384616,745.2102307692309,775.478676923077,0
1259.7738153846153,1290.0422615384616,775.478676923077,805.7471230769231,0
1259.7738153846153,1290.0422615384616,805.7471230769231,836.0155692307693,2
1259.7738153846153,1290.0422615384616,836.0155692307693,866.2840153846155,8
1259.7738153846153,1290.0422615384616,866.2840153846155,896.5524615384616,20
1259.7738153846153,1290.0422615384616,896.5524615384616,926.8209076923077,20
1259.7738153846153,1290.0422615384616,926.8209076923077,957.0893538461539,63
1259.7738153846153,1290.0422615384616,957.0893538461539,987.3578000000001,171
1259.7738153846153,1290.0422615384616,987.3578000000001,1017.6262461538463,312
1259.7738153846153,1290.0422615384616,1017.6262461538463,1047.8946923076924,274
1259.7738153846153,1290.0422615384616,1047.8946923076924,1078.1631384615384,1431
1259.7738153846153,1290.0422615384616,1078.1631384615384,1108.4315846153847,2168
1259.7738153846153,1290.0422615384616,1108.4315846153847,1138.700030769231,766
1259.7738153846153,1290.0422615384616,1138.700030769231,1168.968476923077,495
1259.7738153846153,1290.0422615384616,1168.968476923077,1199.2369230769232,261
1259.7738153846153,1290.0422615384616,1199.2369230769232,1229.5053692307692,126
1259.7738153846153,1290.0422615384616,1229.5053692307692,1259.7738153846153,45
1259.7738153846153,1290.0422615384616,1259.7738153846153,1290.0422615384616,65
1259.7738153846153,1290.0422615384616,1290.0422615384616,1320.310707692308,5
1259.7738153846153,1290.0422615384616,1320.310707692308,1350.579153846154,19
1259.7738153846153,1290.0422615384616,1350.579153846154,1380.8476,22
1259.7738153846153,1290.0422615384616,1380.8476,1411.1160461538461,26
1259.7738153846153,1290.0422615384616,1411.1160461538461,1441.3844923076924,1
1259.7738153846153,1290.0422615384616,1441.3844923076924,1471.6529384615387,16
1259.7738153846153,1290.0422615384616,1471.6529384615387,1501.9213846153848,2
1259.7738153846153,1290.0422615384616,1501.9213846153848,1532.1898307692309,0
1259.7738153846153,1290.0422615384616,1532.1898307692309,1562.458276923077,0
1259.7738153846153,1290.0422615384616,1562.458276923077,1592.7267230769232,0
1259.7738153846153,1290.0422615384616,1592.7267230769232,1622.9951692307695,0
1259.7738153846153,1290.0422615384616,1622.9951692307695,1653.2636153846156,0
1259.7738153846153,1290.0422615384616,1653.2636153846156,1683.5320615384617,0
1259.7738153846153,1290.0422615384616,1683.5320615384617,1713.8005076923077,0
1259.7738153846153,1290.0422615384616,1713.8005076923077,1744.0689538461538,0
1259.7738153846153,1290.0422615384616,1744.0689538461538,1774.3374000000003,0
1259.7738153846153,1290.0422615384616,1774.3374000000003,1804.6058461538464,0
1259.7738153846153,1290.0422615384616,1804.6058461538464,1834.8742923076925,0
1259.7738153846153,1290.0422615384616,1834.8742923076925,1865.1427384615386,0
1259.7738153846153,1290.0422615384616,1865.1427384615386,1895.4111846153846,0
1259.7738153846153,1290.0422615384616,1895.4111846153846,1925.6796307692307,0
1259.7738153846153,1290.0422615384616,1925.6796307692307,1955.9480769230772,0
1259.7738153846153,1290.0422615384616,1955.9480769230772,1986.2165230769233,0
1259.7738153846153,1290.0422615384616,1986.2165230769233,2016.4849692307694,0
1259.7738153846153,1290.0422615384616,2016.4849692307694,2046.7534153846154,0
1259.7738153846153,1290.0422615384616,2046.7534153846154,2077.0218615384615,0
1259.7738153846153,1290.0422615384616,2077.0218615384615,2107.290307692308,0
1259.7738153846153,1290.0422615384616,2107.290307692308,2137.558753846154,0
1259.7738153846153,1290.0422615384616,2137.558753846154,2167.8272,0
1259.7738153846153,1290.0422615384616,2167.8272,2198.0956461538462,0
1259.7738153846153,1290.0422615384616,2198.0956461538462,2228.3640923076923,0
1259.7738153846153,1290.0422615384616,2228.3640923076923,2258.632538461539,0
1259.7738153846153,1290.0422615384616,2258.632538461539,2288.900984615385,0
1259.7738153846153,1290.0422615384616,2288.900984615385,2319.169430769231,0
1259.7738153846153,1290.0422615384616,2319.169430769231,2349.437876923077,0
1259.7738153846153,1290.0422615384616,2349.437876923077,2379.706323076923,0
1259.7738153846153,1290.0422615384616,2379.706323076923,2409.974769230769,0
1259.7738153846153,1290.0422615384616,2409.974769230769,2440.2432153846157,0
1259.7738153846153,1290.0422615384616,2440.2432153846157,2470.511661538462,0
1259.7738153846153,1290.0422615384616,2470.511661538462,2500.780107692308,0
1259.7738153846153,1290.0422615384616,2500.780107692308,2531.048553846154,0
1259.7738153846153,1290.0422615384616,2531.048553846154,2561.317,0
1290.0422615384616,1320.310707692308,593.868,624.1364461538462,0
1290.0422615384616,1320.310707692308,624.1364461538462,654.4048923076923,0
1290.0422615384616,1320.310707692308,654.4048923076923,684.6733384615385,0
1290.0422615384616,1320.310707692308,684.6733384615385,714.9417846153847,0
1290.0422615384616,1320.310707692308,714.9417846153847,745.2102307692309,0
1290.0422615384616,1320.310707692308,745.2102307692309,775.478676923077,0
1290.0422615384616,1320.310707692308,775.478676923077,805.7471230769231,0
1290.0422615384616,1320.310707692308,805.7471230769231,836.0155692307693,0
1290.0422615384616,1320.310707692308,836.0155692307693,866.2840153846155,3
1290.0422615384616,1320.310707692308,866.2840153846155,896.5524615384616,5
1290.0422615384616,1320.310707692308,896.5524615384616,926.8209076923077,4
1290.0422615384616,1320.310707692308,926.8209076923077,957.0893538461539,16
1290.0422615384616,1320.310707692308,957.0893538461539,987.3578000000001,82
1290.0422615384616,1320.310707692308,987.3578000000001,1017.6262461538463,202
1290.0422615384616,1320.310707692308,1017.6262461538463,1047.8946923076924,251
1290.0422615384616,1320.310707692308,1047.8946923076924,1078.1631384615384,854
1290.0422615384616,1320.310707692308,1078.1631384615384,1108.4315846153847,1502
1290.0422615384616,1320.310707692308,1108.4315846153847,1138.700030769231,619
1290.0422615384616,1320.310707692308,1138.700030769231,1168.968476923077,347
1290.0422615384616,1320.310707692308,1168.968476923077,1199.2369230769232,258
1290.0422615384616,1320.310707692308,1199.2369230769232,1229.5053692307692,49
1290.0422615384616,1320.310707692308,1229.5053692307692,1259.7738153846153,174
1290.0422615384616,1320.310707692308,1259.7738153846153,1290.0422615384616,37
1290.0422615384616,1320.310707692308,1290.0422615384616,1320.310707692308,52
1290.0422615384616,1320.310707692308,1320.310707692308,1350.579153846154,21
1290.0422615384616,1320.310707692308,1350.579153846154,1380.8476,34
1290.0422615384616,1320.310707692308,1380.8476,1411.1160461538461,22
1290.0422615384616,1320.310707692308,1411.1160461538461,1441.3844923076924,19
1290.0422615384616,1320.310707692308,1441.3844923076924,1471.6529384615387,38
1290.0422615384616,1320.310707692308,1471.6529384615387,1501.9213846153848,22
1290.0422615384616,1320.310707692308,1501.9213846153848,1532.1898307692309,3
1290.0422615384616,1320.310707692308,1532.1898307692309,1562.458276923077,1
1290.0422615384616,1320.310707692308,1562.458276923077,1592.7267230769232,0
1290.0422615384616,1320.310707692308,1592.7267230769232,1622.9951692307695,0
1290.0422615384616,1320.310707692308,1622.9951692307695,1653.2636153846156,0
1290.0422615384616,1320.310707692308,1653.2636153846156,1683.5320615384617,0
1290.0422615384616,1320.310707692308,1683.5320615384617,1713.8005076923077,0
1290.0422615384616,1320.310707692308,1713.8005076923077,1744.0689538461538,0
1290.0422615384616,1320.310707692308,1744.0689538461538,1774.3374000000003,0
1290.0422615384616,1320.310707692308,1774.3374000000003,1804.6058461538464,0
1290.0422615384616,1320.310707692308,1804.6058461538464,1834.8742923076925,0
1290.0422615384616,1320.310707692308,1834.8742923076925,1865.1427384615386,0
1290.0422615384616,1320.310707692308,1865.1427384615386,1895.4111846153846,0
1290.0422615384616,1320.310707692308,1895.4111846153846,1925.6796307692307,0
1290.0422615384616,1320.310707692308,1925.6796307692307,1955.9480769230772,0
1290.0422615384616,1320.310707692308,1955.9480769230772,1986.2165230769233,0
1290.0422615384616,1320.310707692308,1986.2165230769233,2016.4849692307694,0
1290.0422615384616,1320.310707692308,2016.4849692307694,2046.7534153846154,0
1290.0422615384616,1320.310707692308,2046.7534153846154,2077.0218615384615,0
1290.0422615384616,1320.310707692308,2077.0218615384615,2107.290307692308,0
1290.0422615384616,1320.310707692308,2107.290307692308,2137.558753846154,0
1290.0422615384616,1320.310707692308,2137.558753846154,2167.8272,0
1290.0422615384616,1320.310707692308,2167.8272,2198.0956461538462,0
1290.0422615384616,1320.310707692308,2198.0956461538462,2228.3640923076923,0
1290.0422615384616,1320.310707692308,2228.3640923076923,2258.632538461539,0
1290.0422615384616,1320.310707692308,2258.632538461539,2288.900984615385,0
1290.0422615384616,1320.310707692308,2288.900984615385,2319.169430769231,0
1290.0422615384616,1320.310707692308,2319.169430769231,2349.437876923077,0
1290.0422615384616,1320.310707692308,2349.437876923077,2379.706323076923,0
1290.0422615384616,1320.310707692308,2379.706323076923,2409.974769230769,0
1290.0422615384616,1320.310707692308,2409.974769230769,2440.2432153846157,0
1290.0422615384616,1320.310707692308,2440.2432153846157,2470.511661538462,0
1290.0422615384616,1320.310707692308,2470.511661538462,2500.780107692308,0
1290.0422615384616,1320.310707692308,2500.780107692308,2531.048553846154,0
1290.0422615384616,1320.310707692308,2531.048553846154,2561.317,0
1320.310707692308,1350.579153846154,593.868,624.1364461538462,0
1320.310707692308,1350.579153846154,624.1364461538462,654.4048923076923,0
1320.310707692308,1350.579153846154,654.4048923076923,684.6733384615385,0
1320.310707692308,1350.579153846154,684.6733384615385,714.9417846153847,0
1320.310707692308,1350.579153846154,714.9417846153847,745.2102307692309,0
1320.310707692308,1350.579153846154,745.2102307692309,775.478676923077,0
1320.310707692308,1350.579153846154,775.478676923077,805.7471230769231,0
1320.310707692308,1350.579153846154,805.7471230769231,836.0155692307693,0
1320.310707692308,1350.579153846154,836.0155692307693,866.2840153846155,3
1320.310707692308,1350.579153846154,866.2840153846155,896.5524615384616,0
1320.310707692308,1350.579153846154,896.5524615384616,926.8209076923077,4
1320.310707692308,1350.579153846154,926.8209076923077,957.0893538461539,10
1320.310707692308,1350.579153846154,957.0893538461539,987.3578000000001,36
1320.310707692308,1350.579153846154,987.3578000000001,1017.6262461538463,139
1320.310707692308,1350.579153846154,1017.6262461538463,1047.8946923076924,349
1320.310707692308,1350.579153846154,1047.8946923076924,1078.1631384615384,840
1320.310707692308,1350.579153846154,1078.1631384615384,1108.4315846153847,1323
1320.310707692308,1350.579153846154,1108.4315846153847,1138.700030769231,905
1320.310707692308,1350.579153846154,1138.700030769231,1168.968476923077,284
1320.310707692308,1350.579153846154,1168.968476923077,1199.2369230769232,307
1320.310707692308,1350.579153846154,1199.2369230769232,1229.5053692307692,141
1320.310707692308,1350.579153846154,1229.5053692307692,1259.7738153846153,72
1320.310707692308,1350.579153846154,1259.7738153846153,1290.0422615384616,101
1320.310707692308,1350.579153846154,1290.0422615384616,1320.310707692308,96
1320.310707692308,1350.579153846154,1320.310707692308,1350.579153846154,40
1320.310707692308,1350.579153846154,1350.579153846154,1380.8476,29
1320.310707692308,1350.579153846154,1380.8476,1411.1160461538461,10
1320.310707692308,1350.579153846154,1411.1160461538461,1441.3844923076924,29
1320.310707692308,1350.579153846154,1441.3844923076924,1471.6529384615387,43
1320.310707692308,1350.579153846154,1471.6529384615387,1501.9213846153848,48
1320.310707692308,1350.579153846154,1501.9213846153848,1532.1898307692309,49
1320.310707692308,1350.579153846154,1532.1898307692309,1562.458276923077,20
1320.310707692308,1350.579153846154,1562.458276923077,1592.7267230769232,0
1320.310707692308,1350.579153846154,1592.7267230769232,1622.9951692307695,0
1320.310707692308,1350.579153846154,1622.9951692307695,1653.2636153846156,0
1320.310707692308,1350.579153846154,1653.2636153846156,1683.5320615384617,0
1320.310707692308,1350.579153846154,1683.5320615384617,1713.8005076923077,6
1320.310707692308,1350.579153846154,1713.8005076923077,1744.0689538461538,0
1320.310707692308,1350.579153846154,1744.0689538461538,1774.3374000000003,1
1320.310707692308,1350.579153846154,1774.3374000000003,1804.6058461538464,0
1320.310707692308,1350.579153846154,1804.6058461538464,1834.8742923076925,0
1320.310707692308,1350.579153846154,1834.8742923076925,1865.1427384615386,0
1320.310707692308,1350.579153846154,1865.1427384615386,1895.4111846153846,0
1320.310707692308,1350.579153846154,1895.4111846153846,1925.6796307692307,0
1320.310707692308,1350.579153846154,1925.6796307692307,1955.9480769230772,0
1320.310707692308,1350.579153846154,1955.9480769230772,1986.2165230769233,0
1320.310707692308,1350.579153846154,1986.2165230769233,2016.4849692307694,0
1320.310707692308,1350.579153846154,2016.4849692307694,2046.7534153846154,0
1320.310707692308,1350.579153846154,2046.7534153846154,2077.0218615384615,0
1320.310707692308,1350.579153846154,2077.0218615384615,2107.290307692308,0
1320.310707692308,1350.579153846154,2107.290307692308,2137.558753846154,0
1320.310707692308,1350.579153846154,2137.558753846154,2167.8272,0
1320.310707692308,1350.579153846154,2167.8272,2198.0956461538462,0
1320.310707692308,1350.579153846154,2198.0956461538462,2228.3640923076923,0
1320.310707692308,1350.579153846154,2228.3640923076923,2258.632538461539,0
1320.310707692308,1350.579153846154,2258.632538461539,2288.900984615385,0
1320.310707692308,1350.579153846154,2288.900984615385,2319.169430769231,0
1320.310707692308,1350.579153846154,2319.169430769231,2349.437876923077,0
1320.310707692308,1350.579153846154,2349.437876923077,2379.706323076923,0
1320.310707692308,1350.579153846154,2379.706323076923,2409.974769230769,0
1320.310707692308,1350.579153846154,2409.974769230769,2440.2432153846157,0
1320.310707692308,1350.579153846154,2440.2432153846157,2470.511661538462,0
1320.310707692308,1350.579153846154,2470.511661538462,2500.780107692308,0
1320.310707692308,1350.579153846154,2500.780107692308,2531.048553846154,0
1320.310707692308,1350.579153846154,2531.048553846154,2561.317,0
1350.579153846154,1380.8476,593.868,624.1364461538462,0
1350.579153846154,1380.8476,624.1364461538462,654.4048923076923,0
1350.579153846154,1380.8476,654.4048923076923,684.6733384615385,0
1350.579153846154,1380.8476,684.6733384615385,714.9417846153847,0
1350.579153846154,1380.8476,714.9417846153847,745.2102307692309,0
1350.579153846154,1380.8476,745.2102307692309,775.478676923077,0
1350.579153846154,1380.8476,775.478676923077,805.7471230769231,0
1350.579153846154,1380.8476,805.7471230769231,836.0155692307693,0
1350.579153846154,1380.8476,836.0155692307693,866.2840153846155,0
1350.579153846154,1380.8476,866.2840153846155,896.5524615384616,4
1350.579153846154,1380.8476,896.5524615384616,926.8209076923077,1
1350.579153846154,1380.8476,926.8209076923077,957.0893538461539,4
1350.579153846154,1380.8476,957.0893538461539,987.3578000000001,20
1350.579153846154,1380.8476,987.3578000000001,1017.6262461538463,71
1350.579153846154,1380.8476,1017.6262461538463,1047.8946923076924,113
1350.579153846154,1380.8476,1047.8946923076924,1078.1631384615384,591
1350.579153846154,1380.8476,1078.1631384615384,1108.4315846153847,1381
1350.579153846154,1380.8476,1108.4315846153847,1138.700030769231,1103
1350.579153846154,1380.8476,1138.700030769231,1168.968476923077,274
1350.579153846154,1380.8476,1168.968476923077,1199.2369230769232,322
1350.579153846154,1380.8476,1199.2369230769232,1229.5053692307692,203
1350.579153846154,1380.8476,1229.5053692307692,1259.7738153846153,99
1350.579153846154,1380.8476,1259.7738153846153,1290.0422615384616,63
1350.579153846154,1380.8476,1290.0422615384616,1320.310707692308,87
1350.579153846154,1380.8476,1320.310707692308,1350.579153846154,192
1350.579153846154,1380.8476,1350.579153846154,1380.8476,33
1350.579153846154,1380.8476,1380.8476,1411.1160461538461,33
1350.579153846154,1380.8476,1411.1160461538461,1441.3844923076924,28
1350.579153846154,1380.8476,1441.3844923076924,1471.6529384615387,74
1350.579153846154,1380.8476,1471.6529384615387,1501.9213846153848,98
1350.579153846154,1380.8476,1501.9213846153848,1532.1898307692309,105
1350.579153846154,1380.8476,1532.1898307692309,1562.458276923077,326
1350.579153846154,1380.8476,1562.458276923077,1592.7267230769232,49
1350.579153846154,1380.8476,1592.7267230769232,1622.9951692307695,3
1350.579153846154,1380.8476,1622.9951692307695,1653.2636153846156,0
1350.579153846154,1380.8476,1653.2636153846156,1683.5320615384617,0
1350.579153846154,1380.8476,1683.5320615384617,1713.8005076923077,1
1350.579153846154,1380.8476,1713.8005076923077,1744.0689538461538,0
1350.579153846154,1380.8476,1744.0689538461538,1774.3374000000003,0
1350.579153846154,1380.8476,1774.3374000000003,1804.6058461538464,0
1350.579153846154,1380.8476,1804.6058461538464,1834.8742923076925,0
1350.579153846154,1380.8476,1834.8742923076925,1865.1427384615386,0
1350.579153846154,1380.8476,1865.1427384615386,1895.4111846153846,0
1350.579153846154,1380.8476,1895.4111846153846,1925.6796307692307,0
1350.579153846154,1380.8476,1925.6796307692307,1955.9480769230772,0
1350.579153846154,1380.8476,1955.9480769230772,1986.2165230769233,0
1350.579153846154,1380.8476,1986.2165230769233,2016.4849692307694,0
1350.579153846154,1380.8476,2016.4849692307694,2046.7534153846154,0
1350.579153846154,1380.8476,2046.7534153846154,2077.0218615384615,0
1350.579153846154,1380.8476,2077.0218615384615,2107.290307692308,0
1350.579153846154,1380.8476,2107.290307692308,2137.558753846154,0
1350.579153846154,1380.8476,2137.558753846154,2167.8272,0
1350.579153846154,1380.8476,2167.8272,2198.0956461538462,0
1350.579153846154,1380.8476,2198.0956461538462,2228.3640923076923,0
1350.579153846154,1380.8476,2228.3640923076923,2258.632538461539,0
1350.579153846154,1380.8476,2258.632538461539,2288.900984615385,0
1350.579153846154,1380.8476,2288.900984615385,2319.169430769231,0
1350.579153846154,1380.8476,2319.169430769231,2349.437876923077,0
1350.579153846154,1380.8476,2349.437876923077,2379.706323076923,0
1350.579153846154,1380.8476,2379.706323076923,2409.974769230769,0
1350.579153846154,1380.8476,2409.974769230769,2440.2432153846157,0
1350.579153846154,1380.8476,2440.2432153846157,2470.511661538462,0
1350.579153846154,1380.8476,2470.511661538462,2500.780107692308,0
1350.579153846154,1380.8476,2500.780107692308,2531.048553846154,0
1350.579153846154,1380.8476,2531.048553846154,2561.317,0
1380.8476,1411.1160461538461,593.868,624.1364461538462,0
1380.8476,1411.1160461538461,624.1364461538462,654.4048923076923,0
1380.8476,1411.1160461538461,654.4048923076923,684.6733384615385,0
1380.8476,1411.1160461538461,684.6733384615385,714.9417846153847,0
1380.8476,1411.1160461538461,714.9417846153847,745.2102307692309,0
1380.8476,1411.1160461538461,745.2102307692309,775.478676923077,0
1380.8476,1411.1160461538461,775.478676923077,805.7471230769231,0
1380.8476,1411.1160461538461,805.7471230769231,836.0155692307693,0
1380.8476,1411.1160461538461,836.0155692307693,866.2840153846155,0
1380.8476,1411.1160461538461,866.2840153846155,896.5524615384616,2
1380.8476,1411.1160461538461,896.5524615384616,926.8209076923077,1
1380.8476,1411.1160461538461,926.8209076923077,957.0893538461539,1
1380.8476,1411.1160461538461,957.0893538461539,987.3578000000001,14
1380.8476,1411.1160461538461,987.3578000000001,1017.6262461538463,18
1380.8476,1411.1160461538461,1017.6262461538463,1047.8946923076924,83
1380.8476,1411.1160461538461,1047.8946923076924,1078.1631384615384,264
1380.8476,1411.1160461538461,1078.1631384615384,1108.4315846153847,1030
1380.8476,1411.1160461538461,1108.4315846153847,1138.700030769231,471
1380.8476,1411.1160461538461,1138.700030769231,1168.968476923077,281
1380.8476,1411.1160461538461,1168.968476923077,1199.2369230769232,260
1380.8476,1411.1160461538461,1199.2369230769232,1229.5053692307692,204
1380.8476,1411.1160461538461,1229.5053692307692,1259.7738153846153,112
1380.8476,1411.1160461538461,1259.7738153846153,1290.0422615384616,46
1380.8476,1411.1160461538461,1290.0422615384616,1320.310707692308,176
1380.8476,1411.1160461538461,1320.310707692308,1350.579153846154,214
1380.8476,1411.1160461538461,1350.579153846154,1380.8476,87
1380.8476,1411.1160461538461,1380.8476,1411.1160461538461,110
1380.8476,1411.1160461538461,1411.1160461538461,1441.3844923076924,56
1380.8476,1411.1160461538461,1441.3844923076924,1471.6529384615387,144
1380.8476,1411.1160461538461,1471.6529384615387,1501.9213846153848,201
1380.8476,1411.1160461538461,1501.9213846153848,1532.1898307692309,137
1380.8476,1411.1160461538461,1532.1898307692309,1562.458276923077,424
1380.8476,1411.1160461538461,1562.458276923077,1592.7267230769232,371
1380.8476,1411.1160461538461,1592.7267230769232,1622.9951692307695,20
1380.8476,1411.1160461538461,1622.9951692307695,1653.2636153846156,2
1380.8476,1411.1160461538461,1653.2636153846156,1683.5320615384617,8
1380.8476,1411.1160461538461,1683.5320615384617,1713.8005076923077,2
1380.8476,1411.1160461538461,1713.8005076923077,1744.0689538461538,0
1380.8476,1411.1160461538461,1744.0689538461538,1774.3374000000003,0
1380.8476,1411.1160461538461,1774.3374000000003,1804.6058461538464,0
1380.8476,1411.1160461538461,1804.6058461538464,1834.8742923076925,0
1380.8476,1411.1160461538461,1834.8742923076925,1865.1427384615386,0
1380.8476,1411.1160461538461,1865.1427384615386,1895.4111846153846,0
1380.8476,1411.1160461538461,1895.4111846153846,1925.6796307692307,0
1380.8476,1411.1160461538461,1925.6796307692307,1955.9480769230772,0
1380.8476,1411.1160461538461,1955.9480769230772,1986.2165230769233,0
1380.8476,1411.1160461538461,1986.2165230769233,2016.4849692307694,0
1380.8476,1411.1160461538461,2016.4849692307694,2046.7534153846154,0
1380.8476,1411.1160461538461,2046.7534153846154,2077.0218615384615,0
1380.8476,1411.1160461538461,2077.0218615384615,2107.290307692308,0
1380.8476,1411.1160461538461,2107.290307692308,2137.558753846154,0
1380.8476,1411.1160461538461,2137.558753846154,2167.8272,0
1380.8476,1411.1160461538461,2167.8272,2198.0956461538462,0
1380.8476,1411.1160461538461,2198.0956461538462,2228.3640923076923,0
1380.8476,1411.1160461538461,2228.3640923076923,2258.632538461539,0
1380.8476,1411.1160461538461,2258.632538461539,2288.900984615385,0
1380.8476,1411.1160461538461,2288.900984615385,2319.169430769231,0
1380.8476,1411.1160461538461,2319.169430769231,2349.437876923077,0
1380.8476,1411.1160461538461,2349.437876923077,2379.706323076923,0
1380.8476,1411.1160461538461,2379.706323076923,2409.974769230769,0
1380.8476,1411.1160461538461,2409.974769230769,2440.2432153846157,0
1380.8476,1411.1160461538461,2440.2432153846157,2470.511661538462,0
1380.8476,1411.1160461538461,2470.511661538462,2500.780107692308,0
1380.8476,1411.1160461538461,2500.780107692308,2531.048553846154,0
1380.8476,1411.1160461538461,2531.048553846154,2561.317,0
1411.1160461538461,1441.3844923076924,593.868,624.1364461538462,0
1411.1160461538461,1441.3844923076924,624.1364461538462,654.4048923076923,0
1411.1160461538461,1441.3844923076924,654.4048923076923,684.6733384615385,0
1411.1160461538461,1441.3844923076924,684.6733384615385,714.9417846153847,0
1411.1160461538461,1441.3844923076924,714.9417846153847,745.2102307692309,0
1411.1160461538461,1441.3844923076924,745.2102307692309,775.478676923077,0
1411.1160461538461,1441.3844923076924,775.478676923077,805.7471230769231,0
1411.1160461538461,1441.3844923076924,805.7471230769231,836.0155692307693,0
1411.1160461538461,1441.3844923076924,836.0155692307693,866.2840153846155,0
1411.1160461538461,1441.3844923076924,866.2840153846155,896.5524615384616,3
1411.1160461538461,1441.3844923076924,896.5524615384616,926.8209076923077,1
1411.1160461538461,1441.3844923076924,926.8209076923077,957.0893538461539,0
1411.1160461538461,1441.3844923076924,957.0893538461539,987.3578000000001,7
1411.1160461538461,1441.3844923076924,987.3578000000001,1017.6262461538463,8
1411.1160461538461,1441.3844923076924,1017.6262461538463,1047.8946923076924,13
1411.1160461538461,1441.3844923076924,1047.8946923076924,1078.1631384615384,76
1411.1160461538461,1441.3844923076924,1078.1631384615384,1108.4315846153847,344
1411.1160461538461,1441.3844923076924,1108.4315846153847,1138.700030769231,570
1411.1160461538461,1441.3844923076924,1138.700030769231,1168.968476923077,133
1411.1160461538461,1441.3844923076924,1168.968476923077,1199.2369230769232,375
1411.1160461538461,1441.3844923076924,1199.2369230769232,1229.5053692307692,161
1411.1160461538461,1441.3844923076924,1229.5053692307692,1259.7738153846153,109
1411.1160461538461,1441.3844923076924,1259.7738153846153,1290.0422615384616,83
1411.1160461538461,1441.3844923076924,1290.0422615384616,1320.310707692308,391
1411.1160461538461,1441.3844923076924,1320.310707692308,1350.579153846154,471
1411.1160461538461,1441.3844923076924,1350.579153846154,1380.8476,318
1411.1160461538461,1441.3844923076924,1380.8476,1411.1160461538461,231
1411.1160461538461,1441.3844923076924,1411.1160461538461,1441.3844923076924,158
1411.1160461538461,1441.3844923076924,1441.3844923076924,1471.6529384615387,41
1411.1160461538461,1441.3844923076924,1471.6529384615387,1501.9213846153848,19
1411.1160461538461,1441.3844923076924,1501.9213846153848,1532.1898307692309,24
1411.1160461538461,1441.3844923076924,1532.1898307692309,1562.458276923077,25
1411.1160461538461,1441.3844923076924,1562.458276923077,1592.7267230769232,30
1411.1160461538461,1441.3844923076924,1592.7267230769232,1622.9951692307695,67
1411.1160461538461,1441.3844923076924,1622.9951692307695,1653.2636153846156,16
1411.1160461538461,1441.3844923076924,1653.2636153846156,1683.5320615384617,14
1411.1160461538461,1441.3844923076924,1683.5320615384617,1713.8005076923077,23
1411.1160461538461,1441.3844923076924,1713.8005076923077,1744.0689538461538,0
1411.1160461538461,1441.3844923076924,1744.0689538461538,1774.3374000000003,0
1411.1160461538461,1441.3844923076924,1774.3374000000003,1804.6058461538464,0
1411.1160461538461,1441.3844923076924,1804.6058461538464,1834.8742923076925,0
1411.1160461538461,1441.3844923076924,1834.8742923076925,1865.1427384615386,0
1411.1160461538461,1441.3844923076924,1865.1427384615386,1895.4111846153846,0
1411.1160461538461,1441.3844923076924,1895.4111846153846,1925.6796307692307,0
1411.1160461538461,1441.3844923076924,1925.6796307692307,1955.9480769230772,0
1411.1160461538461,1441.3844923076924,1955.9480769230772,1986.2165230769233,0
1411.1160461538461,1441.3844923076924,1986.2165230769233,2016.4849692307694,0
1411.1160461538461,1441.3844923076924,2016.4849692307694,2046.7534153846154,0
1411.1160461538461,1441.3844923076924,2046.7534153846154,2077.0218615384615,0
1411.1160461538461,1441.3844923076924,2077.0218615384615,2107.290307692308,0
1411.1160461538461,1441.3844923076924,2107.290307692308,2137.558753846154,0
1411.1160461538461,1441.3844923076924,2137.558753846154,2167.8272,0
1411.1160461538461,1441.3844923076924,2167.8272,2198.0956461538462,0
1411.1160461538461,1441.3844923076924,2198.0956461538462,2228.3640923076923,0
1411.1160461538461,1441.3844923076924,2228.3640923076923,2258.632538461539,0
1411.1160461538461,1441.3844923076924,2258.632538461539,2288.900984615385,0
1411.1160461538461,1441.3844923076924,2288.900984615385,2319.169430769231,0
1411.1160461538461,1441.3844923076924,2319.169430769231,2349.437876923077,0
1411.1160461538461,1441.3844923076924,2349.437876923077,2379.706323076923,0
1411.1160461538461,1441.3844923076924,2379.706323076923,2409.974769230769,0
1411.1160461538461,1441.3844923076924,2409.974769230769,2440.2432153846157,0
1411.1160461538461,1441.3844923076924,2440.2432153846157,2470.511661538462,0
1411.1160461538461,1441.3844923076924,2470.511661538462,2500.780107692308,0
1411.1160461538461,1441.3844923076924,2500.780107692308,2531.048553846154,0
1411.1160461538461,1441.3844923076924,2531.048553846154,2561.317,0
1441.3844923076924,1471.6529384615387,593.868,624.1364461538462,0
1441.3844923076924,1471.6529384615387,624.1364461538462,654.4048923076923,0
1441.3844923076924,1471.6529384615387,654.4048923076923,684.6733384615385,0
1441.3844923076924,1471.6529384615387,684.6733384615385,714.9417846153847,0
1441.3844923076924,1471.6529384615387,714.9417846153847,745.2102307692309,0
1441.3844923076924,1471.6529384615387,745.2102307692309,775.478676923077,0
1441.3844923076924,1471.6529384615387,775.478676923077,805.7471230769231,0
1441.3844923076924,1471.6529384615387,805.7471230769231,836.0155692307693,0
1441.3844923076924,1471.6529384615387,836.0155692307693,866.2840153846155,0
1441.3844923076924,1471.6529384615387,866.2840153846155,896.5524615384616,0
1441.3844923076924,1471.6529384615387,896.5524615384616,926.8209076923077,0
1441.3844923076924,1471.6529384615387,926.8209076923077,957.0893538461539,0
1441.3844923076924,1471.6529384615387,957.0893538461539,987.3578000000001,0
1441.3844923076924,1471.6529384615387,987.3578000000001,1017.6262461538463,3
1441.3844923076924,1471.6529384615387,1017.6262461538463,1047.8946923076924,9
1441.3844923076924,1471.6529384615387,1047.8946923076924,1078.1631384615384,26
1441.3844923076924,1471.6529384615387,1078.1631384615384,1108.4315846153847,229
1441.3844923076924,1471.6529384615387,1108.4315846153847,1138.700030769231,220
1441.3844923076924,1471.6529384615387,1138.700030769231,1168.968476923077,184
1441.3844923076924,1471.6529384615387,1168.968476923077,1199.2369230769232,207
1441.3844923076924,1471.6529384615387,1199.2369230769232,1229.5053692307692,240
1441.3844923076924,1471.6529384615387,1229.5053692307692,1259.7738153846153,173
1441.3844923076924,1471.6529384615387,1259.7738153846153,1290.0422615384616,220
1441.3844923076924,1471.6529384615387,1290.0422615384616,1320.310707692308,175
1441.3844923076924,1471.6529384615387,1320.310707692308,1350.579153846154,341
1441.3844923076924,1471.6529384615387,1350.579153846154,1380.8476,316
1441.3844923076924,1471.6529384615387,1380.8476,1411.1160461538461,249
1441.3844923076924,1471.6529384615387,1411.1160461538461,1441.3844923076924,105
1441.3844923076924,1471.6529384615387,1441.3844923076924,1471.6529384615387,44
1441.3844923076924,1471.6529384615387,1471.6529384615387,1501.9213846153848,27
1441.3844923076924,1471.6529384615387,1501.9213846153848,1532.1898307692309,20
1441.3844923076924,1471.6529384615387,1532.1898307692309,1562.458276923077,10
1441.3844923076924,1471.6529384615387,1562.458276923077,1592.7267230769232,25
1441.3844923076924,1471.6529384615387,1592.7267230769232,1622.9951692307695,52
1441.3844923076924,1471.6529384615387,1622.9951692307695,1653.2636153846156,20
1441.3844923076924,1471.6529384615387,1653.2636153846156,1683.5320615384617,42
1441.3844923076924,1471.6529384615387,1683.5320615384617,1713.8005076923077,34
1441.3844923076924,1471.6529384615387,1713.8005076923077,1744.0689538461538,12
1441.3844923076924,1471.6529384615387,1744.0689538461538,1774.3374000000003,0
1441.3844923076924,1471.6529384615387,1774.3374000000003,1804.6058461538464,2
1441.3844923076924,1471.6529384615387,1804.6058461538464,1834.8742923076925,0
1441.3844923076924,1471.6529384615387,1834.8742923076925,1865.1427384615386,0
1441.3844923076924,1471.6529384615387,1865.1427384615386,1895.4111846153846,0
1441.3844923076924,1471.6529384615387,1895.4111846153846,1925.6796307692307,0
1441.3844923076924,1471.6529384615387,1925.6796307692307,1955.9480769230772,0
1441.3844923076924,1471.6529384615387,1955.9480769230772,1986.2165230769233,0
1441.3844923076924,1471.6529384615387,1986.2165230769233,2016.4849692307694,0
1441.3844923076924,1471.6529384615387,2016.4849692307694,2046.7534153846154,0
1441.3844923076924,1471.6529384615387,2046.7534153846154,2077.0218615384615,0
1441.3844923076924,1471.6529384615387,2077.0218615384615,2107.290307692308,0
1441.3844923076924,1471.6529384615387,2107.290307692308,2137.558753846154,0
1441.3844923076924,1471.6529384615387,2137.558753846154,2167.8272,0
1441.3844923076924,1471.6529384615387,2167.8272,2198.0956461538462,0
1441.3844923076924,1471.6529384615387,2198.0956461538462,2228.3640923076923,0
1441.3844923076924,1471.6529384615387,2228.3640923076923,2258.632538461539,0
1441.3844923076924,1471.6529384615387,2258.632538461539,2288.900984615385,0
1441.3844923076924,1471.6529384615387,2288.900984615385,2319.169430769231,0
1441.3844923076924,1471.6529384615387,2319.169430769231,2349.437876923077,0
1441.3844923076924,1471.6529384615387,2349.437876923077,2379.706323076923,0
1441.3844923076924,1471.6529384615387,2379.706323076923,2409.974769230769,0
1441.3844923076924,1471.6529384615387,2409.974769230769,2440.2432153846157,0
1441.3844923076924,1471.6529384615387,2440.2432153846157,2470.511661538462,0
1441.3844923076924,1471.6529384615387,2470.511661538462,2500.780107692308,0
1441.3844923076924,1471.6529384615387,2500.780107692308,2531.048553846154,0
1441.3844923076924,1471.6529384615387,2531.048553846154,2561.317,0
1471.6529384615387,1501.9213846153848,593.868,624.1364461538462,0
1471.6529384615387,1501.9213846153848,624.1364461538462,654.4048923076923,0
1471.6529384615387,1501.9213846153848,654.4048923076923,684.6733384615385,0
1471.6529384615387,1501.9213846153848,684.6733384615385,714.9417846153847,0
1471.6529384615387,1501.9213846153848,714.9417846153847,745.2102307692309,0
1471.6529384615387,1501.9213846153848,745.2102307692309,775.478676923077,0
1471.6529384615387,1501.9213846153848,775.478676923077,805.7471230769231,0
1471.6529384615387,1501.9213846153848,805.7471230769231,836.0155692307693,0
1471.6529384615387,1501.9213846153848,836.0155692307693,866.2840153846155,0
1471.6529384615387,1501.9213846153848,866.2840153846155,896.5524615384616,0
1471.6529384615387,1501.9213846153848,896.5524615384616,926.8209076923077,0
1471.6529384615387,1501.9213846153848,926.8209076923077,957.0893538461539,0
1471.6529384615387,1501.9213846153848,957.0893538461539,987.3578000000001,0
1471.6529384615387,1501.9213846153848,987.3578000000001,1017.6262461538463,2
1471.6529384615387,1501.9213846153848,1017.6262461538463,1047.8946923076924,10
1471.6529384615387,1501.9213846153848,1047.8946923076924,1078.1631384615384,10
1471.6529384615387,1501.9213846153848,1078.1631384615384,1108.4315846153847,86
1471.6529384615387,1501.9213846153848,1108.4315846153847,1138.700030769231,110
1471.6529384615387,1501.9213846153848,1138.700030769231,1168.968476923077,79
1471.6529384615387,1501.9213846153848,1168.968476923077,1199.2369230769232,132
1471.6529384615387,1501.9213846153848,1199.2369230769232,1229.5053692307692,141
1471.6529384615387,1501.9213846153848,1229.5053692307692,1259.7738153846153,205
1471.6529384615387,1501.9213846153848,1259.7738153846153,1290.0422615384616,185
1471.6529384615387,1501.9213846153848,1290.0422615384616,1320.310707692308,117
1471.6529384615387,1501.9213846153848,1320.310707692308,1350.579153846154,133
1471.6529384615387,1501.9213846153848,1350.579153846154,1380.8476,100
1471.6529384615387,1501.9213846153848,1380.8476,1411.1160461538461,203
1471.6529384615387,1501.9213846153848,1411.1160461538461,1441.3844923076924,157
1471.6529384615387,1501.9213846153848,1441.3844923076924,1471.6529384615387,56
1471.6529384615387,1501.9213846153848,1471.6529384615387,1501.9213846153848,52
1471.6529384615387,1501.9213846153848,1501.9213846153848,1532.1898307692309,88
1471.6529384615387,1501.9213846153848,1532.1898307692309,1562.458276923077,11
1471.6529384615387,1501.9213846153848,1562.458276923077,1592.7267230769232,22
1471.6529384615387,1501.9213846153848,1592.7267230769232,1622.9951692307695,21
1471.6529384615387,1501.9213846153848,1622.9951692307695,1653.2636153846156,27
1471.6529384615387,1501.9213846153848,1653.2636153846156,1683.5320615384617,44
1471.6529384615387,1501.9213846153848,1683.5320615384617,1713.8005076923077,35
1471.6529384615387,1501.9213846153848,1713.8005076923077,1744.0689538461538,11
1471.6529384615387,1501.9213846153848,1744.0689538461538,1774.3374000000003,12
1471.6529384615387,1501.9213846153848,1774.3374000000003,1804.6058461538464,0
1471.6529384615387,1501.9213846153848,1804.6058461538464,1834.8742923076925,0
1471.6529384615387,1501.9213846153848,1834.8742923076925,1865.1427384615386,0
1471.6529384615387,1501.9213846153848,1865.1427384615386,1895.4111846153846,0
1471.6529384615387,1501.9213846153848,1895.4111846153846,1925.6796307692307,0
1471.6529384615387,1501.9213846153848,1925.6796307692307,1955.9480769230772,0
1471.6529384615387,1501.9213846153848,1955.9480769230772,1986.2165230769233,0
1471.6529384615387,1501.9213846153848,1986.2165230769233,2016.4849692307694,0
1471.6529384615387,1501.9213846153848,2016.4849692307694,2046.7534153846154,0
1471.6529384615387,1501.9213846153848,2046.7534153846154,2077.0218615384615,0
1471.6529384615387,1501.9213846153848,2077.0218615384615,2107.290307692308,0
1471.6529384615387,1501.9213846153848,2107.290307692308,2137.558753846154,0
1471.6529384615387,1501.9213846153848,2137.558753846154,2167.8272,0
1471.6529384615387,1501.9213846153848,2167.8272,2198.0956461538462,0
1471.6529384615387,1501.9213846153848,2198.0956461538462,2228.3640923076923,0
1471.6529384615387,1501.9213846153848,2228.3640923076923,2258.632538461539,0
1471.6529384615387,1501.9213846153848,2258.632538461539,2288.900984615385,0
1471.6529384615387,1501.9213846153848,2288.900984615385,2319.169430769231,0
1471.6529384615387,1501.9213846153848,2319.169430769231,2349.437876923077,0
1471.6529384615387,1501.9213846153848,2349.437876923077,2379.706323076923,0
1471.6529384615387,1501.9213846153848,2379.706323076923,2409.974769230769,0
1471.6529384615387,1501.9213846153848,2409.974769230769,2440.2432153846157,0
1471.6529384615387,1501.9213846153848,2440.2432153846157,2470.511661538462,0
1471.6529384615387,1501.9213846153848,2470.511661538462,2500.780107692308,0
1471.6529384615387,1501.9213846153848,2500.780107692308,2531.048553846154,0
1471.6529384615387,1501.9213846153848,2531.048553846154,2561.317,0
1501.9213846153848,1532.1898307692309,593.868,624.1364461538462,0
1501.9213846153848,1532.1898307692309,624.1364461538462,654.4048923076923,0
1501.9213846153848,1532.1898307692309,654.4048923076923,684.6733384615385,0
1501.9213846153848,1532.1898307692309,684.6733384615385,714.9417846153847,0
1501.9213846153848,1532.1898307692309,714.9417846153847,745.2102307692309,0
1501.9213846153848,1532.1898307692309,745.2102307692309,775.478676923077,0
1501.9213846153848,1532.1898307692309,775.478676923077,805.7471230769231,0
1501.9213846153848,1532.1898307692309,805.7471230769231,836.0155692307693,0
1501.9213846153848,1532.1898307692309,836.0155692307693,866.2840153846155,0
1501.9213846153848,1532.1898307692309,866.2840153846155,896.5524615384616,0
1501.9213846153848,1532.1898307692309,896.5524615384616,926.8209076923077,0
1501.9213846153848,1532.1898307692309,926.8209076923077,957.0893538461539,0
1501.9213846153848,1532.1898307692309,957.0893538461539,987.3578000000001,0
1501.9213846153848,1532.1898307692309,987.3578000000001,1017.6262461538463,5
1501.9213846153848,1532.1898307692309,1017.6262461538463,1047.8946923076924,12
1501.9213846153848,1532.1898307692309,1047.8946923076924,1078.1631384615384,7
1501.9213846153848,1532.1898307692309,1078.1631384615384,1108.4315846153847,71
1501.9213846153848,1532.1898307692309,1108.4315846153847,1138.700030769231,42
1501.9213846153848,1532.1898307692309,1138.700030769231,1168.968476923077,48
1501.9213846153848,1532.1898307692309,1168.968476923077,1199.2369230769232,49
1501.9213846153848,1532.1898307692309,1199.2369230769232,1229.5053692307692,79
1501.9213846153848,1532.1898307692309,1229.5053692307692,1259.7738153846153,161
1501.9213846153848,1532.1898307692309,1259.7738153846153,1290.0422615384616,157
1501.9213846153848,1532.1898307692309,1290.0422615384616,1320.310707692308,191
1501.9213846153848,1532.1898307692309,1320.310707692308,1350.579153846154,194
1501.9213846153848,1532.1898307692309,1350.579153846154,1380.8476,117
1501.9213846153848,1532.1898307692309,1380.8476,1411.1160461538461,62
1501.9213846153848,1532.1898307692309,1411.1160461538461,1441.3844923076924,57
1501.9213846153848,1532.1898307692309,1441.3844923076924,1471.6529384615387,32
1501.9213846153848,1532.1898307692309,1471.6529384615387,1501.9213846153848,38
1501.9213846153848,1532.1898307692309,1501.9213846153848,1532.1898307692309,128
1501.9213846153848,1532.1898307692309,1532.1898307692309,1562.458276923077,15
1501.9213846153848,1532.1898307692309,1562.458276923077,1592.7267230769232,24
1501.9213846153848,1532.1898307692309,1592.7267230769232,1622.9951692307695,38
1501.9213846153848,1532.1898307692309,1622.9951692307695,1653.2636153846156,14
1501.9213846153848,1532.1898307692309,1653.2636153846156,1683.5320615384617,27
1501.9213846153848,1532.1898307692309,1683.5320615384617,1713.8005076923077,9
1501.9213846153848,1532.1898307692309,1713.8005076923077,1744.0689538461538,43
1501.9213846153848,1532.1898307692309,1744.0689538461538,1774.3374000000003,37
1501.9213846153848,1532.1898307692309,1774.3374000000003,1804.6058461538464,1
1501.9213846153848,1532.1898307692309,1804.6058461538464,1834.8742923076925,0
1501.9213846153848,1532.1898307692309,1834.8742923076925,1865.1427384615386,1
1501.9213846153848,1532.1898307692309,1865.1427384615386,1895.4111846153846,0
1501.9213846153848,1532.1898307692309,1895.4111846153846,1925.6796307692307,0
1501.9213846153848,1532.1898307692309,1925.6796307692307,1955.9480769230772,1
1501.9213846153848,1532.1898307692309,1955.9480769230772,1986.2165230769233,0
1501.9213846153848,1532.1898307692309,1986.2165230769233,2016.4849692307694,0
1501.9213846153848,1532.1898307692309,2016.4849692307694,2046.7534153846154,0
1501.9213846153848,1532.1898307692309,2046.7534153846154,2077.0218615384615,0
1501.9213846153848,1532.1898307692309,2077.0218615384615,2107.290307692308,0
1501.9213846153848,1532.1898307692309,2107.290307692308,2137.558753846154,0
1501.9213846153848,1532.1898307692309,2137.558753846154,2167.8272,0
1501.9213846153848,1532.1898307692309,2167.8272,2198.0956461538462,0
1501.9213846153848,1532.1898307692309,2198.0956461538462,2228.3640923076923,0
1501.9213846153848,1532.1898307692309,2228.3640923076923,2258.632538461539,0
1501.9213846153848,1532.1898307692309,2258.632538461539,2288.900984615385,0
1501.9213846153848,1532.1898307692309,2288.900984615385,2319.169430769231,0
1501.9213846153848,1532.1898307692309,2319.169430769231,2349.437876923077,0
1501.9213846153848,1532.1898307692309,2349.437876923077,2379.706323076923,0
1501.9213846153848,1532.1898307692309,2379.706323076923,2409.974769230769,0
1501.9213846153848,1532.1898307692309,2409.974769230769,2440.2432153846157,0
1501.9213846153848,1532.1898307692309,2440.2432153846157,2470.511661538462,0
1501.9213846153848,1532.1898307692309,2470.511661538462,2500.780107692308,0
1501.9213846153848,1532.1898307692309,2500.780107692308,2531.048553846154,0
1501.9213846153848,1532.1898307692309,2531.048553846154,2561.317,0
1532.1898307692309,1562.458276923077,593.868,624.1364461538462,0
1532.1898307692309,1562.458276923077,624.1364461538462,654.4048923076923,0
1532.1898307692309,1562.458276923077,654.4048923076923,684.6733384615385,0
1532.1898307692309,1562.458276923077,684.6733384615385,714.9417846153847,0
1532.1898307692309,1562.458276923077,714.9417846153847,745.2102307692309,0
1532.1898307692309,1562.458276923077,745.2102307692309,775.478676923077,0
1532.1898307692309,1562.458276923077,775.478676923077,805.7471230769231,0
1532.1898307692309,1562.458276923077,805.7471230769231,836.0155692307693,0
1532.1898307692309,1562.458276923077,836.0155692307693,866.2840153846155,0
1532.1898307692309,1562.458276923077,866.2840153846155,896.5524615384616,0
1532.1898307692309,1562.458276923077,896.5524615384616,926.8209076923077,0
1532.1898307692309,1562.458276923077,926.8209076923077,957.0893538461539,0
1532.1898307692309,1562.458276923077,957.0893538461539,987.3578000000001,0
1532.1898307692309,1562.458276923077,987.3578000000001,1017.6262461538463,0
1532.1898307692309,1562.458276923077,1017.6262461538463,1047.8946923076924,4
1532.1898307692309,1562.458276923077,1047.8946923076924,1078.1631384615384,4
1532.1898307692309,1562.458276923077,1078.1631384615384,1108.4315846153847,10
1532.1898307692309,1562.458276923077,1108.4315846153847,1138.700030769231,29
1532.1898307692309,1562.458276923077,1138.700030769231,1168.968476923077,34
1532.1898307692309,1562.458276923077,1168.968476923077,1199.2369230769232,25
1532.1898307692309,1562.458276923077,1199.2369230769232,1229.5053692307692,55
1532.1898307692309,1562.458276923077,1229.5053692307692,1259.7738153846153,83
1532.1898307692309,1562.458276923077,1259.7738153846153,1290.0422615384616,93
1532.1898307692309,1562.458276923077,1290.0422615384616,1320.310707692308,290
1532.1898307692309,1562.458276923077,1320.310707692308,1350.579153846154,322
1532.1898307692309,1562.458276923077,1350.579153846154,1380.8476,141
1532.1898307692309,1562.458276923077,1380.8476,1411.1160461538461,104
1532.1898307692309,1562.458276923077,1411.1160461538461,1441.3844923076924,80
1532.1898307692309,1562.458276923077,1441.3844923076924,1471.6529384615387,53
1532.1898307692309,1562.458276923077,1471.6529384615387,1501.9213846153848,43
1532.1898307692309,1562.458276923077,1501.9213846153848,1532.1898307692309,19
1532.1898307692309,1562.458276923077,1532.1898307692309,1562.458276923077,29
1532.1898307692309,1562.458276923077,1562.458276923077,1592.7267230769232,33
1532.1898307692309,1562.458276923077,1592.7267230769232,1622.9951692307695,42
1532.1898307692309,1562.458276923077,1622.9951692307695,1653.2636153846156,32
1532.1898307692309,1562.458276923077,1653.2636153846156,1683.5320615384617,28
1532.1898307692309,1562.458276923077,1683.5320615384617,1713.8005076923077,15
1532.1898307692309,1562.458276923077,1713.8005076923077,1744.0689538461538,34
1532.1898307692309,1562.458276923077,1744.0689538461538,1774.3374000000003,58
1532.1898307692309,1562.458276923077,1774.3374000000003,1804.6058461538464,47
1532.1898307692309,1562.458276923077,1804.6058461538464,1834.8742923076925,77
1532.1898307692309,1562.458276923077,1834.8742923076925,1865.1427384615386,17
1532.1898307692309,1562.458276923077,1865.1427384615386,1895.4111846153846,0
1532.1898307692309,1562.458276923077,1895.4111846153846,1925.6796307692307,0
1532.1898307692309,1562.458276923077,1925.6796307692307,1955.9480769230772,0
1532.1898307692309,1562.458276923077,1955.9480769230772,1986.2165230769233,0
1532.1898307692309,1562.458276923077,1986.2165230769233,2016.4849692307694,0
1532.1898307692309,1562.458276923077,2016.4849692307694,2046.7534153846154,0
1532.1898307692309,1562.458276923077,2046.7534153846154,2077.0218615384615,0
1532.1898307692309,1562.458276923077,2077.0218615384615,2107.290307692308,0
1532.1898307692309,1562.458276923077,2107.290307692308,2137.558753846154,0
1532.1898307692309,1562.458276923077,2137.558753846154,2167.8272,0
1532.1898307692309,1562.458276923077,2167.8272,2198.0956461538462,0
1532.1898307692309,1562.458276923077,2198.0956461538462,2228.3640923076923,0
1532.1898307692309,1562.458276923077,2228.3640923076923,2258.632538461539,0
1532.1898307692309,1562.458276923077,2258.632538461539,2288.900984615385,0
1532.1898307692309,1562.458276923077,2288.900984615385,2319.169430769231,0
1532.1898307692309,1562.458276923077,2319.169430769231,2349.437876923077,0
1532.1898307692309,1562.458276923077,2349.437876923077,2379.706323076923,0
1532.1898307692309,1562.458276923077,2379.706323076923,2409.974769230769,0
1532.1898307692309,1562.458276923077,2409.974769230769,2440.2432153846157,0
1532.1898307692309,1562.458276923077,2440.2432153846157,2470.511661538462,0
1532.1898307692309,1562.458276923077,2470.511661538462,2500.780107692308,0
1532.1898307692309,1562.458276923077,2500.780107692308,2531.048553846154,0
1532.1898307692309,1562.458276923077,2531.048553846154,2561.317,0
1562.458276923077,1592.7267230769232,593.868,624.1364461538462,0
1562.458276923077,1592.7267230769232,624.1364461538462,654.4048923076923,0
1562.458276923077,1592.7267230769232,654.4048923076923,684.6733384615385,0
1562.458276923077,1592.7267230769232,684.6733384615385,714.9417846153847,0
1562.458276923077,1592.7267230769232,714.9417846153847,745.2102307692309,0
1562.458276923077,1592.7267230769232,745.2102307692309,775.478676923077,0
1562.458276923077,1592.7267230769232,775.478676923077,805.7471230769231,0
1562.458276923077,1592.7267230769232,805.7471230769231,836.0155692307693,0
1562.458276923077,1592.7267230769232,836.0155692307693,866.2840153846155,0
1562.458276923077,1592.7267230769232,866.2840153846155,896.5524615384616,0
1562.458276923077,1592.7267230769232,896.5524615384616,926.8209076923077,0
1562.458276923077,1592.7267230769232,926.8209076923077,957.0893538461539,0
1562.458276923077,1592.7267230769232,957.0893538461539,987.3578000000001,0
1562.458276923077,1592.7267230769232,987.3578000000001,1017.6262461538463,0
1562.458276923077,1592.7267230769232,1017.6262461538463,1047.8946923076924,1
1562.458276923077,1592.7267230769232,1047.8946923076924,1078.1631384615384,0
1562.458276923077,1592.7267230769232,1078.1631384615384,1108.4315846153847,0
1562.458276923077,1592.7267230769232,1108.4315846153847,1138.700030769231,8
1562.458276923077,1592.7267230769232,1138.700030769231,1168.968476923077,11
1562.458276923077,1592.7267230769232,1168.968476923077,1199.2369230769232,18
1562.458276923077,1592.7267230769232,1199.2369230769232,1229.5053692307692,36
1562.458276923077,1592.7267230769232,1229.5053692307692,1259.7738153846153,30
1562.458276923077,1592.7267230769232,1259.7738153846153,1290.0422615384616,149
1562.458276923077,1592.7267230769232,1290.0422615384616,1320.310707692308,172
1562.458276923077,1592.7267230769232,1320.310707692308,1350.579153846154,176
1562.458276923077,1592.7267230769232,1350.579153846154,1380.8476,282
1562.458276923077,1592.7267230769232,1380.8476,1411.1160461538461,216
1562.458276923077,1592.7267230769232,1411.1160461538461,1441.3844923076924,238
1562.458276923077,1592.7267230769232,1441.3844923076924,1471.6529384615387,121
1562.458276923077,1592.7267230769232,1471.6529384615387,1501.9213846153848,61
1562.458276923077,1592.7267230769232,1501.9213846153848,1532.1898307692309,38
1562.458276923077,1592.7267230769232,1532.1898307692309,1562.458276923077,65
1562.458276923077,1592.7267230769232,1562.458276923077,1592.7267230769232,34
1562.458276923077,1592.7267230769232,1592.7267230769232,1622.9951692307695,28
1562.458276923077,1592.7267230769232,1622.9951692307695,1653.2636153846156,6
1562.458276923077,1592.7267230769232,1653.2636153846156,1683.5320615384617,28
1562.458276923077,1592.7267230769232,1683.5320615384617,1713.8005076923077,3
1562.458276923077,1592.7267230769232,1713.8005076923077,1744.0689538461538,14
1562.458276923077,1592.7267230769232,1744.0689538461538,1774.3374000000003,36
1562.458276923077,1592.7267230769232,1774.3374000000003,1804.6058461538464,77
1562.458276923077,1592.7267230769232,1804.6058461538464,1834.8742923076925,66
1562.458276923077,1592.7267230769232,1834.8742923076925,1865.1427384615386,68
1562.458276923077,1592.7267230769232,1865.1427384615386,1895.4111846153846,6
1562.458276923077,1592.7267230769232,1895.4111846153846,1925.6796307692307,0
1562.458276923077,1592.7267230769232,1925.6796307692307,1955.9480769230772,0
1562.458276923077,1592.7267230769232,1955.9480769230772,1986.2165230769233,0
1562.458276923077,1592.7267230769232,1986.2165230769233,2016.4849692307694,0
1562.458276923077,1592.7267230769232,2016.4849692307694,2046.7534153846154,0
1562.458276923077,1592.7267230769232,2046.7534153846154,2077.0218615384615,0
1562.458276923077,1592.7267230769232,2077.0218615384615,2107.290307692308,0
1562.458276923077,1592.7267230769232,2107.290307692308,2137.558753846154,0
1562.458276923077,1592.7267230769232,2137.558753846154,2167.8272,0
1562.458276923077,1592.7267230769232,2167.8272,2198.0956461538462,0
1562.458276923077,1592.7267230769232,2198.0956461538462,2228.3640923076923,0
1562.458276923077,1592.7267230769232,2228.3640923076923,2258.632538461539,0
1562.458276923077,1592.7267230769232,2258.632538461539,2288.900984615385,0
1562.458276923077,1592.7267230769232,2288.900984615385,2319.169430769231,0
1562.458276923077,1592.7267230769232,2319.169430769231,2349.437876923077,0
1562.458276923077,1592.7267230769232,2349.437876923077,2379.706323076923,0
1562.458276923077,1592.7267230769232,2379.706323076923,2409.974769230769,0
1562.458276923077,1592.7267230769232,2409.974769230769,2440.2432153846157,0
1562.458276923077,1592.7267230769232,2440.2432153846157,2470.511661538462,0
1562.458276923077,1592.7267230769232,2470.511661538462,2500.780107692308,0
1562.458276923077,1592.7267230769232,2500.780107692308,2531.048553846154,0
1562.458276923077,1592.7267230769232,2531.048553846154,2561.317,0
1592.7267230769232,1622.9951692307695,593.868,624.1364461538462,0
1592.7267230769232,1622.9951692307695,624.1364461538462,654.4048923076923,0
1592.7267230769232,1622.9951692307695,654.4048923076923,684.6733384615385,0
1592.7267230769232,1622.9951692307695,684.6733384615385,714.9417846153847,0
1592.7267230769232,1622.9951692307695,714.9417846153847,745.2102307692309,0
1592.7267230769232,1622.9951692307695,745.2102307692309,775.478676923077,0
1592.7267230769232,1622.9951692307695,775.478676923077,805.7471230769231,0
1592.7267230769232,1622.9951692307695,805.7471230769231,836.0155692307693,0
1592.7267230769232,1622.9951692307695,836.0155692307693,866.2840153846155,0
1592.7267230769232,1622.9951692307695,866.2840153846155,896.5524615384616,0
1592.7267230769232,1622.9951692307695,896.5524615384616,926.8209076923077,0
1592.7267230769232,1622.9951692307695,926.8209076923077,957.0893538461539,0
1592.7267230769232,1622.9951692307695,957.0893538461539,987.3578000000001,0
1592.7267230769232,1622.9951692307695,987.3578000000001,1017.6262461538463,1
1592.7267230769232,1622.9951692307695,1017.6262461538463,1047.8946923076924,2
1592.7267230769232,1622.9951692307695,1047.8946923076924,1078.1631384615384,2
1592.7267230769232,1622.9951692307695,1078.1631384615384,1108.4315846153847,3
1592.7267230769232,1622.9951692307695,1108.4315846153847,1138.700030769231,1
1592.7267230769232,1622.9951692307695,1138.700030769231,1168.968476923077,9
1592.7267230769232,1622.9951692307695,1168.968476923077,1199.2369230769232,4
1592.7267230769232,1622.9951692307695,1199.2369230769232,1229.5053692307692,16
1592.7267230769232,1622.9951692307695,1229.5053692307692,1259.7738153846153,58
1592.7267230769232,1622.9951692307695,1259.7738153846153,1290.0422615384616,69
1592.7267230769232,1622.9951692307695,1290.0422615384616,1320.310707692308,117
1592.7267230769232,1622.9951692307695,1320.310707692308,1350.579153846154,139
1592.7267230769232,1622.9951692307695,1350.579153846154,1380.8476,407
1592.7267230769232,1622.9951692307695,1380.8476,1411.1160461538461,449
1592.7267230769232,1622.9951692307695,1411.1160461538461,1441.3844923076924,348
1592.7267230769232,1622.9951692307695,1441.3844923076924,1471.6529384615387,221
1592.7267230769232,1622.9951692307695,1471.6529384615387,1501.9213846153848,143
1592.7267230769232,1622.9951692307695,1501.9213846153848,1532.1898307692309,109
1592.7267230769232,1622.9951692307695,1532.1898307692309,1562.458276923077,35
1592.7267230769232,1622.9951692307695,1562.458276923077,1592.7267230769232,5
1592.7267230769232,1622.9951692307695,1592.7267230769232,1622.9951692307695,9
1592.7267230769232,1622.9951692307695,1622.9951692307695,1653.2636153846156,15
1592.7267230769232,1622.9951692307695,1653.2636153846156,1683.5320615384617,10
1592.7267230769232,1622.9951692307695,1683.5320615384617,1713.8005076923077,8
1592.7267230769232,1622.9951692307695,1713.8005076923077,1744.0689538461538,16
1592.7267230769232,1622.9951692307695,1744.0689538461538,1774.3374000000003,14
1592.7267230769232,1622.9951692307695,1774.3374000000003,1804.6058461538464,21
1592.7267230769232,1622.9951692307695,1804.6058461538464,1834.8742923076925,58
1592.7267230769232,1622.9951692307695,1834.8742923076925,1865.1427384615386,45
1592.7267230769232,1622.9951692307695,1865.1427384615386,1895.4111846153846,36
1592.7267230769232,1622.9951692307695,1895.4111846153846,1925.6796307692307,7
1592.7267230769232,1622.9951692307695,1925.6796307692307,1955.9480769230772,0
1592.7267230769232,1622.9951692307695,1955.9480769230772,1986.2165230769233,0
1592.7267230769232,1622.9951692307695,1986.2165230769233,2016.4849692307694,0
1592.7267230769232,1622.9951692307695,2016.4849692307694,2046.7534153846154,0
1592.7267230769232,1622.9951692307695,2046.7534153846154,2077.0218615384615,0
1592.7267230769232,1622.9951692307695,2077.0218615384615,2107.290307692308,0
1592.7267230769232,1622.9951692307695,2107.290307692308,2137.558753846154,0
1592.7267230769232,1622.9951692307695,2137.558753846154,2167.8272,0
1592.7267230769232,1622.9951692307695,2167.8272,2198.0956461538462,0
1592.7267230769232,1622.9951692307695,2198.0956461538462,2228.3640923076923,0
1592.7267230769232,1622.9951692307695,2228.3640923076923,2258.632538461539,0
1592.7267230769232,1622.9951692307695,2258.632538461539,2288.900984615385,0
1592.7267230769232,1622.9951692307695,2288.900984615385,2319.169430769231,0
1592.7267230769232,1622.9951692307695,2319.169430769231,2349.437876923077,0
1592.7267230769232,1622.9951692307695,2349.437876923077,2379.706323076923,0
1592.7267230769232,1622.9951692307695,2379.706323076923,2409.974769230769,0
1592.7267230769232,1622.9951692307695,2409.974769230769,2440.2432153846157,0
1592.7267230769232,1622.9951692307695,2440.2432153846157,2470.511661538462,0
1592.7267230769232,1622.9951692307695,2470.511661538462,2500.780107692308,0
1592.7267230769232,1622.9951692307695,2500.780107692308,2531.048553846154,0
1592.7267230769232,1622.9951692307695,2531.048553846154,2561.317,0
1622.9951692307695,1653.2636153846156,593.868,624.1364461538462,0
1622.9951692307695,1653.2636153846156,624.1364461538462,654.4048923076923,0
1622.9951692307695,1653.2636153846156,654.4048923076923,684.6733384615385,0
1622.9951692307695,1653.2636153846156,684.6733384615385,714.9417846153847,0
1622.9951692307695,1653.2636153846156,714.9417846153847,745.2102307692309,0
1622.9951692307695,1653.2636153846156,745.2102307692309,775.478676923077,0
1622.9951692307695,1653.2636153846156,775.478676923077,805.7471230769231,0
1622.9951692307695,1653.2636153846156,805.7471230769231,836.0155692307693,0
1622.9951692307695,1653.2636153846156,836.0155692307693,866.2840153846155,0
1622.9951692307695,1653.2636153846156,866.2840153846155,896.5524615384616,0
1622.9951692307695,1653.2636153846156,896.5524615384616,926.8209076923077,0
1622.9951692307695,1653.2636153846156,926.8209076923077,957.0893538461539,0
1622.9951692307695,1653.2636153846156,957.0893538461539,987.3578000000001,0
1622.9951692307695,1653.2636153846156,987.3578000000001,1017.6262461538463,1
1622.9951692307695,1653.2636153846156,1017.6262461538463,1047.8946923076924,0
1622.9951692307695,1653.2636153846156,1047.8946923076924,1078.1631384615384,1
1622.9951692307695,1653.2636153846156,1078.1631384615384,1108.4315846153847,0
1622.9951692307695,1653.2636153846156,1108.4315846153847,1138.700030769231,1
1622.9951692307695,1653.2636153846156,1138.700030769231,1168.968476923077,22
1622.9951692307695,1653.2636153846156,1168.968476923077,1199.2369230769232,1
1622.9951692307695,1653.2636153846156,1199.2369230769232,1229.5053692307692,6
1622.9951692307695,1653.2636153846156,1229.5053692307692,1259.7738153846153,33
1622.9951692307695,1653.2636153846156,1259.7738153846153,1290.0422615384616,103
1622.9951692307695,1653.2636153846156,1290.0422615384616,1320.310707692308,286
1622.9951692307695,1653.2636153846156,1320.310707692308,1350.579153846154,111
1622.9951692307695,1653.2636153846156,1350.579153846154,1380.8476,106
1622.9951692307695,1653.2636153846156,1380.8476,1411.1160461538461,392
1622.9951692307695,1653.2636153846156,1411.1160461538461,1441.3844923076924,228
1622.9951692307695,1653.2636153846156,1441.3844923076924,1471.6529384615387,263
1622.9951692307695,1653.2636153846156,1471.6529384615387,1501.9213846153848,223
1622.9951692307695,1653.2636153846156,1501.9213846153848,1532.1898307692309,210
1622.9951692307695,1653.2636153846156,1532.1898307692309,1562.458276923077,76
1622.9951692307695,1653.2636153846156,1562.458276923077,1592.7267230769232,16
1622.9951692307695,1653.2636153846156,1592.7267230769232,1622.9951692307695,2
1622.9951692307695,1653.2636153846156,1622.9951692307695,1653.2636153846156,16
1622.9951692307695,1653.2636153846156,1653.2636153846156,1683.5320615384617,11
1622.9951692307695,1653.2636153846156,1683.5320615384617,1713.8005076923077,8
1622.9951692307695,1653.2636153846156,1713.8005076923077,1744.0689538461538,13
1622.9951692307695,1653.2636153846156,1744.0689538461538,1774.3374000000003,49
1622.9951692307695,1653.2636153846156,1774.3374000000003,1804.6058461538464,42
1622.9951692307695,1653.2636153846156,1804.6058461538464,1834.8742923076925,31
1622.9951692307695,1653.2636153846156,1834.8742923076925,1865.1427384615386,55
1622.9951692307695,1653.2636153846156,1865.1427384615386,1895.4111846153846,106
1622.9951692307695,1653.2636153846156,1895.4111846153846,1925.6796307692307,33
1622.9951692307695,1653.2636153846156,1925.6796307692307,1955.9480769230772,0
1622.9951692307695,1653.2636153846156,1955.9480769230772,1986.2165230769233,0
1622.9951692307695,1653.2636153846156,1986.2165230769233,2016.4849692307694,0
1622.9951692307695,1653.2636153846156,2016.4849692307694,2046.7534153846154,0
1622.9951692307695,1653.2636153846156,2046.7534153846154,2077.0218615384615,0
1622.9951692307695,1653.2636153846156,2077.0218615384615,2107.290307692308,0
1622.9951692307695,1653.2636153846156,2107.290307692308,2137.558753846154,0
1622.9951692307695,1653.2636153846156,2137.558753846154,2167.8272,0
1622.9951692307695,1653.2636153846156,2167.8272,2198.0956461538462,0
1622.9951692307695,1653.2636153846156,2198.0956461538462,2228.3640923076923,0
1622.9951692307695,1653.2636153846156,2228.3640923076923,2258.632538461539,0
1622.9951692307695,1653.2636153846156,2258.632538461539,2288.900984615385,0
1622.9951692307695,1653.2636153846156,2288.900984615385,2319.169430769231,0
1622.9951692307695,1653.2636153846156,2319.169430769231,2349.437876923077,0
1622.9951692307695,1653.2636153846156,2349.437876923077,2379.706323076923,0
1622.9951692307695,1653.2636153846156,2379.706323076923,2409.974769230769,0
1622.9951692307695,1653.2636153846156,2409.974769230769,2440.2432153846157,0
1622.9951692307695,1653.2636153846156,2440.2432153846157,2470.511661538462,0
1622.9951692307695,1653.2636153846156,2470.511661538462,2500.780107692308,0
1622.9951692307695,1653.2636153846156,2500.780107692308,2531.048553846154,0
1622.9951692307695,1653.2636153846156,2531.048553846154,2561.317,0
1653.2636153846156,1683.5320615384617,593.868,624.1364461538462,0
1653.2636153846156,1683.5320615384617,624.1364461538462,654.4048923076923,0
1653.2636153846156,1683.5320615384617,654.4048923076923,684.6733384615385,0
1653.2636153846156,1683.5320615384617,684.6733384615385,714.9417846153847,0
1653.2636153846156,1683.5320615384617,714.9417846153847,745.2102307692309,0
1653.2636153846156,1683.5320615384617,745.2102307692309,775.478676923077,0
1653.2636153846156,1683.5320615384617,775.478676923077,805.7471230769231,0
1653.2636153846156,1683.5320615384617,805.7471230769231,836.0155692307693,0
1653.2636153846156,1683.5320615384617,836.0155692307693,866.2840153846155,0
1653.2636153846156,1683.5320615384617,866.2840153846155,896.5524615384616,0
1653.2636153846156,1683.5320615384617,896.5524615384616,926.8209076923077,0
1653.2636153846156,1683.5320615384617,926.8209076923077,957.0893538461539,0
1653.2636153846156,1683.5320615384617,957.0893538461539,987.3578000000001,0
1653.2636153846156,1683.5320615384617,987.3578000000001,1017.6262461538463,0
1653.2636153846156,1683.5320615384617,1017.6262461538463,1047.8946923076924,0
1653.2636153846156,1683.5320615384617,1047.8946923076924,1078.1631384615384,4
1653.2636153846156,1683.5320615384617,1078.1631384615384,1108.4315846153847,0
1653.2636153846156,1683.5320615384617,1108.4315846153847,1138.700030769231,2
1653.2636153846156,1683.5320615384617,1138.700030769231,1168.968476923077,1
1653.2636153846156,1683.5320615384617,1168.968476923077,1199.2369230769232,1
1653.2636153846156,1683.5320615384617,1199.2369230769232,1229.5053692307692,0
1653.2636153846156,1683.5320615384617,1229.5053692307692,1259.7738153846153,10
1653.2636153846156,1683.5320615384617,1259.7738153846153,1290.0422615384616,23
1653.2636153846156,1683.5320615384617,1290.0422615384616,1320.310707692308,51
1653.2636153846156,1683.5320615384617,1320.310707692308,1350.579153846154,48
1653.2636153846156,1683.5320615384617,1350.579153846154,1380.8476,31
1653.2636153846156,1683.5320615384617,1380.8476,1411.1160461538461,129
1653.2636153846156,1683.5320615384617,1411.1160461538461,1441.3844923076924,184
1653.2636153846156,1683.5320615384617,1441.3844923076924,1471.6529384615387,290
1653.2636153846156,1683.5320615384617,1471.6529384615387,1501.9213846153848,128
1653.2636153846156,1683.5320615384617,1501.9213846153848,1532.1898307692309,267
1653.2636153846156,1683.5320615384617,1532.1898307692309,1562.458276923077,84
1653.2636153846156,1683.5320615384617,1562.458276923077,1592.7267230769232,30
1653.2636153846156,1683.5320615384617,1592.7267230769232,1622.9951692307695,30
1653.2636153846156,1683.5320615384617,1622.9951692307695,1653.2636153846156,20
1653.2636153846156,1683.5320615384617,1653.2636153846156,1683.5320615384617,10
1653.2636153846156,1683.5320615384617,1683.5320615384617,1713.8005076923077,39
1653.2636153846156,1683.5320615384617,1713.8005076923077,1744.0689538461538,30
1653.2636153846156,1683.5320615384617,1744.0689538461538,1774.3374000000003,48
1653.2636153846156,1683.5320615384617,1774.3374000000003,1804.6058461538464,26
1653.2636153846156,1683.5320615384617,1804.6058461538464,1834.8742923076925,12
1653.2636153846156,1683.5320615384617,1834.8742923076925,1865.1427384615386,46
1653.2636153846156,1683.5320615384617,1865.1427384615386,1895.4111846153846,104
1653.2636153846156,1683.5320615384617,1895.4111846153846,1925.6796307692307,72
1653.2636153846156,1683.5320615384617,1925.6796307692307,1955.9480769230772,20
1653.2636153846156,1683.5320615384617,1955.9480769230772,1986.2165230769233,0
1653.2636153846156,1683.5320615384617,1986.2165230769233,2016.4849692307694,0
1653.2636153846156,1683.5320615384617,2016.4849692307694,2046.7534153846154,0
1653.2636153846156,1683.5320615384617,2046.7534153846154,2077.0218615384615,0
1653.2636153846156,1683.5320615384617,2077.0218615384615,2107.290307692308,0
1653.2636153846156,1683.5320615384617,2107.290307692308,2137.558753846154,0
1653.2636153846156,1683.5320615384617,2137.558753846154,2167.8272,0
1653.2636153846156,1683.5320615384617,2167.8272,2198.0956461538462,0
1653.2636153846156,1683.5320615384617,2198.0956461538462,2228.3640923076923,0
1653.2636153846156,1683.5320615384617,2228.3640923076923,2258.632538461539,0
1653.2636153846156,1683.5320615384617,2258.632538461539,2288.900984615385,0
1653.2636153846156,1683.5320615384617,2288.900984615385,2319.169430769231,0
1653.2636153846156,1683.5320615384617,2319.169430769231,2349.437876923077,0
1653.2636153846156,1683.5320615384617,2349.437876923077,2379.706323076923,0
1653.2636153846156,1683.5320615384617,2379.706323076923,2409.974769230769,0
1653.2636153846156,1683.5320615384617,2409.974769230769,2440.2432153846157,0
1653.2636153846156,1683.5320615384617,2440.2432153846157,2470.511661538462,0
1653.2636153846156,1683.5320615384617,2470.511661538462,2500.780107692308,0
1653.2636153846156,1683.5320615384617,2500.780107692308,2531.048553846154,0
1653.2636153846156,1683.5320615384617,2531.048553846154,2561.317,0
1683.5320615384617,1713.8005076923077,593.868,624.1364461538462,0
1683.5320615384617,1713.8005076923077,624.1364461538462,654.4048923076923,0
1683.5320615384617,1713.8005076923077,654.4048923076923,684.6733384615385,0
1683.5320615384617,1713.8005076923077,684.6733384615385,714.9417846153847,0
1683.5320615384617,1713.8005076923077,714.9417846153847,745.2102307692309,0
1683.5320615384617,1713.8005076923077,745.2102307692309,775.478676923077,0
1683.5320615384617,1713.8005076923077,775.478676923077,805.7471230769231,0
1683.5320615384617,1713.8005076923077,805.7471230769231,836.0155692307693,0
1683.5320615384617,1713.8005076923077,836.0155692307693,866.2840153846155,0
1683.5320615384617,1713.8005076923077,866.2840153846155,896.5524615384616,0
1683.5320615384617,1713.8005076923077,896.5524615384616,926.8209076923077,0
1683.5320615384617,1713.8005076923077,926.8209076923077,957.0893538461539,0
1683.5320615384617,1713.8005076923077,957.0893538461539,987.3578000000001,0
1683.5320615384617,1713.8005076923077,987.3578000000001,1017.6262461538463,0
1683.5320615384617,1713.8005076923077,1017.6262461538463,1047.8946923076924,0
1683.5320615384617,1713.8005076923077,1047.8946923076924,1078.1631384615384,0
1683.5320615384617,1713.8005076923077,1078.1631384615384,1108.4315846153847,0
1683.5320615384617,1713.8005076923077,1108.4315846153847,1138.700030769231,0
1683.5320615384617,1713.8005076923077,1138.700030769231,1168.968476923077,0
1683.5320615384617,1713.8005076923077,1168.968476923077,1199.2369230769232,5
1683.5320615384617,1713.8005076923077,1199.2369230769232,1229.5053692307692,0
1683.5320615384617,1713.8005076923077,1229.5053692307692,1259.7738153846153,3
1683.5320615384617,1713.8005076923077,1259.7738153846153,1290.0422615384616,10
1683.5320615384617,1713.8005076923077,1290.0422615384616,1320.310707692308,9
1683.5320615384617,1713.8005076923077,1320.310707692308,1350.579153846154,17
1683.5320615384617,1713.8005076923077,1350.579153846154,1380.8476,24
1683.5320615384617,1713.8005076923077,1380.8476,1411.1160461538461,83
1683.5320615384617,1713.8005076923077,1411.1160461538461,1441.3844923076924,81
1683.5320615384617,1713.8005076923077,1441.3844923076924,1471.6529384615387,178
1683.5320615384617,1713.8005076923077,1471.6529384615387,1501.9213846153848,120
1683.5320615384617,1713.8005076923077,1501.9213846153848,1532.1898307692309,132
1683.5320615384617,1713.8005076923077,1532.1898307692309,1562.458276923077,83
1683.5320615384617,1713.8005076923077,1562.458276923077,1592.7267230769232,54
1683.5320615384617,1713.8005076923077,1592.7267230769232,1622.9951692307695,35
1683.5320615384617,1713.8005076923077,1622.9951692307695,1653.2636153846156,11
1683.5320615384617,1713.8005076923077,1653.2636153846156,1683.5320615384617,26
1683.5320615384617,1713.8005076923077,1683.5320615384617,1713.8005076923077,51
1683.5320615384617,1713.8005076923077,1713.8005076923077,1744.0689538461538,14
1683.5320615384617,1713.8005076923077,1744.0689538461538,1774.3374000000003,64
1683.5320615384617,1713.8005076923077,1774.3374000000003,1804.6058461538464,41
1683.5320615384617,1713.8005076923077,1804.6058461538464,1834.8742923076925,40
1683.5320615384617,1713.8005076923077,1834.8742923076925,1865.1427384615386,13
1683.5320615384617,1713.8005076923077,1865.1427384615386,1895.4111846153846,16
1683.5320615384617,1713.8005076923077,1895.4111846153846,1925.6796307692307,57
1683.5320615384617,1713.8005076923077,1925.6796307692307,1955.9480769230772,9
1683.5320615384617,1713.8005076923077,1955.9480769230772,1986.2165230769233,6
1683.5320615384617,1713.8005076923077,1986.2165230769233,2016.4849692307694,0
1683.5320615384617,1713.8005076923077,2016.4849692307694,2046.7534153846154,1
1683.5320615384617,1713.8005076923077,2046.7534153846154,2077.0218615384615,0
1683.5320615384617,1713.8005076923077,2077.0218615384615,2107.290307692308,1
1683.5320615384617,1713.8005076923077,2107.290307692308,2137.558753846154,0
1683.5320615384617,1713.8005076923077,2137.558753846154,2167.8272,0
1683.5320615384617,1713.8005076923077,2167.8272,2198.0956461538462,0
1683.5320615384617,1713.8005076923077,2198.0956461538462,2228.3640923076923,0
1683.5320615384617,1713.8005076923077,2228.3640923076923,2258.632538461539,0
1683.5320615384617,1713.8005076923077,2258.632538461539,2288.900984615385,0
1683.5320615384617,1713.8005076923077,2288.900984615385,2319.169430769231,0
1683.5320615384617,1713.8005076923077,2319.169430769231,2349.437876923077,0
1683.5320615384617,1713.8005076923077,2349.437876923077,2379.706323076923,0
1683.5320615384617,1713.8005076923077,2379.706323076923,2409.974769230769,0
1683.5320615384617,1713.8005076923077,2409.974769230769,2440.2432153846157,0
1683.5320615384617,1713.8005076923077,2440.2432153846157,2470.511661538462,0
1683.5320615384617,1713.8005076923077,2470.511661538462,2500.780107692308,0
1683.5320615384617,1713.8005076923077,2500.780107692308,2531.048553846154,0
1683.5320615384617,1713.8005076923077,2531.048553846154,2561.317,0
1713.8005076923077,1744.0689538461538,593.868,624.1364461538462,0
1713.8005076923077,1744.0689538461538,624.1364461538462,654.4048923076923,0
1713.8005076923077,1744.0689538461538,654.4048923076923,684.6733384615385,0
1713.8005076923077,1744.0689538461538,684.6733384615385,714.9417846153847,0
1713.8005076923077,1744.0689538461538,714.9417846153847,745.2102307692309,0
1713.8005076923077,1744.0689538461538,745.2102307692309,775.478676923077,0
1713.8005076923077,1744.0689538461538,775.478676923077,805.7471230769231,0
1713.8005076923077,1744.0689538461538,805.7471230769231,836.0155692307693,0
1713.8005076923077,1744.0689538461538,836.0155692307693,866.2840153846155,0
1713.8005076923077,1744.0689538461538,866.2840153846155,896.5524615384616,0
1713.8005076923077,1744.0689538461538,896.5524615384616,926.8209076923077,0
1713.8005076923077,1744.0689538461538,926.8209076923077,957.0893538461539,0
1713.8005076923077,1744.0689538461538,957.0893538461539,987.3578000000001,0
1713.8005076923077,1744.0689538461538,987.3578000000001,1017.6262461538463,0
1713.8005076923077,1744.0689538461538,1017.6262461538463,1047.8946923076924,0
1713.8005076923077,1744.0689538461538,1047.8946923076924,1078.1631384615384,0
1713.8005076923077,1744.0689538461538,1078.1631384615384,1108.4315846153847,0
1713.8005076923077,1744.0689538461538,1108.4315846153847,1138.700030769231,1
1713.8005076923077,1744.0689538461538,1138.700030769231,1168.968476923077,0
1713.8005076923077,1744.0689538461538,1168.968476923077,1199.2369230769232,0
1713.8005076923077,1744.0689538461538,1199.2369230769232,1229.5053692307692,0
1713.8005076923077,1744.0689538461538,1229.5053692307692,1259.7738153846153,10
1713.8005076923077,1744.0689538461538,1259.7738153846153,1290.0422615384616,4
1713.8005076923077,1744.0689538461538,1290.0422615384616,1320.310707692308,6
1713.8005076923077,1744.0689538461538,1320.310707692308,1350.579153846154,7
1713.8005076923077,1744.0689538461538,1350.579153846154,1380.8476,18
1713.8005076923077,1744.0689538461538,1380.8476,1411.1160461538461,67
1713.8005076923077,1744.0689538461538,1411.1160461538461,1441.3844923076924,92
1713.8005076923077,1744.0689538461538,1441.3844923076924,1471.6529384615387,76
1713.8005076923077,1744.0689538461538,1471.6529384615387,1501.9213846153848,199
1713.8005076923077,1744.0689538461538,1501.9213846153848,1532.1898307692309,174
1713.8005076923077,1744.0689538461538,1532.1898307692309,1562.458276923077,154
1713.8005076923077,1744.0689538461538,1562.458276923077,1592.7267230769232,97
1713.8005076923077,1744.0689538461538,1592.7267230769232,1622.9951692307695,68
1713.8005076923077,1744.0689538461538,1622.9951692307695,1653.2636153846156,25
1713.8005076923077,1744.0689538461538,1653.2636153846156,1683.5320615384617,22
1713.8005076923077,1744.0689538461538,1683.5320615384617,1713.8005076923077,103
1713.8005076923077,1744.0689538461538,1713.8005076923077,1744.0689538461538,21
1713.8005076923077,1744.0689538461538,1744.0689538461538,1774.3374000000003,44
1713.8005076923077,1744.0689538461538,1774.3374000000003,1804.6058461538464,30
1713.8005076923077,1744.0689538461538,1804.6058461538464,1834.8742923076925,29
1713.8005076923077,1744.0689538461538,1834.8742923076925,1865.1427384615386,24
1713.8005076923077,1744.0689538461538,1865.1427384615386,1895.4111846153846,7
1713.8005076923077,1744.0689538461538,1895.4111846153846,1925.6796307692307,17
1713.8005076923077,1744.0689538461538,1925.6796307692307,1955.9480769230772,7
1713.8005076923077,1744.0689538461538,1955.9480769230772,1986.2165230769233,4
1713.8005076923077,1744.0689538461538,1986.2165230769233,2016.4849692307694,1
1713.8005076923077,1744.0689538461538,2016.4849692307694,2046.7534153846154,0
1713.8005076923077,1744.0689538461538,2046.7534153846154,2077.0218615384615,0
1713.8005076923077,1744.0689538461538,2077.0218615384615,2107.290307692308,0
1713.8005076923077,1744.0689538461538,2107.290307692308,2137.558753846154,0
1713.8005076923077,1744.0689538461538,2137.558753846154,2167.8272,0
1713.8005076923077,1744.0689538461538,2167.8272,2198.0956461538462,0
1713.8005076923077,1744.0689538461538,2198.0956461538462,2228.3640923076923,0
1713.8005076923077,1744.0689538461538,2228.3640923076923,2258.632538461539,0
1713.8005076923077,1744.0689538461538,2258.632538461539,2288.900984615385,0
1713.8005076923077,1744.0689538461538,2288.900984615385,2319.169430769231,0
1713.8005076923077,1744.0689538461538,2319.169430769231,2349.437876923077,0
1713.8005076923077,1744.0689538461538,2349.437876923077,2379.706323076923,0
1713.8005076923077,1744.0689538461538,2379.706323076923,2409.974769230769,0
1713.8005076923077,1744.0689538461538,2409.974769230769,2440.2432153846157,0
1713.8005076923077,1744.0689538461538,2440.2432153846157,2470.511661538462,0
1713.8005076923077,1744.0689538461538,2470.511661538462,2500.780107692308,0
1713.8005076923077,1744.0689538461538,2500.780107692308,2531.048553846154,0
1713.8005076923077,1744.0689538461538,2531.048553846154,2561.317,0
1744.0689538461538,1774.3374000000003,593.868,624.1364461538462,0
1744.0689538461538,1774.3374000000003,624.1364461538462,654.4048923076923,0
1744.0689538461538,1774.3374000000003,654.4048923076923,684.6733384615385,0
1744.0689538461538,1774.3374000000003,684.6733384615385,714.9417846153847,0
1744.0689538461538,1774.3374000000003,714.9417846153847,745.2102307692309,0
1744.0689538461538,1774.3374000000003,745.2102307692309,775.478676923077,0
1744.0689538461538,1774.3374000000003,775.478676923077,805.7471230769231,0
1744.0689538461538,1774.3374000000003,805.7471230769231,836.0155692307693,0
1744.0689538461538,1774.3374000000003,836.0155692307693,866.2840153846155,0
1744.0689538461538,1774.3374000000003,866.2840153846155,896.5524615384616,0
1744.0689538461538,1774.3374000000003,896.5524615384616,926.8209076923077,0
1744.0689538461538,1774.3374000000003,926.8209076923077,957.0893538461539,0
1744.0689538461538,1774.3374000000003,957.0893538461539,987.3578000000001,0
1744.0689538461538,1774.3374000000003,987.3578000000001,1017.6262461538463,0
1744.0689538461538,1774.3374000000003,1017.6262461538463,1047.8946923076924,0
1744.0689538461538,1774.3374000000003,1047.8946923076924,1078.1631384615384,0
1744.0689538461538,1774.3374000000003,1078.1631384615384,1108.4315846153847,0
1744.0689538461538,1774.3374000000003,1108.4315846153847,1138.700030769231,0
1744.0689538461538,1774.3374000000003,1138.700030769231,1168.968476923077,0
1744.0689538461538,1774.3374000000003,1168.968476923077,1199.2369230769232,1
1744.0689538461538,1774.3374000000003,1199.2369230769232,1229.5053692307692,0
1744.0689538461538,1774.3374000000003,1229.5053692307692,1259.7738153846153,2
1744.0689538461538,1774.3374000000003,1259.7738153846153,1290.0422615384616,0
1744.0689538461538,1774.3374000000003,1290.0422615384616,1320.310707692308,4
1744.0689538461538,1774.3374000000003,1320.310707692308,1350.579153846154,2
1744.0689538461538,1774.3374000000003,1350.579153846154,1380.8476,35
1744.0689538461538,1774.3374000000003,1380.8476,1411.1160461538461,14
1744.0689538461538,1774.3374000000003,1411.1160461538461,1441.3844923076924,42
1744.0689538461538,1774.3374000000003,1441.3844923076924,1471.6529384615387,27
1744.0689538461538,1774.3374000000003,1471.6529384615387,1501.9213846153848,125
1744.0689538461538,1774.3374000000003,1501.9213846153848,1532.1898307692309,143
1744.0689538461538,1774.3374000000003,1532.1898307692309,1562.458276923077,191
1744.0689538461538,1774.3374000000003,1562.458276923077,1592.7267230769232,127
1744.0689538461538,1774.3374000000003,1592.7267230769232,1622.9951692307695,79
1744.0689538461538,1774.3374000000003,1622.9951692307695,1653.2636153846156,74
1744.0689538461538,1774.3374000000003,1653.2636153846156,1683.5320615384617,30
1744.0689538461538,1774.3374000000003,1683.5320615384617,1713.8005076923077,60
1744.0689538461538,1774.3374000000003,1713.8005076923077,1744.0689538461538,21
1744.0689538461538,1774.3374000000003,1744.0689538461538,1774.3374000000003,31
1744.0689538461538,1774.3374000000003,1774.3374000000003,1804.6058461538464,12
1744.0689538461538,1774.3374000000003,1804.6058461538464,1834.8742923076925,17
1744.0689538461538,1774.3374000000003,1834.8742923076925,1865.1427384615386,5
1744.0689538461538,1774.3374000000003,1865.1427384615386,1895.4111846153846,3
1744.0689538461538,1774.3374000000003,1895.4111846153846,1925.6796307692307,6
1744.0689538461538,1774.3374000000003,1925.6796307692307,1955.9480769230772,2
1744.0689538461538,1774.3374000000003,1955.9480769230772,1986.2165230769233,8
1744.0689538461538,1774.3374000000003,1986.2165230769233,2016.4849692307694,5
1744.0689538461538,1774.3374000000003,2016.4849692307694,2046.7534153846154,0
1744.0689538461538,1774.3374000000003,2046.7534153846154,2077.0218615384615,0
1744.0689538461538,1774.3374000000003,2077.0218615384615,2107.290307692308,0
1744.0689538461538,1774.3374000000003,2107.290307692308,2137.558753846154,0
1744.0689538461538,1774.3374000000003,2137.558753846154,2167.8272,0
1744.0689538461538,1774.3374000000003,2167.8272,2198.0956461538462,0
1744.0689538461538,1774.3374000000003,2198.0956461538462,2228.3640923076923,0
1744.0689538461538,1774.3374000000003,2228.3640923076923,2258.632538461539,0
1744.0689538461538,1774.3374000000003,2258.632538461539,2288.900984615385,0
1744.0689538461538,1774.3374000000003,2288.900984615385,2319.169430769231,0
1744.0689538461538,1774.3374000000003,2319.169430769231,2349.437876923077,0
1744.0689538461538,1774.3374000000003,2349.437876923077,2379.706323076923,0
1744.0689538461538,1774.3374000000003,2379.706323076923,2409.974769230769,0
1744.0689538461538,1774.3374000000003,2409.974769230769,2440.2432153846157,0
1744.0689538461538,1774.3374000000003,2440.2432153846157,2470.511661538462,0
1744.0689538461538,1774.3374000000003,2470.511661538462,2500.780107692308,0
1744.0689538461538,1774.3374000000003,2500.780107692308,2531.048553846154,0
1744.0689538461538,1774.3374000000003,2531.048553846154,2561.317,0
1774.3374000000003,1804.6058461538464,593.868,624.1364461538462,0
1774.3374000000003,1804.6058461538464,624.1364461538462,654.4048923076923,0
1774.3374000000003,1804.6058461538464,654.4048923076923,684.6733384615385,0
1774.3374000000003,1804.6058461538464,684.6733384615385,714.9417846153847,0
1774.3374000000003,1804.6058461538464,714.9417846153847,745.2102307692309,0
1774.3374000000003,1804.6058461538464,745.2102307692309,775.478676923077,0
1774.3374000000003,1804.6058461538464,775.478676923077,805.7471230769231,0
1774.3374000000003,1804.6058461538464,805.7471230769231,836.0155692307693,0
1774.3374000000003,1804.6058461538464,836.0155692307693,866.2840153846155,0
1774.3374000000003,1804.6058461538464,866.2840153846155,896.5524615384616,0
1774.3374000000003,1804.6058461538464,896.5524615384616,926.8209076923077,0
1774.3374000000003,1804.6058461538464,926.8209076923077,957.0893538461539,0
1774.3374000000003,1804.6058461538464,957.0893538461539,987.3578000000001,0
1774.3374000000003,1804.6058461538464,987.3578000000001,1017.6262461538463,0
1774.3374000000003,1804.6058461538464,1017.6262461538463,1047.8946923076924,0
1774.3374000000003,1804.6058461538464,1047.8946923076924,1078.1631384615384,0
1774.3374000000003,1804.6058461538464,1078.1631384615384,1108.4315846153847,0
1774.3374000000003,1804.6058461538464,1108.4315846153847,1138.700030769231,0
1774.3374000000003,1804.6058461538464,1138.700030769231,1168.968476923077,0
1774.3374000000003,1804.6058461538464,1168.968476923077,1199.2369230769232,0
1774.3374000000003,1804.6058461538464,1199.2369230769232,1229.5053692307692,0
1774.3374000000003,1804.6058461538464,1229.5053692307692,1259.7738153846153,2
1774.3374000000003,1804.6058461538464,1259.7738153846153,1290.0422615384616,0
1774.3374000000003,1804.6058461538464,1290.0422615384616,1320.310707692308,0
1774.3374000000003,1804.6058461538464,1320.310707692308,1350.579153846154,3
1774.3374000000003,1804.6058461538464,1350.579153846154,1380.8476,4
1774.3374000000003,1804.6058461538464,1380.8476,1411.1160461538461,16
1774.3374000000003,1804.6058461538464,1411.1160461538461,1441.3844923076924,10
1774.3374000000003,1804.6058461538464,1441.3844923076924,1471.6529384615387,10
1774.3374000000003,1804.6058461538464,1471.6529384615387,1501.9213846153848,65
1774.3374000000003,1804.6058461538464,1501.9213846153848,1532.1898307692309,58
1774.3374000000003,1804.6058461538464,1532.1898307692309,1562.458276923077,79
1774.3374000000003,1804.6058461538464,1562.458276923077,1592.7267230769232,113
1774.3374000000003,1804.6058461538464,1592.7267230769232,1622.9951692307695,157
1774.3374000000003,1804.6058461538464,1622.9951692307695,1653.2636153846156,44
1774.3374000000003,1804.6058461538464,1653.2636153846156,1683.5320615384617,18
1774.3374000000003,1804.6058461538464,1683.5320615384617,1713.8005076923077,28
1774.3374000000003,1804.6058461538464,1713.8005076923077,1744.0689538461538,19
1774.3374000000003,1804.6058461538464,1744.0689538461538,1774.3374000000003,4
1774.3374000000003,1804.6058461538464,1774.3374000000003,1804.6058461538464,19
1774.3374000000003,1804.6058461538464,1804.6058461538464,1834.8742923076925,7
1774.3374000000003,1804.6058461538464,1834.8742923076925,1865.1427384615386,4
1774.3374000000003,1804.6058461538464,1865.1427384615386,1895.4111846153846,9
1774.3374000000003,1804.6058461538464,1895.4111846153846,1925.6796307692307,0
1774.3374000000003,1804.6058461538464,1925.6796307692307,1955.9480769230772,0
1774.3374000000003,1804.6058461538464,1955.9480769230772,1986.2165230769233,0
1774.3374000000003,1804.6058461538464,1986.2165230769233,2016.4849692307694,4
1774.3374000000003,1804.6058461538464,2016.4849692307694,2046.7534153846154,1
1774.3374000000003,1804.6058461538464,2046.7534153846154,2077.0218615384615,0
1774.3374000000003,1804.6058461538464,2077.0218615384615,2107.290307692308,0
1774.3374000000003,1804.6058461538464,2107.290307692308,2137.558753846154,0
1774.3374000000003,1804.6058461538464,2137.558753846154,2167.8272,0
1774.3374000000003,1804.6058461538464,2167.8272,2198.0956461538462,0
1774.3374000000003,1804.6058461538464,2198.0956461538462,2228.3640923076923,0
1774.3374000000003,1804.6058461538464,2228.3640923076923,2258.632538461539,0
1774.3374000000003,1804.6058461538464,2258.632538461539,2288.900984615385,0
1774.3374000000003,1804.6058461538464,2288.900984615385,2319.169430769231,0
1774.3374000000003,1804.6058461538464,2319.169430769231,2349.437876923077,0
1774.3374000000003,1804.6058461538464,2349.437876923077,2379.706323076923,0
1774.3374000000003,1804.6058461538464,2379.706323076923,2409.974769230769,0
1774.3374000000003,1804.6058461538464,2409.974769230769,2440.2432153846157,0
1774.3374000000003,1804.6058461538464,2440.2432153846157,2470.511661538462,0
1774.3374000000003,1804.6058461538464,2470.511661538462,2500.780107692308,0
1774.3374000000003,1804.6058461538464,2500.780107692308,2531.048553846154,0
1774.3374000000003,1804.6058461538464,2531.048553846154,2561.317,0
1804.6058461538464,1834.8742923076925,593.868,624.1364461538462,0
1804.6058461538464,1834.8742923076925,624.1364461538462,654.4048923076923,0
1804.6058461538464,1834.8742923076925,654.4048923076923,684.6733384615385,0
1804.6058461538464,1834.8742923076925,684.6733384615385,714.9417846153847,0
1804.6058461538464,1834.8742923076925,714.9417846153847,745.2102307692309,0
1804.6058461538464,1834.8742923076925,745.2102307692309,775.478676923077,0
1804.6058461538464,1834.8742923076925,775.478676923077,805.7471230769231,0
1804.6058461538464,1834.8742923076925,805.7471230769231,836.0155692307693,0
1804.6058461538464,1834.8742923076925,836.0155692307693,866.2840153846155,0
1804.6058461538464,1834.8742923076925,866.2840153846155,896.5524615384616,0
1804.6058461538464,1834.8742923076925,896.5524615384616,926.8209076923077,0
1804.6058461538464,1834.8742923076925,926.8209076923077,957.0893538461539,0
1804.6058461538464,1834.8742923076925,957.0893538461539,987.3578000000001,0
1804.6058461538464,1834.8742923076925,987.3578000000001,1017.6262461538463,0
1804.6058461538464,1834.8742923076925,1017.6262461538463,1047.8946923076924,0
1804.6058461538464,1834.8742923076925,1047.8946923076924,1078.1631384615384,0
1804.6058461538464,1834.8742923076925,1078.1631384615384,1108.4315846153847,0
1804.6058461538464,1834.8742923076925,1108.4315846153847,1138.700030769231,0
1804.6058461538464,1834.8742923076925,1138.700030769231,1168.968476923077,1
1804.6058461538464,1834.8742923076925,1168.968476923077,1199.2369230769232,0
1804.6058461538464,1834.8742923076925,1199.2369230769232,1229.5053692307692,0
1804.6058461538464,1834.8742923076925,1229.5053692307692,1259.7738153846153,0
1804.6058461538464,1834.8742923076925,1259.7738153846153,1290.0422615384616,1
1804.6058461538464,1834.8742923076925,1290.0422615384616,1320.310707692308,0
1804.6058461538464,1834.8742923076925,1320.310707692308,1350.579153846154,0
1804.6058461538464,1834.8742923076925,1350.579153846154,1380.8476,4
1804.6058461538464,1834.8742923076925,1380.8476,1411.1160461538461,17
1804.6058461538464,1834.8742923076925,1411.1160461538461,1441.3844923076924,17
1804.6058461538464,1834.8742923076925,1441.3844923076924,1471.6529384615387,6
1804.6058461538464,1834.8742923076925,1471.6529384615387,1501.9213846153848,40
1804.6058461538464,1834.8742923076925,1501.9213846153848,1532.1898307692309,57
1804.6058461538464,1834.8742923076925,1532.1898307692309,1562.458276923077,51
1804.6058461538464,1834.8742923076925,1562.458276923077,1592.7267230769232,89
1804.6058461538464,1834.8742923076925,1592.7267230769232,1622.9951692307695,94
1804.6058461538464,1834.8742923076925,1622.9951692307695,1653.2636153846156,104
1804.6058461538464,1834.8742923076925,1653.2636153846156,1683.5320615384617,75
1804.6058461538464,1834.8742923076925,1683.5320615384617,1713.8005076923077,45
1804.6058461538464,1834.8742923076925,1713.8005076923077,1744.0689538461538,9
1804.6058461538464,1834.8742923076925,1744.0689538461538,1774.3374000000003,5
1804.6058461538464,1834.8742923076925,1774.3374000000003,1804.6058461538464,2
1804.6058461538464,1834.8742923076925,1804.6058461538464,1834.8742923076925,1
1804.6058461538464,1834.8742923076925,1834.8742923076925,1865.1427384615386,3
1804.6058461538464,1834.8742923076925,1865.1427384615386,1895.4111846153846,15
1804.6058461538464,1834.8742923076925,1895.4111846153846,1925.6796307692307,1
1804.6058461538464,1834.8742923076925,1925.6796307692307,1955.9480769230772,0
1804.6058461538464,1834.8742923076925,1955.9480769230772,1986.2165230769233,0
1804.6058461538464,1834.8742923076925,1986.2165230769233,2016.4849692307694,0
1804.6058461538464,1834.8742923076925,2016.4849692307694,2046.7534153846154,0
1804.6058461538464,1834.8742923076925,2046.7534153846154,2077.0218615384615,0
1804.6058461538464,1834.8742923076925,2077.0218615384615,2107.290307692308,0
1804.6058461538464,1834.8742923076925,2107.290307692308,2137.558753846154,0
1804.6058461538464,1834.8742923076925,2137.558753846154,2167.8272,0
1804.6058461538464,1834.8742923076925,2167.8272,2198.0956461538462,0
1804.6058461538464,1834.8742923076925,2198.0956461538462,2228.3640923076923,0
1804.6058461538464,1834.8742923076925,2228.3640923076923,2258.632538461539,0
1804.6058461538464,1834.8742923076925,2258.632538461539,2288.900984615385,0
1804.6058461538464,1834.8742923076925,2288.900984615385,2319.169430769231,0
1804.6058461538464,1834.8742923076925,2319.169430769231,2349.437876923077,0
1804.6058461538464,1834.8742923076925,2349.437876923077,2379.706323076923,0
1804.6058461538464,1834.8742923076925,2379.706323076923,2409.974769230769,0
1804.6058461538464,1834.8742923076925,2409.974769230769,2440.2432153846157,0
1804.6058461538464,1834.8742923076925,2440.2432153846157,2470.511661538462,0
1804.6058461538464,1834.8742923076925,2470.511661538462,2500.780107692308,0
1804.6058461538464,1834.8742923076925,2500.780107692308,2531.048553846154,0
1804.6058461538464,1834.8742923076925,2531.048553846154,2561.317,0
1834.8742923076925,1865.1427384615386,593.868,624.1364461538462,0
1834.8742923076925,1865.1427384615386,624.1364461538462,654.4048923076923,0
1834.8742923076925,1865.1427384615386,654.4048923076923,684.6733384615385,0
1834.8742923076925,1865.1427384615386,684.6733384615385,714.9417846153847,0
1834.8742923076925,1865.1427384615386,714.9417846153847,745.2102307692309,0
1834.8742923076925,1865.1427384615386,745.2102307692309,775.478676923077,0
1834.8742923076925,1865.1427384615386,775.478676923077,805.7471230769231,0
1834.8742923076925,1865.1427384615386,805.7471230769231,836.0155692307693,0
1834.8742923076925,1865.1427384615386,836.0155692307693,866.2840153846155,0
1834.8742923076925,1865.1427384615386,866.2840153846155,896.5524615384616,0
1834.8742923076925,1865.1427384615386,896.5524615384616,926.8209076923077,0
1834.8742923076925,1865.1427384615386,926.8209076923077,957.0893538461539,0
1834.8742923076925,1865.1427384615386,957.0893538461539,987.3578000000001,0
1834.8742923076925,1865.1427384615386,987.3578000000001,1017.6262461538463,0
1834.8742923076925,1865.1427384615386,1017.6262461538463,1047.8946923076924,0
1834.8742923076925,1865.1427384615386,1047.8946923076924,1078.1631384615384,0
1834.8742923076925,1865.1427384615386,1078.1631384615384,1108.4315846153847,0
1834.8742923076925,1865.1427384615386,1108.4315846153847,1138.700030769231,0
1834.8742923076925,1865.1427384615386,1138.700030769231,1168.968476923077,0
1834.8742923076925,1865.1427384615386,1168.968476923077,1199.2369230769232,0
1834.8742923076925,1865.1427384615386,1199.2369230769232,1229.5053692307692,0
1834.8742923076925,1865.1427384615386,1229.5053692307692,1259.7738153846153,0
1834.8742923076925,1865.1427384615386,1259.7738153846153,1290.0422615384616,0
1834.8742923076925,1865.1427384615386,1290.0422615384616,1320.310707692308,2
1834.8742923076925,1865.1427384615386,1320.310707692308,1350.579153846154,0
1834.8742923076925,1865.1427384615386,1350.579153846154,1380.8476,0
1834.8742923076925,1865.1427384615386,1380.8476,1411.1160461538461,2
1834.8742923076925,1865.1427384615386,1411.1160461538461,1441.3844923076924,8
1834.8742923076925,1865.1427384615386,1441.3844923076924,1471.6529384615387,17
1834.8742923076925,1865.1427384615386,1471.6529384615387,1501.9213846153848,15
1834.8742923076925,1865.1427384615386,1501.9213846153848,1532.1898307692309,49
1834.8742923076925,1865.1427384615386,1532.1898307692309,1562.458276923077,37
1834.8742923076925,1865.1427384615386,1562.458276923077,1592.7267230769232,36
1834.8742923076925,1865.1427384615386,1592.7267230769232,1622.9951692307695,60
1834.8742923076925,1865.1427384615386,1622.9951692307695,1653.2636153846156,89
1834.8742923076925,1865.1427384615386,1653.2636153846156,1683.5320615384617,50
1834.8742923076925,1865.1427384615386,1683.5320615384617,1713.8005076923077,38
1834.8742923076925,1865.1427384615386,1713.8005076923077,1744.0689538461538,41
1834.8742923076925,1865.1427384615386,1744.0689538461538,1774.3374000000003,8
1834.8742923076925,1865.1427384615386,1774.3374000000003,1804.6058461538464,1
1834.8742923076925,1865.1427384615386,1804.6058461538464,1834.8742923076925,2
1834.8742923076925,1865.1427384615386,1834.8742923076925,1865.1427384615386,1
1834.8742923076925,1865.1427384615386,1865.1427384615386,1895.4111846153846,6
1834.8742923076925,1865.1427384615386,1895.4111846153846,1925.6796307692307,1
1834.8742923076925,1865.1427384615386,1925.6796307692307,1955.9480769230772,0
1834.8742923076925,1865.1427384615386,1955.9480769230772,1986.2165230769233,1
1834.8742923076925,1865.1427384615386,1986.2165230769233,2016.4849692307694,1
1834.8742923076925,1865.1427384615386,2016.4849692307694,2046.7534153846154,0
1834.8742923076925,1865.1427384615386,2046.7534153846154,2077.0218615384615,0
1834.8742923076925,1865.1427384615386,2077.0218615384615,2107.290307692308,0
1834.8742923076925,1865.1427384615386,2107.290307692308,2137.558753846154,0
1834.8742923076925,1865.1427384615386,2137.558753846154,2167.8272,0
1834.8742923076925,1865.1427384615386,2167.8272,2198.0956461538462,0
1834.8742923076925,1865.1427384615386,2198.0956461538462,2228.3640923076923,0
1834.8742923076925,1865.1427384615386,2228.3640923076923,2258.632538461539,0
1834.8742923076925,1865.1427384615386,2258.632538461539,2288.900984615385,0
1834.8742923076925,1865.1427384615386,2288.900984615385,2319.169430769231,0
1834.8742923076925,1865.1427384615386,2319.169430769231,2349.437876923077,0
1834.8742923076925,1865.1427384615386,2349.437876923077,2379.706323076923,0
1834.8742923076925,1865.1427384615386,2379.706323076923,2409.974769230769,0
1834.8742923076925,1865.1427384615386,2409.974769230769,2440.2432153846157,0
1834.8742923076925,1865.1427384615386,2440.2432153846157,2470.511661538462,0
1834.8742923076925,1865.1427384615386,2470.511661538462,2500.780107692308,0
1834.8742923076925,1865.1427384615386,2500.780107692308,2531.048553846154,0
1834.8742923076925,1865.1427384615386,2531.048553846154,2561.317,0
1865.1427384615386,1895.4111846153846,593.868,624.1364461538462,0
1865.1427384615386,1895.4111846153846,624.1364461538462,654.4048923076923,0
1865.1427384615386,1895.4111846153846,654.4048923076923,684.6733384615385,0
1865.1427384615386,1895.4111846153846,684.6733384615385,714.9417846153847,0
1865.1427384615386,1895.4111846153846,714.9417846153847,745.2102307692309,0
1865.1427384615386,1895.4111846153846,745.2102307692309,775.478676923077,0
1865.1427384615386,1895.4111846153846,775.478676923077,805.7471230769231,0
1865.1427384615386,1895.4111846153846,805.7471230769231,836.0155692307693,0
1865.1427384615386,1895.4111846153846,836.0155692307693,866.2840153846155,0
1865.1427384615386,1895.4111846153846,866.2840153846155,896.5524615384616,0
1865.1427384615386,1895.4111846153846,896.5524615384616,926.8209076923077,0
1865.1427384615386,1895.4111846153846,926.8209076923077,957.0893538461539,0
1865.1427384615386,1895.4111846153846,957.0893538461539,987.3578000000001,0
1865.1427384615386,1895.4111846153846,987.3578000000001,1017.6262461538463,0
1865.1427384615386,1895.4111846153846,1017.6262461538463,1047.8946923076924,0
1865.1427384615386,1895.4111846153846,1047.8946923076924,1078.1631384615384,0
1865.1427384615386,1895.4111846153846,1078.1631384615384,1108.4315846153847,0
1865.1427384615386,1895.4111846153846,1108.4315846153847,1138.700030769231,0
1865.1427384615386,1895.4111846153846,1138.700030769231,1168.968476923077,0
1865.1427384615386,1895.4111846153846,1168.968476923077,1199.2369230769232,0
1865.1427384615386,1895.4111846153846,1199.2369230769232,1229.5053692307692,0
1865.1427384615386,1895.4111846153846,1229.5053692307692,1259.7738153846153,0
1865.1427384615386,1895.4111846153846,1259.7738153846153,1290.0422615384616,0
1865.1427384615386,1895.4111846153846,1290.0422615384616,1320.310707692308,0
1865.1427384615386,1895.4111846153846,1320.310707692308,1350.579153846154,0
1865.1427384615386,1895.4111846153846,1350.579153846154,1380.8476,3
1865.1427384615386,1895.4111846153846,1380.8476,1411.1160461538461,1
1865.1427384615386,1895.4111846153846,1411.1160461538461,1441.3844923076924,0
1865.1427384615386,1895.4111846153846,1441.3844923076924,1471.6529384615387,1
1865.1427384615386,1895.4111846153846,1471.6529384615387,1501.9213846153848,11
1865.1427384615386,1895.4111846153846,1501.9213846153848,1532.1898307692309,21
1865.1427384615386,1895.4111846153846,1532.1898307692309,1562.458276923077,23
1865.1427384615386,1895.4111846153846,1562.458276923077,1592.7267230769232,17
1865.1427384615386,1895.4111846153846,1592.7267230769232,1622.9951692307695,34
1865.1427384615386,1895.4111846153846,1622.9951692307695,1653.2636153846156,76
1865.1427384615386,1895.4111846153846,1653.2636153846156,1683.5320615384617,69
1865.1427384615386,1895.4111846153846,1683.5320615384617,1713.8005076923077,39
1865.1427384615386,1895.4111846153846,1713.8005076923077,1744.0689538461538,33
1865.1427384615386,1895.4111846153846,1744.0689538461538,1774.3374000000003,44
1865.1427384615386,1895.4111846153846,1774.3374000000003,1804.6058461538464,5
1865.1427384615386,1895.4111846153846,1804.6058461538464,1834.8742923076925,6
1865.1427384615386,1895.4111846153846,1834.8742923076925,1865.1427384615386,5
1865.1427384615386,1895.4111846153846,1865.1427384615386,1895.4111846153846,0
1865.1427384615386,1895.4111846153846,1895.4111846153846,1925.6796307692307,1
1865.1427384615386,1895.4111846153846,1925.6796307692307,1955.9480769230772,0
1865.1427384615386,1895.4111846153846,1955.9480769230772,1986.2165230769233,0
1865.1427384615386,1895.4111846153846,1986.2165230769233,2016.4849692307694,0
1865.1427384615386,1895.4111846153846,2016.4849692307694,2046.7534153846154,0
1865.1427384615386,1895.4111846153846,2046.7534153846154,2077.0218615384615,0
1865.1427384615386,1895.4111846153846,2077.0218615384615,2107.290307692308,0
1865.1427384615386,1895.4111846153846,2107.290307692308,2137.558753846154,0
1865.1427384615386,1895.4111846153846,2137.558753846154,2167.8272,0
1865.1427384615386,1895.4111846153846,2167.8272,2198.0956461538462,0
1865.1427384615386,1895.4111846153846,2198.0956461538462,2228.3640923076923,0
1865.1427384615386,1895.4111846153846,2228.3640923076923,2258.632538461539,0
1865.1427384615386,1895.4111846153846,2258.632538461539,2288.900984615385,0
1865.1427384615386,1895.4111846153846,2288.900984615385,2319.169430769231,0
1865.1427384615386,1895.4111846153846,2319.169430769231,2349.437876923077,0
1865.1427384615386,1895.4111846153846,2349.437876923077,2379.706323076923,0
1865.1427384615386,1895.4111846153846,2379.706323076923,2409.974769230769,0
1865.1427384615386,1895.4111846153846,2409.974769230769,2440.2432153846157,0
1865.1427384615386,1895.4111846153846,2440.2432153846157,2470.511661538462,0
1865.1427384615386,1895.4111846153846,2470.511661538462,2500.780107692308,0
1865.1427384615386,1895.4111846153846,2500.780107692308,2531.048553846154,0
1865.1427384615386,1895.4111846153846,2531.048553846154,2561.317,0
1895.4111846153846,1925.6796307692307,593.868,624.1364461538462,0
1895.4111846153846,1925.6796307692307,624.1364461538462,654.4048923076923,0
1895.4111846153846,1925.6796307692307,654.4048923076923,684.6733384615385,0
1895.4111846153846,1925.6796307692307,684.6733384615385,714.9417846153847,0
1895.4111846153846,1925.6796307692307,714.9417846153847,745.2102307692309,0
1895.4111846153846,1925.6796307692307,745.2102307692309,775.478676923077,0
1895.4111846153846,1925.6796307692307,775.478676923077,805.7471230769231,0
1895.4111846153846,1925.6796307692307,805.7471230769231,836.0155692307693,0
1895.4111846153846,1925.6796307692307,836.0155692307693,866.2840153846155,0
1895.4111846153846,1925.6796307692307,866.2840153846155,896.5524615384616,0
1895.4111846153846,1925.6796307692307,896.5524615384616,926.8209076923077,0
1895.4111846153846,1925.6796307692307,926.8209076923077,957.0893538461539,0
1895.4111846153846,1925.6796307692307,957.0893538461539,987.3578000000001,0
1895.4111846153846,1925.6796307692307,987.3578000000001,1017.6262461538463,0
1895.4111846153846,1925.6796307692307,1017.6262461538463,1047.8946923076924,0
1895.4111846153846,1925.6796307692307,1047.8946923076924,1078.1631384615384,0
1895.4111846153846,1925.6796307692307,1078.1631384615384,1108.4315846153847,0
1895.4111846153846,1925.6796307692307,1108.4315846153847,1138.700030769231,0
1895.4111846153846,1925.6796307692307,1138.700030769231,1168.968476923077,0
1895.4111846153846,1925.6796307692307,1168.968476923077,1199.2369230769232,0
1895.4111846153846,1925.6796307692307,1199.2369230769232,1229.5053692307692,0
1895.4111846153846,1925.6796307692307,1229.5053692307692,1259.7738153846153,0
1895.4111846153846,1925.6796307692307,1259.7738153846153,1290.0422615384616,0
1895.4111846153846,1925.6796307692307,1290.0422615384616,1320.310707692308,0
1895.4111846153846,1925.6796307692307,1320.310707692308,1350.579153846154,0
1895.4111846153846,1925.6796307692307,1350.579153846154,1380.8476,2
1895.4111846153846,1925.6796307692307,1380.8476,1411.1160461538461,2
1895.4111846153846,1925.6796307692307,1411.1160461538461,1441.3844923076924,3
1895.4111846153846,1925.6796307692307,1441.3844923076924,1471.6529384615387,5
1895.4111846153846,1925.6796307692307,1471.6529384615387,1501.9213846153848,4
1895.4111846153846,1925.6796307692307,1501.9213846153848,1532.1898307692309,13
1895.4111846153846,1925.6796307692307,1532.1898307692309,1562.458276923077,18
1895.4111846153846,1925.6796307692307,1562.458276923077,1592.7267230769232,38
1895.4111846153846,1925.6796307692307,1592.7267230769232,1622.9951692307695,55
1895.4111846153846,1925.6796307692307,1622.9951692307695,1653.2636153846156,67
1895.4111846153846,1925.6796307692307,1653.2636153846156,1683.5320615384617,62
1895.4111846153846,1925.6796307692307,1683.5320615384617,1713.8005076923077,63
1895.4111846153846,1925.6796307692307,1713.8005076923077,1744.0689538461538,31
1895.4111846153846,1925.6796307692307,1744.0689538461538,1774.3374000000003,20
1895.4111846153846,1925.6796307692307,1774.3374000000003,1804.6058461538464,20
1895.4111846153846,1925.6796307692307,1804.6058461538464,1834.8742923076925,8
1895.4111846153846,1925.6796307692307,1834.8742923076925,1865.1427384615386,1
1895.4111846153846,1925.6796307692307,1865.1427384615386,1895.4111846153846,0
1895.4111846153846,1925.6796307692307,1895.4111846153846,1925.6796307692307,0
1895.4111846153846,1925.6796307692307,1925.6796307692307,1955.9480769230772,0
1895.4111846153846,1925.6796307692307,1955.9480769230772,1986.2165230769233,0
1895.4111846153846,1925.6796307692307,1986.2165230769233,2016.4849692307694,1
1895.4111846153846,1925.6796307692307,2016.4849692307694,2046.7534153846154,0
1895.4111846153846,1925.6796307692307,2046.7534153846154,2077.0218615384615,0
1895.4111846153846,1925.6796307692307,2077.0218615384615,2107.290307692308,0
1895.4111846153846,1925.6796307692307,2107.290307692308,2137.558753846154,0
1895.4111846153846,1925.6796307692307,2137.558753846154,2167.8272,0
1895.4111846153846,1925.6796307692307,2167.8272,2198.0956461538462,0
1895.4111846153846,1925.6796307692307,2198.0956461538462,2228.3640923076923,0
1895.4111846153846,1925.6796307692307,2228.3640923076923,2258.632538461539,0
1895.4111846153846,1925.6796307692307,2258.632538461539,2288.900984615385,0
1895.4111846153846,1925.6796307692307,2288.900984615385,2319.169430769231,0
1895.4111846153846,1925.6796307692307,2319.169430769231,2349.437876923077,0
1895.4111846153846,1925.6796307692307,2349.437876923077,2379.706323076923,0
1895.4111846153846,1925.6796307692307,2379.706323076923,2409.974769230769,0
1895.4111846153846,1925.6796307692307,2409.974769230769,2440.2432153846157,0
1895.4111846153846,1925.6796307692307,2440.2432153846157,2470.511661538462,0
1895.4111846153846,1925.6796307692307,2470.511661538462,2500.780107692308,0
1895.4111846153846,1925.6796307692307,2500.780107692308,2531.048553846154,0
1895.4111846153846,1925.6796307692307,2531.048553846154,2561.317,0
1925.6796307692307,1955.9480769230772,593.868,624.1364461538462,0
1925.6796307692307,1955.9480769230772,624.1364461538462,654.4048923076923,0
1925.6796307692307,1955.9480769230772,654.4048923076923,684.6733384615385,0
1925.6796307692307,1955.9480769230772,684.6733384615385,714.9417846153847,0
1925.6796307692307,1955.9480769230772,714.9417846153847,745.2102307692309,0
1925.6796307692307,1955.9480769230772,745.2102307692309,775.478676923077,0
1925.6796307692307,1955.9480769230772,775.478676923077,805.7471230769231,0
1925.6796307692307,1955.9480769230772,805.7471230769231,836.0155692307693,0
1925.6796307692307,1955.9480769230772,836.0155692307693,866.2840153846155,0
1925.6796307692307,1955.9480769230772,866.2840153846155,896.5524615384616,0
1925.6796307692307,1955.9480769230772,896.5524615384616,926.8209076923077,0
1925.6796307692307,1955.9480769230772,926.8209076923077,957.0893538461539,0
1925.6796307692307,1955.9480769230772,957.0893538461539,987.3578000000001,0
1925.6796307692307,1955.9480769230772,987.3578000000001,1017.6262461538463,0
1925.6796307692307,1955.9480769230772,1017.6262461538463,1047.8946923076924,0
1925.6796307692307,1955.9480769230772,1047.8946923076924,1078.1631384615384,0
1925.6796307692307,1955.9480769230772,1078.1631384615384,1108.4315846153847,0
1925.6796307692307,1955.9480769230772,1108.4315846153847,1138.700030769231,0
1925.6796307692307,1955.9480769230772,1138.700030769231,1168.968476923077,0
1925.6796307692307,1955.9480769230772,1168.968476923077,1199.2369230769232,0
1925.6796307692307,1955.9480769230772,1199.2369230769232,1229.5053692307692,0
1925.6796307692307,1955.9480769230772,1229.5053692307692,1259.7738153846153,0
1925.6796307692307,1955.9480769230772,1259.7738153846153,1290.0422615384616,0
1925.6796307692307,1955.9480769230772,1290.0422615384616,1320.310707692308,0
1925.6796307692307,1955.9480769230772,1320.310707692308,1350.579153846154,0
1925.6796307692307,1955.9480769230772,1350.579153846154,1380.8476,0
1925.6796307692307,1955.9480769230772,1380.8476,1411.1160461538461,0
1925.6796307692307,1955.9480769230772,1411.1160461538461,1441.3844923076924,1
1925.6796307692307,1955.9480769230772,1441.3844923076924,1471.6529384615387,0
1925.6796307692307,1955.9480769230772,1471.6529384615387,1501.9213846153848,3
1925.6796307692307,1955.9480769230772,1501.9213846153848,1532.1898307692309,33
1925.6796307692307,1955.9480769230772,1532.1898307692309,1562.458276923077,15
1925.6796307692307,1955.9480769230772,1562.458276923077,1592.7267230769232,12
1925.6796307692307,1955.9480769230772,1592.7267230769232,1622.9951692307695,12
1925.6796307692307,1955.9480769230772,1622.9951692307695,1653.2636153846156,21
1925.6796307692307,1955.9480769230772,1653.2636153846156,1683.5320615384617,26
1925.6796307692307,1955.9480769230772,1683.5320615384617,1713.8005076923077,24
1925.6796307692307,1955.9480769230772,1713.8005076923077,1744.0689538461538,22
1925.6796307692307,1955.9480769230772,1744.0689538461538,1774.3374000000003,30
1925.6796307692307,1955.9480769230772,1774.3374000000003,1804.6058461538464,30
1925.6796307692307,1955.9480769230772,1804.6058461538464,1834.8742923076925,6
1925.6796307692307,1955.9480769230772,1834.8742923076925,1865.1427384615386,10
1925.6796307692307,1955.9480769230772,1865.1427384615386,1895.4111846153846,0
1925.6796307692307,1955.9480769230772,1895.4111846153846,1925.6796307692307,1
1925.6796307692307,1955.9480769230772,1925.6796307692307,1955.9480769230772,0
1925.6796307692307,1955.9480769230772,1955.9480769230772,1986.2165230769233,0
1925.6796307692307,1955.9480769230772,1986.2165230769233,2016.4849692307694,0
1925.6796307692307,1955.9480769230772,2016.4849692307694,2046.7534153846154,0
1925.6796307692307,1955.9480769230772,2046.7534153846154,2077.0218615384615,0
1925.6796307692307,1955.9480769230772,2077.0218615384615,2107.290307692308,1
1925.6796307692307,1955.9480769230772,2107.290307692308,2137.558753846154,0
1925.6796307692307,1955.9480769230772,2137.558753846154,2167.8272,0
1925.6796307692307,1955.9480769230772,2167.8272,2198.0956461538462,0
1925.6796307692307,1955.9480769230772,2198.0956461538462,2228.3640923076923,0
1925.6796307692307,1955.9480769230772,2228.3640923076923,2258.632538461539,0
1925.6796307692307,1955.9480769230772,2258.632538461539,2288.900984615385,0
1925.6796307692307,1955.9480769230772,2288.900984615385,2319.169430769231,0
1925.6796307692307,1955.9480769230772,2319.169430769231,2349.437876923077,0
1925.6796307692307,1955.9480769230772,2349.437876923077,2379.706323076923,0
1925.6796307692307,1955.9480769230772,2379.706323076923,2409.974769230769,0
1925.6796307692307,1955.9480769230772,2409.974769230769,2440.2432153846157,0
1925.6796307692307,1955.9480769230772,2440.2432153846157,2470.511661538462,0
1925.6796307692307,1955.9480769230772,2470.511661538462,2500.780107692308,0
1925.6796307692307,1955.9480769230772,2500.780107692308,2531.048553846154,0
1925.6796307692307,1955.9480769230772,2531.048553846154,2561.317,0
1955.9480769230772,1986.2165230769233,593.868,624.1364461538462,0
1955.9480769230772,1986.2165230769233,624.1364461538462,654.4048923076923,0
1955.9480769230772,1986.2165230769233,654.4048923076923,684.6733384615385,0
1955.9480769230772,1986.2165230769233,684.6733384615385,714.9417846153847,0
1955.9480769230772,1986.2165230769233,714.9417846153847,745.2102307692309,0
1955.9480769230772,1986.2165230769233,745.2102307692309,775.478676923077,0
1955.9480769230772,1986.2165230769233,775.478676923077,805.7471230769231,0
1955.9480769230772,1986.2165230769233,805.7471230769231,836.0155692307693,0
1955.9480769230772,1986.2165230769233,836.0155692307693,866.2840153846155,0
1955.9480769230772,1986.2165230769233,866.2840153846155,896.5524615384616,0
1955.9480769230772,1986.2165230769233,896.5524615384616,926.8209076923077,0
1955.9480769230772,1986.2165230769233,926.8209076923077,957.0893538461539,0
1955.9480769230772,1986.2165230769233,957.0893538461539,987.3578000000001,0
1955.9480769230772,1986.2165230769233,987.3578000000001,1017.6262461538463,0
1955.9480769230772,1986.2165230769233,1017.6262461538463,1047.8946923076924,0
1955.9480769230772,1986.2165230769233,1047.8946923076924,1078.1631384615384,0
1955.9480769230772,1986.2165230769233,1078.1631384615384,1108.4315846153847,0
1955.9480769230772,1986.2165230769233,1108.4315846153847,1138.700030769231,0
1955.9480769230772,1986.2165230769233,1138.700030769231,1168.968476923077,0
1955.9480769230772,1986.2165230769233,1168.968476923077,1199.2369230769232,0
1955.9480769230772,1986.2165230769233,1199.2369230769232,1229.5053692307692,0
1955.9480769230772,1986.2165230769233,1229.5053692307692,1259.7738153846153,0
1955.9480769230772,1986.2165230769233,1259.7738153846153,1290.0422615384616,0
1955.9480769230772,1986.2165230769233,1290.0422615384616,1320.310707692308,0
1955.9480769230772,1986.2165230769233,1320.310707692308,1350.579153846154,0
1955.9480769230772,1986.2165230769233,1350.579153846154,1380.8476,0
1955.9480769230772,1986.2165230769233,1380.8476,1411.1160461538461,0
1955.9480769230772,1986.2165230769233,1411.1160461538461,1441.3844923076924,0
1955.9480769230772,1986.2165230769233,1441.3844923076924,1471.6529384615387,1
1955.9480769230772,1986.2165230769233,1471.6529384615387,1501.9213846153848,0
1955.9480769230772,1986.2165230769233,1501.9213846153848,1532.1898307692309,8
1955.9480769230772,1986.2165230769233,1532.1898307692309,1562.458276923077,3
1955.9480769230772,1986.2165230769233,1562.458276923077,1592.7267230769232,3
1955.9480769230772,1986.2165230769233,1592.7267230769232,1622.9951692307695,19
1955.9480769230772,1986.2165230769233,1622.9951692307695,1653.2636153846156,16
1955.9480769230772,1986.2165230769233,1653.2636153846156,1683.5320615384617,18
1955.9480769230772,1986.2165230769233,1683.5320615384617,1713.8005076923077,25
1955.9480769230772,1986.2165230769233,1713.8005076923077,1744.0689538461538,18
1955.9480769230772,1986.2165230769233,1744.0689538461538,1774.3374000000003,35
1955.9480769230772,1986.2165230769233,1774.3374000000003,1804.6058461538464,131
1955.9480769230772,1986.2165230769233,1804.6058461538464,1834.8742923076925,13
1955.9480769230772,1986.2165230769233,1834.8742923076925,1865.1427384615386,29
1955.9480769230772,1986.2165230769233,1865.1427384615386,1895.4111846153846,2
1955.9480769230772,1986.2165230769233,1895.4111846153846,1925.6796307692307,1
1955.9480769230772,1986.2165230769233,1925.6796307692307,1955.9480769230772,3
1955.9480769230772,1986.2165230769233,1955.9480769230772,1986.2165230769233,0
1955.9480769230772,1986.2165230769233,1986.2165230769233,2016.4849692307694,2
1955.9480769230772,1986.2165230769233,2016.4849692307694,2046.7534153846154,1
1955.9480769230772,1986.2165230769233,2046.7534153846154,2077.0218615384615,0
1955.9480769230772,1986.2165230769233,2077.0218615384615,2107.290307692308,0
1955.9480769230772,1986.2165230769233,2107.290307692308,2137.558753846154,0
1955.9480769230772,1986.2165230769233,2137.558753846154,2167.8272,0
1955.9480769230772,1986.2165230769233,2167.8272,2198.0956461538462,0
1955.9480769230772,1986.2165230769233,2198.0956461538462,2228.3640923076923,0
1955.9480769230772,1986.2165230769233,2228.3640923076923,2258.632538461539,0
1955.9480769230772,1986.2165230769233,2258.632538461539,2288.900984615385,0
1955.9480769230772,1986.2165230769233,2288.900984615385,2319.169430769231,0
1955.9480769230772,1986.2165230769233,2319.169430769231,2349.437876923077,0
1955.9480769230772,1986.2165230769233,2349.437876923077,2379.706323076923,0
1955.9480769230772,1986.2165230769233,2379.706323076923,2409.974769230769,0
1955.9480769230772,1986.2165230769233,2409.974769230769,2440.2432153846157,0
1955.9480769230772,1986.2165230769233,2440.2432153846157,2470.511661538462,0
1955.9480769230772,1986.2165230769233,2470.511661538462,2500.780107692308,0
1955.9480769230772,1986.2165230769233,2500.780107692308,2531.048553846154,0
1955.9480769230772,1986.2165230769233,2531.048553846154,2561.317,0
1986.2165230769233,2016.4849692307694,593.868,624.1364461538462,0
1986.2165230769233,2016.4849692307694,624.1364461538462,654.4048923076923,0
1986.2165230769233,2016.4849692307694,654.4048923076923,684.6733384615385,0
1986.2165230769233,2016.4849692307694,684.6733384615385,714.9417846153847,0
1986.2165230769233,2016.4849692307694,714.9417846153847,745.2102307692309,0
1986.2165230769233,2016.4849692307694,745.2102307692309,775.478676923077,0
1986.2165230769233,2016.4849692307694,775.478676923077,805.7471230769231,0
1986.2165230769233,2016.4849692307694,805.7471230769231,836.0155692307693,0
1986.2165230769233,2016.4849692307694,836.0155692307693,866.2840153846155,0
1986.2165230769233,2016.4849692307694,866.2840153846155,896.5524615384616,0
1986.2165230769233,2016.4849692307694,896.5524615384616,926.8209076923077,0
1986.2165230769233,2016.4849692307694,926.8209076923077,957.0893538461539,0
1986.2165230769233,2016.4849692307694,957.0893538461539,987.3578000000001,0
1986.2165230769233,2016.4849692307694,987.3578000000001,1017.6262461538463,0
1986.2165230769233,2016.4849692307694,1017.6262461538463,1047.8946923076924,0
1986.2165230769233,2016.4849692307694,1047.8946923076924,1078.1631384615384,0
1986.2165230769233,2016.4849692307694,1078.1631384615384,1108.4315846153847,0
1986.2165230769233,2016.4849692307694,1108.4315846153847,1138.700030769231,0
1986.2165230769233,2016.4849692307694,1138.700030769231,1168.968476923077,0
1986.2165230769233,2016.4849692307694,1168.968476923077,1199.2369230769232,0
1986.2165230769233,2016.4849692307694,1199.2369230769232,1229.5053692307692,0
1986.2165230769233,2016.4849692307694,1229.5053692307692,1259.7738153846153,0
1986.2165230769233,2016.4849692307694,1259.7738153846153,1290.0422615384616,0
1986.2165230769233,2016.4849692307694,1290.0422615384616,1320.310707692308,1
1986.2165230769233,2016.4849692307694,1320.310707692308,1350.579153846154,0
1986.2165230769233,2016.4849692307694,1350.579153846154,1380.8476,0
1986.2165230769233,2016.4849692307694,1380.8476,1411.1160461538461,0
1986.2165230769233,2016.4849692307694,1411.1160461538461,1441.3844923076924,1
1986.2165230769233,2016.4849692307694,1441.3844923076924,1471.6529384615387,0
1986.2165230769233,2016.4849692307694,1471.6529384615387,1501.9213846153848,0
1986.2165230769233,2016.4849692307694,1501.9213846153848,1532.1898307692309,2
1986.2165230769233,2016.4849692307694,1532.1898307692309,1562.458276923077,3
1986.2165230769233,2016.4849692307694,1562.458276923077,1592.7267230769232,3
1986.2165230769233,2016.4849692307694,1592.7267230769232,1622.9951692307695,9
1986.2165230769233,2016.4849692307694,1622.9951692307695,1653.2636153846156,7
1986.2165230769233,2016.4849692307694,1653.2636153846156,1683.5320615384617,16
1986.2165230769233,2016.4849692307694,1683.5320615384617,1713.8005076923077,18
1986.2165230769233,2016.4849692307694,1713.8005076923077,1744.0689538461538,18
1986.2165230769233,2016.4849692307694,1744.0689538461538,1774.3374000000003,13
1986.2165230769233,2016.4849692307694,1774.3374000000003,1804.6058461538464,53
1986.2165230769233,2016.4849692307694,1804.6058461538464,1834.8742923076925,24
1986.2165230769233,2016.4849692307694,1834.8742923076925,1865.1427384615386,44
1986.2165230769233,2016.4849692307694,1865.1427384615386,1895.4111846153846,2
1986.2165230769233,2016.4849692307694,1895.4111846153846,1925.6796307692307,1
1986.2165230769233,2016.4849692307694,1925.6796307692307,1955.9480769230772,3
1986.2165230769233,2016.4849692307694,1955.9480769230772,1986.2165230769233,1
1986.2165230769233,2016.4849692307694,1986.2165230769233,2016.4849692307694,2
1986.2165230769233,2016.4849692307694,2016.4849692307694,2046.7534153846154,0
1986.2165230769233,2016.4849692307694,2046.7534153846154,2077.0218615384615,0
1986.2165230769233,2016.4849692307694,2077.0218615384615,2107.290307692308,1
1986.2165230769233,2016.4849692307694,2107.290307692308,2137.558753846154,0
1986.2165230769233,2016.4849692307694,2137.558753846154,2167.8272,0
1986.2165230769233,2016.4849692307694,2167.8272,2198.0956461538462,0
1986.2165230769233,2016.4849692307694,2198.0956461538462,2228.3640923076923,0
1986.2165230769233,2016.4849692307694,2228.3640923076923,2258.632538461539,0
1986.2165230769233,2016.4849692307694,2258.632538461539,2288.900984615385,1
1986.2165230769233,2016.4849692307694,2288.900984615385,2319.169430769231,0
1986.2165230769233,2016.4849692307694,2319.169430769231,2349.437876923077,0
1986.2165230769233,2016.4849692307694,2349.437876923077,2379.706323076923,0
1986.2165230769233,2016.4849692307694,2379.706323076923,2409.974769230769,0
1986.2165230769233,2016.4849692307694,2409.974769230769,2440.2432153846157,0
1986.2165230769233,2016.4849692307694,2440.2432153846157,2470.511661538462,0
1986.2165230769233,2016.4849692307694,2470.511661538462,2500.780107692308,0
1986.2165230769233,2016.4849692307694,2500.780107692308,2531.048553846154,0
1986.2165230769233,2016.4849692307694,2531.048553846154,2561.317,0
2016.4849692307694,2046.7534153846154,593.868,624.1364461538462,0
2016.4849692307694,2046.7534153846154,624.1364461538462,654.4048923076923,0
2016.4849692307694,2046.7534153846154,654.4048923076923,684.6733384615385,0
2016.4849692307694,2046.7534153846154,684.6733384615385,714.9417846153847,0
2016.4849692307694,2046.7534153846154,714.9417846153847,745.2102307692309,0
2016.4849692307694,2046.7534153846154,745.2102307692309,775.478676923077,0
2016.4849692307694,2046.7534153846154,775.478676923077,805.7471230769231,0
2016.4849692307694,2046.7534153846154,805.7471230769231,836.0155692307693,0
2016.4849692307694,2046.7534153846154,836.0155692307693,866.2840153846155,0
2016.4849692307694,2046.7534153846154,866.2840153846155,896.5524615384616,0
2016.4849692307694,2046.7534153846154,896.5524615384616,926.8209076923077,0
2016.4849692307694,2046.7534153846154,926.8209076923077,957.0893538461539,0
2016.4849692307694,2046.7534153846154,957.0893538461539,987.3578000000001,0
2016.4849692307694,2046.7534153846154,987.3578000000001,1017.6262461538463,0
2016.4849692307694,2046.7534153846154,1017.6262461538463,1047.8946923076924,0
2016.4849692307694,2046.7534153846154,1047.8946923076924,1078.1631384615384,0
2016.4849692307694,2046.7534153846154,1078.1631384615384,1108.4315846153847,0
2016.4849692307694,2046.7534153846154,1108.4315846153847,1138.700030769231,0
2016.4849692307694,2046.7534153846154,1138.700030769231,1168.968476923077,0
2016.4849692307694,2046.7534153846154,1168.968476923077,1199.2369230769232,0
2016.4849692307694,2046.7534153846154,1199.2369230769232,1229.5053692307692,0
2016.4849692307694,2046.7534153846154,1229.5053692307692,1259.7738153846153,0
2016.4849692307694,2046.7534153846154,1259.7738153846153,1290.0422615384616,0
2016.4849692307694,2046.7534153846154,1290.0422615384616,1320.310707692308,0
2016.4849692307694,2046.7534153846154,1320.310707692308,1350.579153846154,0
2016.4849692307694,2046.7534153846154,1350.579153846154,1380.8476,1
2016.4849692307694,2046.7534153846154,1380.8476,1411.1160461538461,0
2016.4849692307694,2046.7534153846154,1411.1160461538461,1441.3844923076924,0
2016.4849692307694,2046.7534153846154,1441.3844923076924,1471.6529384615387,0
2016.4849692307694,2046.7534153846154,1471.6529384615387,1501.9213846153848,1
2016.4849692307694,2046.7534153846154,1501.9213846153848,1532.1898307692309,1
2016.4849692307694,2046.7534153846154,1532.1898307692309,1562.458276923077,0
2016.4849692307694,2046.7534153846154,1562.458276923077,1592.7267230769232,1
2016.4849692307694,2046.7534153846154,1592.7267230769232,1622.9951692307695,4
2016.4849692307694,2046.7534153846154,1622.9951692307695,1653.2636153846156,2
2016.4849692307694,2046.7534153846154,1653.2636153846156,1683.5320615384617,7
2016.4849692307694,2046.7534153846154,1683.5320615384617,1713.8005076923077,2
2016.4849692307694,2046.7534153846154,1713.8005076923077,1744.0689538461538,4
2016.4849692307694,2046.7534153846154,1744.0689538461538,1774.3374000000003,13
2016.4849692307694,2046.7534153846154,1774.3374000000003,1804.6058461538464,15
2016.4849692307694,2046.7534153846154,1804.6058461538464,1834.8742923076925,12
2016.4849692307694,2046.7534153846154,1834.8742923076925,1865.1427384615386,19
2016.4849692307694,2046.7534153846154,1865.1427384615386,1895.4111846153846,5
2016.4849692307694,2046.7534153846154,1895.4111846153846,1925.6796307692307,2
2016.4849692307694,2046.7534153846154,1925.6796307692307,1955.9480769230772,2
2016.4849692307694,2046.7534153846154,1955.9480769230772,1986.2165230769233,2
2016.4849692307694,2046.7534153846154,1986.2165230769233,2016.4849692307694,0
2016.4849692307694,2046.7534153846154,2016.4849692307694,2046.7534153846154,13
2016.4849692307694,2046.7534153846154,2046.7534153846154,2077.0218615384615,0
2016.4849692307694,2046.7534153846154,2077.0218615384615,2107.290307692308,2
2016.4849692307694,2046.7534153846154,2107.290307692308,2137.558753846154,2
2016.4849692307694,2046.7534153846154,2137.558753846154,2167.8272,0
2016.4849692307694,2046.7534153846154,2167.8272,2198.0956461538462,2
2016.4849692307694,2046.7534153846154,2198.0956461538462,2228.3640923076923,1
2016.4849692307694,2046.7534153846154,2228.3640923076923,2258.632538461539,0
2016.4849692307694,2046.7534153846154,2258.632538461539,2288.900984615385,0
2016.4849692307694,2046.7534153846154,2288.900984615385,2319.169430769231,0
2016.4849692307694,2046.7534153846154,2319.169430769231,2349.437876923077,0
2016.4849692307694,2046.7534153846154,2349.437876923077,2379.706323076923,0
2016.4849692307694,2046.7534153846154,2379.706323076923,2409.974769230769,0
2016.4849692307694,2046.7534153846154,2409.974769230769,2440.2432153846157,0
2016.4849692307694,2046.7534153846154,2440.2432153846157,2470.511661538462,0
2016.4849692307694,2046.7534153846154,2470.511661538462,2500.780107692308,0
2016.4849692307694,2046.7534153846154,2500.780107692308,2531.048553846154,0
2016.4849692307694,2046.7534153846154,2531.048553846154,2561.317,0
2046.7534153846154,2077.0218615384615,593.868,624.1364461538462,0
2046.7534153846154,2077.0218615384615,624.1364461538462,654.4048923076923,0
2046.7534153846154,2077.0218615384615,654.4048923076923,684.6733384615385,0
2046.7534153846154,2077.0218615384615,684.6733384615385,714.9417846153847,0
2046.7534153846154,2077.0218615384615,714.9417846153847,745.2102307692309,0
2046.7534153846154,2077.0218615384615,745.2102307692309,775.478676923077,0
2046.7534153846154,2077.0218615384615,775.478676923077,805.7471230769231,0
2046.7534153846154,2077.0218615384615,805.7471230769231,836.0155692307693,0
2046.7534153846154,2077.0218615384615,836.0155692307693,866.2840153846155,0
2046.7534153846154,2077.0218615384615,866.2840153846155,896.5524615384616,0
2046.7534153846154,2077.0218615384615,896.5524615384616,926.8209076923077,0
2046.7534153846154,2077.0218615384615,926.8209076923077,957.0893538461539,0
2046.7534153846154,2077.0218615384615,957.0893538461539,987.3578000000001,0
2046.7534153846154,2077.0218615384615,987.3578000000001,1017.6262461538463,0
2046.7534153846154,2077.0218615384615,1017.6262461538463,1047.8946923076924,0
2046.7534153846154,2077.0218615384615,1047.8946923076924,1078.1631384615384,0
2046.7534153846154,2077.0218615384615,1078.1631384615384,1108.4315846153847,0
2046.7534153846154,2077.0218615384615,1108.4315846153847,1138.700030769231,0
2046.7534153846154,2077.0218615384615,1138.700030769231,1168.968476923077,0
2046.7534153846154,2077.0218615384615,1168.968476923077,1199.2369230769232,0
2046.7534153846154,2077.0218615384615,1199.2369230769232,1229.5053692307692,0
2046.7534153846154,2077.0218615384615,1229.5053692307692,1259.7738153846153,0
2046.7534153846154,2077.0218615384615,1259.7738153846153,1290.0422615384616,1
2046.7534153846154,2077.0218615384615,1290.0422615384616,1320.310707692308,0
2046.7534153846154,2077.0218615384615,1320.310707692308,1350.579153846154,0
2046.7534153846154,2077.0218615384615,1350.579153846154,1380.8476,0
2046.7534153846154,2077.0218615384615,1380.8476,1411.1160461538461,0
2046.7534153846154,2077.0218615384615,1411.1160461538461,1441.3844923076924,0
2046.7534153846154,2077.0218615384615,1441.3844923076924,1471.6529384615387,0
2046.7534153846154,2077.0218615384615,1471.6529384615387,1501.9213846153848,0
2046.7534153846154,2077.0218615384615,1501.9213846153848,1532.1898307692309,0
2046.7534153846154,2077.0218615384615,1532.1898307692309,1562.458276923077,1
2046.7534153846154,2077.0218615384615,1562.458276923077,1592.7267230769232,0
2046.7534153846154,2077.0218615384615,1592.7267230769232,1622.9951692307695,0
2046.7534153846154,2077.0218615384615,1622.9951692307695,1653.2636153846156,1
2046.7534153846154,2077.0218615384615,1653.2636153846156,1683.5320615384617,4
2046.7534153846154,2077.0218615384615,1683.5320615384617,1713.8005076923077,3
2046.7534153846154,2077.0218615384615,1713.8005076923077,1744.0689538461538,5
2046.7534153846154,2077.0218615384615,1744.0689538461538,1774.3374000000003,2
2046.7534153846154,2077.0218615384615,1774.3374000000003,1804.6058461538464,5
2046.7534153846154,2077.0218615384615,1804.6058461538464,1834.8742923076925,10
2046.7534153846154,2077.0218615384615,1834.8742923076925,1865.1427384615386,40
2046.7534153846154,2077.0218615384615,1865.1427384615386,1895.4111846153846,24
2046.7534153846154,2077.0218615384615,1895.4111846153846,1925.6796307692307,6
2046.7534153846154,2077.0218615384615,1925.6796307692307,1955.9480769230772,10
2046.7534153846154,2077.0218615384615,1955.9480769230772,1986.2165230769233,6
2046.7534153846154,2077.0218615384615,1986.2165230769233,2016.4849692307694,4
2046.7534153846154,2077.0218615384615,2016.4849692307694,2046.7534153846154,2
2046.7534153846154,2077.0218615384615,2046.7534153846154,2077.0218615384615,2
2046.7534153846154,2077.0218615384615,2077.0218615384615,2107.290307692308,0
2046.7534153846154,2077.0218615384615,2107.290307692308,2137.558753846154,6
2046.7534153846154,2077.0218615384615,2137.558753846154,2167.8272,0
2046.7534153846154,2077.0218615384615,2167.8272,2198.0956461538462,0
2046.7534153846154,2077.0218615384615,2198.0956461538462,2228.3640923076923,0
2046.7534153846154,2077.0218615384615,2228.3640923076923,2258.632538461539,0
2046.7534153846154,2077.0218615384615,2258.632538461539,2288.900984615385,0
2046.7534153846154,2077.0218615384615,2288.900984615385,2319.169430769231,0
2046.7534153846154,2077.0218615384615,2319.169430769231,2349.437876923077,0
2046.7534153846154,2077.0218615384615,2349.437876923077,2379.706323076923,0
2046.7534153846154,2077.0218615384615,2379.706323076923,2409.974769230769,0
2046.7534153846154,2077.0218615384615,2409.974769230769,2440.2432153846157,0
2046.7534153846154,2077.0218615384615,2440.2432153846157,2470.511661538462,0
2046.7534153846154,2077.0218615384615,2470.511661538462,2500.780107692308,0
2046.7534153846154,2077.0218615384615,2500.780107692308,2531.048553846154,0
2046.7534153846154,2077.0218615384615,2531.048553846154,2561.317,0
2077.0218615384615,2107.290307692308,593.868,624.1364461538462,0
2077.0218615384615,2107.290307692308,624.1364461538462,654.4048923076923,0
2077.0218615384615,2107.290307692308,654.4048923076923,684.6733384615385,0
2077.0218615384615,2107.290307692308,684.6733384615385,714.9417846153847,0
2077.0218615384615,2107.290307692308,714.9417846153847,745.2102307692309,0
2077.0218615384615,2107.290307692308,745.2102307692309,775.478676923077,0
2077.0218615384615,2107.290307692308,775.478676923077,805.7471230769231,0
2077.0218615384615,2107.290307692308,805.7471230769231,836.0155692307693,0
2077.0218615384615,2107.290307692308,836.0155692307693,866.2840153846155,0
2077.0218615384615,2107.290307692308,866.2840153846155,896.5524615384616,0
2077.0218615384615,2107.290307692308,896.5524615384616,926.8209076923077,0
2077.0218615384615,2107.290307692308,926.8209076923077,957.0893538461539,0
2077.0218615384615,2107.290307692308,957.0893538461539,987.3578000000001,0
2077.0218615384615,2107.290307692308,987.3578000000001,1017.6262461538463,0
2077.0218615384615,2107.290307692308,1017.6262461538463,1047.8946923076924,0
2077.0218615384615,2107.290307692308,1047.8946923076924,1078.1631384615384,0
2077.0218615384615,2107.290307692308,1078.1631384615384,1108.4315846153847,0
2077.0218615384615,2107.290307692308,1108.4315846153847,1138.700030769231,0
2077.0218615384615,2107.290307692308,1138.700030769231,1168.968476923077,0
2077.0218615384615,2107.290307692308,1168.968476923077,1199.2369230769232,0
2077.0218615384615,2107.290307692308,1199.2369230769232,1229.5053692307692,0
2077.0218615384615,2107.290307692308,1229.5053692307692,1259.7738153846153,0
2077.0218615384615,2107.290307692308,1259.7738153846153,1290.0422615384616,0
2077.0218615384615,2107.290307692308,1290.0422615384616,1320.310707692308,0
2077.0218615384615,2107.290307692308,1320.310707692308,1350.579153846154,0
2077.0218615384615,2107.290307692308,1350.579153846154,1380.8476,0
2077.0218615384615,2107.290307692308,1380.8476,1411.1160461538461,0
2077.0218615384615,2107.290307692308,1411.1160461538461,1441.3844923076924,0
2077.0218615384615,2107.290307692308,1441.3844923076924,1471.6529384615387,0
2077.0218615384615,2107.290307692308,1471.6529384615387,1501.9213846153848,0
2077.0218615384615,2107.290307692308,1501.9213846153848,1532.1898307692309,0
2077.0218615384615,2107.290307692308,1532.1898307692309,1562.458276923077,2
2077.0218615384615,2107.290307692308,1562.458276923077,1592.7267230769232,1
2077.0218615384615,2107.290307692308,1592.7267230769232,1622.9951692307695,0
2077.0218615384615,2107.290307692308,1622.9951692307695,1653.2636153846156,4
2077.0218615384615,2107.290307692308,1653.2636153846156,1683.5320615384617,6
2077.0218615384615,2107.290307692308,1683.5320615384617,1713.8005076923077,3
2077.0218615384615,2107.290307692308,1713.8005076923077,1744.0689538461538,3
2077.0218615384615,2107.290307692308,1744.0689538461538,1774.3374000000003,5
2077.0218615384615,2107.290307692308,1774.3374000000003,1804.6058461538464,9
2077.0218615384615,2107.290307692308,1804.6058461538464,1834.8742923076925,20
2077.0218615384615,2107.290307692308,1834.8742923076925,1865.1427384615386,22
2077.0218615384615,2107.290307692308,1865.1427384615386,1895.4111846153846,17
2077.0218615384615,2107.290307692308,1895.4111846153846,1925.6796307692307,14
2077.0218615384615,2107.290307692308,1925.6796307692307,1955.9480769230772,6
2077.0218615384615,2107.290307692308,1955.9480769230772,1986.2165230769233,3
2077.0218615384615,2107.290307692308,1986.2165230769233,2016.4849692307694,5
2077.0218615384615,2107.290307692308,2016.4849692307694,2046.7534153846154,1
2077.0218615384615,2107.290307692308,2046.7534153846154,2077.0218615384615,6
2077.0218615384615,2107.290307692308,2077.0218615384615,2107.290307692308,6
2077.0218615384615,2107.290307692308,2107.290307692308,2137.558753846154,2
2077.0218615384615,2107.290307692308,2137.558753846154,2167.8272,1
2077.0218615384615,2107.290307692308,2167.8272,2198.0956461538462,2
2077.0218615384615,2107.290307692308,2198.0956461538462,2228.3640923076923,2
2077.0218615384615,2107.290307692308,2228.3640923076923,2258.632538461539,0
2077.0218615384615,2107.290307692308,2258.632538461539,2288.900984615385,0
2077.0218615384615,2107.290307692308,2288.900984615385,2319.169430769231,1
2077.0218615384615,2107.290307692308,2319.169430769231,2349.437876923077,0
2077.0218615384615,2107.290307692308,2349.437876923077,2379.706323076923,0
2077.0218615384615,2107.290307692308,2379.706323076923,2409.974769230769,0
2077.0218615384615,2107.290307692308,2409.974769230769,2440.2432153846157,0
2077.0218615384615,2107.290307692308,2440.2432153846157,2470.511661538462,0
2077.0218615384615,2107.290307692308,2470.511661538462,2500.780107692308,0
2077.0218615384615,2107.290307692308,2500.780107692308,2531.048553846154,0
2077.0218615384615,2107.290307692308,2531.048553846154,2561.317,0
2107.290307692308,2137.558753846154,593.868,624.1364461538462,0
2107.290307692308,2137.558753846154,624.1364461538462,654.4048923076923,0
2107.290307692308,2137.558753846154,654.4048923076923,684.6733384615385,0
2107.290307692308,2137.558753846154,684.6733384615385,714.9417846153847,0
2107.290307692308,2137.558753846154,714.9417846153847,745.2102307692309,0
2107.290307692308,2137.558753846154,745.2102307692309,775.478676923077,0
2107.290307692308,2137.558753846154,775.478676923077,805.7471230769231,0
2107.290307692308,2137.558753846154,805.7471230769231,836.0155692307693,0
2107.290307692308,2137.558753846154,836.0155692307693,866.2840153846155,0
2107.290307692308,2137.558753846154,866.2840153846155,896.5524615384616,0
2107.290307692308,2137.558753846154,896.5524615384616,926.8209076923077,0
2107.290307692308,2137.558753846154,926.8209076923077,957.0893538461539,0
2107.290307692308,2137.558753846154,957.0893538461539,987.3578000000001,0
2107.290307692308,2137.558753846154,987.3578000000001,1017.6262461538463,0
2107.290307692308,2137.558753846154,1017.6262461538463,1047.8946923076924,0
2107.290307692308,2137.558753846154,1047.8946923076924,1078.1631384615384,0
2107.290307692308,2137.558753846154,1078.1631384615384,1108.4315846153847,0
2107.290307692308,2137.558753846154,1108.4315846153847,1138.700030769231,0
2107.290307692308,2137.558753846154,1138.700030769231,1168.968476923077,0
2107.290307692308,2137.558753846154,1168.968476923077,1199.2369230769232,0
2107.290307692308,2137.558753846154,1199.2369230769232,1229.5053692307692,0
2107.290307692308,2137.558753846154,1229.5053692307692,1259.7738153846153,0
2107.290307692308,2137.558753846154,1259.7738153846153,1290.0422615384616,0
2107.290307692308,2137.558753846154,1290.0422615384616,1320.310707692308,0
2107.290307692308,2137.558753846154,1320.310707692308,1350.579153846154,0
2107.290307692308,2137.558753846154,1350.579153846154,1380.8476,3
2107.290307692308,2137.558753846154,1380.8476,1411.1160461538461,2
2107.290307692308,2137.558753846154,1411.1160461538461,1441.3844923076924,1
2107.290307692308,2137.558753846154,1441.3844923076924,1471.6529384615387,0
2107.290307692308,2137.558753846154,1471.6529384615387,1501.9213846153848,2
2107.290307692308,2137.558753846154,1501.9213846153848,1532.1898307692309,0
2107.290307692308,2137.558753846154,1532.1898307692309,1562.458276923077,0
2107.290307692308,2137.558753846154,1562.458276923077,1592.7267230769232,1
2107.290307692308,2137.558753846154,1592.7267230769232,1622.9951692307695,1
2107.290307692308,2137.558753846154,1622.9951692307695,1653.2636153846156,0
2107.290307692308,2137.558753846154,1653.2636153846156,1683.5320615384617,0
2107.290307692308,2137.558753846154,1683.5320615384617,1713.8005076923077,2
2107.290307692308,2137.558753846154,1713.8005076923077,1744.0689538461538,1
2107.290307692308,2137.558753846154,1744.0689538461538,1774.3374000000003,4
2107.290307692308,2137.558753846154,1774.3374000000003,1804.6058461538464,3
2107.290307692308,2137.558753846154,1804.6058461538464,1834.8742923076925,8
2107.290307692308,2137.558753846154,1834.8742923076925,1865.1427384615386,5
2107.290307692308,2137.558753846154,1865.1427384615386,1895.4111846153846,2
2107.290307692308,2137.558753846154,1895.4111846153846,1925.6796307692307,17
2107.290307692308,2137.558753846154,1925.6796307692307,1955.9480769230772,0
2107.290307692308,2137.558753846154,1955.9480769230772,1986.2165230769233,6
2107.290307692308,2137.558753846154,1986.2165230769233,2016.4849692307694,2
2107.290307692308,2137.558753846154,2016.4849692307694,2046.7534153846154,0
2107.290307692308,2137.558753846154,2046.7534153846154,2077.0218615384615,2
2107.290307692308,2137.558753846154,2077.0218615384615,2107.290307692308,5
2107.290307692308,2137.558753846154,2107.290307692308,2137.558753846154,0
2107.290307692308,2137.558753846154,2137.558753846154,2167.8272,0
2107.290307692308,2137.558753846154,2167.8272,2198.0956461538462,3
2107.290307692308,2137.558753846154,2198.0956461538462,2228.3640923076923,2
2107.290307692308,2137.558753846154,2228.3640923076923,2258.632538461539,0
2107.290307692308,2137.558753846154,2258.632538461539,2288.900984615385,1
2107.290307692308,2137.558753846154,2288.900984615385,2319.169430769231,0
2107.290307692308,2137.558753846154,2319.169430769231,2349.437876923077,1
2107.290307692308,2137.558753846154,2349.437876923077,2379.706323076923,0
2107.290307692308,2137.558753846154,2379.706323076923,2409.974769230769,0
2107.290307692308,2137.558753846154,2409.974769230769,2440.2432153846157,0
2107.290307692308,2137.558753846154,2440.2432153846157,2470.511661538462,0
2107.290307692308,2137.558753846154,2470.511661538462,2500.780107692308,0
2107.290307692308,2137.558753846154,2500.780107692308,2531.048553846154,0
2107.290307692308,2137.558753846154,2531.048553846154,2561.317,0
2137.558753846154,2167.8272,593.868,624.1364461538462,0
2137.558753846154,2167.8272,624.1364461538462,654.4048923076923,0
2137.558753846154,2167.8272,654.4048923076923,684.6733384615385,0
2137.558753846154,2167.8272,684.6733384615385,714.9417846153847,0
2137.558753846154,2167.8272,714.9417846153847,745.2102307692309,0
2137.558753846154,2167.8272,745.2102307692309,775.478676923077,0
2137.558753846154,2167.8272,775.478676923077,805.7471230769231,0
2137.558753846154,2167.8272,805.7471230769231,836.0155692307693,0
2137.558753846154,2167.8272,836.0155692307693,866.2840153846155,0
2137.558753846154,2167.8272,866.2840153846155,896.5524615384616,0
2137.558753846154,2167.8272,896.5524615384616,926.8209076923077,0
2137.558753846154,2167.8272,926.8209076923077,957.0893538461539,0
2137.558753846154,2167.8272,957.0893538461539,987.3578000000001,0
2137.558753846154,2167.8272,987.3578000000001,1017.6262461538463,0
2137.558753846154,2167.8272,1017.6262461538463,1047.8946923076924,0
2137.558753846154,2167.8272,1047.8946923076924,1078.1631384615384,0
2137.558753846154,2167.8272,1078.1631384615384,1108.4315846153847,0
2137.558753846154,2167.8272,1108.4315846153847,1138.700030769231,0
2137.558753846154,2167.8272,1138.700030769231,1168.968476923077,0
2137.558753846154,2167.8272,1168.968476923077,1199.2369230769232,0
2137.558753846154,2167.8272,1199.2369230769232,1229.5053692307692,0
2137.558753846154,2167.8272,1229.5053692307692,1259.7738153846153,0
2137.558753846154,2167.8272,1259.7738153846153,1290.0422615384616,0
2137.558753846154,2167.8272,1290.0422615384616,1320.310707692308,0
2137.558753846154,2167.8272,1320.310707692308,1350.579153846154,0
2137.558753846154,2167.8272,1350.579153846154,1380.8476,0
2137.558753846154,2167.8272,1380.8476,1411.1160461538461,0
2137.558753846154,2167.8272,1411.1160461538461,1441.3844923076924,1
2137.558753846154,2167.8272,1441.3844923076924,1471.6529384615387,0
2137.558753846154,2167.8272,1471.6529384615387,1501.9213846153848,0
2137.558753846154,2167.8272,1501.9213846153848,1532.1898307692309,3
2137.558753846154,2167.8272,1532.1898307692309,1562.458276923077,0
2137.558753846154,2167.8272,1562.458276923077,1592.7267230769232,0
2137.558753846154,2167.8272,1592.7267230769232,1622.9951692307695,1
2137.558753846154,2167.8272,1622.9951692307695,1653.2636153846156,0
2137.558753846154,2167.8272,1653.2636153846156,1683.5320615384617,6
2137.558753846154,2167.8272,1683.5320615384617,1713.8005076923077,7
2137.558753846154,2167.8272,1713.8005076923077,1744.0689538461538,5
2137.558753846154,2167.8272,1744.0689538461538,1774.3374000000003,9
2137.558753846154,2167.8272,1774.3374000000003,1804.6058461538464,0
2137.558753846154,2167.8272,1804.6058461538464,1834.8742923076925,6
2137.558753846154,2167.8272,1834.8742923076925,1865.1427384615386,6
2137.558753846154,2167.8272,1865.1427384615386,1895.4111846153846,5
2137.558753846154,2167.8272,1895.4111846153846,1925.6796307692307,1
2137.558753846154,2167.8272,1925.6796307692307,1955.9480769230772,5
2137.558753846154,2167.8272,1955.9480769230772,1986.2165230769233,1
2137.558753846154,2167.8272,1986.2165230769233,2016.4849692307694,2
2137.558753846154,2167.8272,2016.4849692307694,2046.7534153846154,4
2137.558753846154,2167.8272,2046.7534153846154,2077.0218615384615,2
2137.558753846154,2167.8272,2077.0218615384615,2107.290307692308,6
2137.558753846154,2167.8272,2107.290307692308,2137.558753846154,1
2137.558753846154,2167.8272,2137.558753846154,2167.8272,2
2137.558753846154,2167.8272,2167.8272,2198.0956461538462,3
2137.558753846154,2167.8272,2198.0956461538462,2228.3640923076923,6
2137.558753846154,2167.8272,2228.3640923076923,2258.632538461539,4
2137.558753846154,2167.8272,2258.632538461539,2288.900984615385,3
2137.558753846154,2167.8272,2288.900984615385,2319.169430769231,5
2137.558753846154,2167.8272,2319.169430769231,2349.437876923077,0
2137.558753846154,2167.8272,2349.437876923077,2379.706323076923,0
2137.558753846154,2167.8272,2379.706323076923,2409.974769230769,0
2137.558753846154,2167.8272,2409.974769230769,2440.2432153846157,0
2137.558753846154,2167.8272,2440.2432153846157,2470.511661538462,0
2137.558753846154,2167.8272,2470.511661538462,2500.780107692308,0
2137.558753846154,2167.8272,2500.780107692308,2531.048553846154,0
2137.558753846154,2167.8272,2531.048553846154,2561.317,0
2167.8272,2198.0956461538462,593.868,624.1364461538462,0
2167.8272,2198.0956461538462,624.1364461538462,654.4048923076923,0
2167.8272,2198.0956461538462,654.4048923076923,684.6733384615385,0
2167.8272,2198.0956461538462,684.6733384615385,714.9417846153847,0
2167.8272,2198.0956461538462,714.9417846153847,745.2102307692309,0
2167.8272,2198.0956461538462,745.2102307692309,775.478676923077,0
2167.8272,2198.0956461538462,775.478676923077,805.7471230769231,0
2167.8272,2198.0956461538462,805.7471230769231,836.0155692307693,0
2167.8272,2198.0956461538462,836.0155692307693,866.2840153846155,0
2167.8272,2198.0956461538462,866.2840153846155,896.5524615384616,0
2167.8272,2198.0956461538462,896.5524615384616,926.8209076923077,0
2167.8272,2198.0956461538462,926.8209076923077,957.0893538461539,0
2167.8272,2198.0956461538462,957.0893538461539,987.3578000000001,0
2167.8272,2198.0956461538462,987.3578000000001,1017.6262461538463,0
2167.8272,2198.0956461538462,1017.6262461538463,1047.8946923076924,0
2167.8272,2198.0956461538462,1047.8946923076924,1078.1631384615384,0
2167.8272,2198.0956461538462,1078.1631384615384,1108.4315846153847,0
2167.8272,2198.0956461538462,1108.4315846153847,1138.700030769231,0
2167.8272,2198.0956461538462,1138.700030769231,1168.968476923077,0
2167.8272,2198.0956461538462,1168.968476923077,1199.2369230769232,0
2167.8272,2198.0956461538462,1199.2369230769232,1229.5053692307692,0
2167.8272,2198.0956461538462,1229.5053692307692,1259.7738153846153,0
2167.8272,2198.0956461538462,1259.7738153846153,1290.0422615384616,0
2167.8272,2198.0956461538462,1290.0422615384616,1320.310707692308,0
2167.8272,2198.0956461538462,1320.310707692308,1350.579153846154,0
2167.8272,2198.0956461538462,1350.579153846154,1380.8476,0
2167.8272,2198.0956461538462,1380.8476,1411.1160461538461,1
2167.8272,2198.0956461538462,1411.1160461538461,1441.3844923076924,0
2167.8272,2198.0956461538462,1441.3844923076924,1471.6529384615387,0
2167.8272,2198.0956461538462,1471.6529384615387,1501.9213846153848,1
2167.8272,2198.0956461538462,1501.9213846153848,1532.1898307692309,0
2167.8272,2198.0956461538462,1532.1898307692309,1562.458276923077,0
2167.8272,2198.0956461538462,1562.458276923077,1592.7267230769232,1
2167.8272,2198.0956461538462,1592.7267230769232,1622.9951692307695,0
2167.8272,2198.0956461538462,1622.9951692307695,1653.2636153846156,0
2167.8272,2198.0956461538462,1653.2636153846156,1683.5320615384617,14
2167.8272,2198.0956461538462,1683.5320615384617,1713.8005076923077,7
2167.8272,2198.0956461538462,1713.8005076923077,1744.0689538461538,12
2167.8272,2198.0956461538462,1744.0689538461538,1774.3374000000003,11
2167.8272,2198.0956461538462,1774.3374000000003,1804.6058461538464,1
2167.8272,2198.0956461538462,1804.6058461538464,1834.8742923076925,0
2167.8272,2198.0956461538462,1834.8742923076925,1865.1427384615386,2
2167.8272,2198.0956461538462,1865.1427384615386,1895.4111846153846,0
2167.8272,2198.0956461538462,1895.4111846153846,1925.6796307692307,0
2167.8272,2198.0956461538462,1925.6796307692307,1955.9480769230772,0
2167.8272,2198.0956461538462,1955.9480769230772,1986.2165230769233,1
2167.8272,2198.0956461538462,1986.2165230769233,2016.4849692307694,1
2167.8272,2198.0956461538462,2016.4849692307694,2046.7534153846154,0
2167.8272,2198.0956461538462,2046.7534153846154,2077.0218615384615,6
2167.8272,2198.0956461538462,2077.0218615384615,2107.290307692308,0
2167.8272,2198.0956461538462,2107.290307692308,2137.558753846154,0
2167.8272,2198.0956461538462,2137.558753846154,2167.8272,0
2167.8272,2198.0956461538462,2167.8272,2198.0956461538462,2
2167.8272,2198.0956461538462,2198.0956461538462,2228.3640923076923,3
2167.8272,2198.0956461538462,2228.3640923076923,2258.632538461539,2
2167.8272,2198.0956461538462,2258.632538461539,2288.900984615385,7
2167.8272,2198.0956461538462,2288.900984615385,2319.169430769231,4
2167.8272,2198.0956461538462,2319.169430769231,2349.437876923077,2
2167.8272,2198.0956461538462,2349.437876923077,2379.706323076923,2
2167.8272,2198.0956461538462,2379.706323076923,2409.974769230769,0
2167.8272,2198.0956461538462,2409.974769230769,2440.2432153846157,0
2167.8272,2198.0956461538462,2440.2432153846157,2470.511661538462,0
2167.8272,2198.0956461538462,2470.511661538462,2500.780107692308,0
2167.8272,2198.0956461538462,2500.780107692308,2531.048553846154,0
2167.8272,2198.0956461538462,2531.048553846154,2561.317,0
2198.0956461538462,2228.3640923076923,593.868,624.1364461538462,0
2198.0956461538462,2228.3640923076923,624.1364461538462,654.4048923076923,0
2198.0956461538462,2228.3640923076923,654.4048923076923,684.6733384615385,0
2198.0956461538462,2228.3640923076923,684.6733384615385,714.9417846153847,0
2198.0956461538462,2228.3640923076923,714.9417846153847,745.2102307692309,0
2198.0956461538462,2228.3640923076923,745.2102307692309,775.478676923077,0
2198.0956461538462,2228.3640923076923,775.478676923077,805.7471230769231,0
2198.0956461538462,2228.3640923076923,805.7471230769231,836.0155692307693,0
2198.0956461538462,2228.3640923076923,836.0155692307693,866.2840153846155,0
2198.0956461538462,2228.3640923076923,866.2840153846155,896.5524615384616,0
2198.0956461538462,2228.3640923076923,896.5524615384616,926.8209076923077,0
2198.0956461538462,2228.3640923076923,926.8209076923077,957.0893538461539,0
2198.0956461538462,2228.3640923076923,957.0893538461539,987.3578000000001,0
2198.0956461538462,2228.3640923076923,987.3578000000001,1017.6262461538463,0
2198.0956461538462,2228.3640923076923,1017.6262461538463,1047.8946923076924,0
2198.0956461538462,2228.3640923076923,1047.8946923076924,1078.1631384615384,0
2198.0956461538462,2228.3640923076923,1078.1631384615384,1108.4315846153847,0
2198.0956461538462,2228.3640923076923,1108.4315846153847,1138.700030769231,0
2198.0956461538462,2228.3640923076923,1138.700030769231,1168.968476923077,0
2198.0956461538462,2228.3640923076923,1168.968476923077,1199.2369230769232,0
2198.0956461538462,2228.3640923076923,1199.2369230769232,1229.5053692307692,0
2198.0956461538462,2228.3640923076923,1229.5053692307692,1259.7738153846153,0
2198.0956461538462,2228.3640923076923,1259.7738153846153,1290.0422615384616,0
2198.0956461538462,2228.3640923076923,1290.0422615384616,1320.310707692308,0
2198.0956461538462,2228.3640923076923,1320.310707692308,1350.579153846154,1
2198.0956461538462,2228.3640923076923,1350.579153846154,1380.8476,0
2198.0956461538462,2228.3640923076923,1380.8476,1411.1160461538461,4
2198.0956461538462,2228.3640923076923,1411.1160461538461,1441.3844923076924,0
2198.0956461538462,2228.3640923076923,1441.3844923076924,1471.6529384615387,0
2198.0956461538462,2228.3640923076923,1471.6529384615387,1501.9213846153848,0
2198.0956461538462,2228.3640923076923,1501.9213846153848,1532.1898307692309,0
2198.0956461538462,2228.3640923076923,1532.1898307692309,1562.458276923077,0
2198.0956461538462,2228.3640923076923,1562.458276923077,1592.7267230769232,4
2198.0956461538462,2228.3640923076923,1592.7267230769232,1622.9951692307695,0
2198.0956461538462,2228.3640923076923,1622.9951692307695,1653.2636153846156,1
2198.0956461538462,2228.3640923076923,1653.2636153846156,1683.5320615384617,6
2198.0956461538462,2228.3640923076923,1683.5320615384617,1713.8005076923077,3
2198.0956461538462,2228.3640923076923,1713.8005076923077,1744.0689538461538,3
2198.0956461538462,2228.3640923076923,1744.0689538461538,1774.3374000000003,15
2198.0956461538462,2228.3640923076923,1774.3374000000003,1804.6058461538464,1
2198.0956461538462,2228.3640923076923,1804.6058461538464,1834.8742923076925,0
2198.0956461538462,2228.3640923076923,1834.8742923076925,1865.1427384615386,0
2198.0956461538462,2228.3640923076923,1865.1427384615386,1895.4111846153846,0
2198.0956461538462,2228.3640923076923,1895.4111846153846,1925.6796307692307,0
2198.0956461538462,2228.3640923076923,1925.6796307692307,1955.9480769230772,0
2198.0956461538462,2228.3640923076923,1955.9480769230772,1986.2165230769233,0
2198.0956461538462,2228.3640923076923,1986.2165230769233,2016.4849692307694,0
2198.0956461538462,2228.3640923076923,2016.4849692307694,2046.7534153846154,0
2198.0956461538462,2228.3640923076923,2046.7534153846154,2077.0218615384615,1
2198.0956461538462,2228.3640923076923,2077.0218615384615,2107.290307692308,0
2198.0956461538462,2228.3640923076923,2107.290307692308,2137.558753846154,0
2198.0956461538462,2228.3640923076923,2137.558753846154,2167.8272,0
2198.0956461538462,2228.3640923076923,2167.8272,2198.0956461538462,3
2198.0956461538462,2228.3640923076923,2198.0956461538462,2228.3640923076923,2
2198.0956461538462,2228.3640923076923,2228.3640923076923,2258.632538461539,3
2198.0956461538462,2228.3640923076923,2258.632538461539,2288.900984615385,4
2198.0956461538462,2228.3640923076923,2288.900984615385,2319.169430769231,5
2198.0956461538462,2228.3640923076923,2319.169430769231,2349.437876923077,7
2198.0956461538462,2228.3640923076923,2349.437876923077,2379.706323076923,1
2198.0956461538462,2228.3640923076923,2379.706323076923,2409.974769230769,0
2198.0956461538462,2228.3640923076923,2409.974769230769,2440.2432153846157,0
2198.0956461538462,2228.3640923076923,2440.2432153846157,2470.511661538462,0
2198.0956461538462,2228.3640923076923,2470.511661538462,2500.780107692308,0
2198.0956461538462,2228.3640923076923,2500.780107692308,2531.048553846154,0
2198.0956461538462,2228.3640923076923,2531.048553846154,2561.317,0
2228.3640923076923,2258.632538461539,593.868,624.1364461538462,0
2228.3640923076923,2258.632538461539,624.1364461538462,654.4048923076923,0
2228.3640923076923,2258.632538461539,654.4048923076923,684.6733384615385,0
2228.3640923076923,2258.632538461539,684.6733384615385,714.9417846153847,0
2228.3640923076923,2258.632538461539,714.9417846153847,745.2102307692309,0
2228.3640923076923,2258.632538461539,745.2102307692309,775.478676923077,0
2228.3640923076923,2258.632538461539,775.478676923077,805.7471230769231,0
2228.3640923076923,2258.632538461539,805.7471230769231,836.0155692307693,0
2228.3640923076923,2258.632538461539,836.0155692307693,866.2840153846155,0
2228.3640923076923,2258.632538461539,866.2840153846155,896.5524615384616,0
2228.3640923076923,2258.632538461539,896.5524615384616,926.8209076923077,0
2228.3640923076923,2258.632538461539,926.8209076923077,957.0893538461539,0
2228.3640923076923,2258.632538461539,957.0893538461539,987.3578000000001,0
2228.3640923076923,2258.632538461539,987.3578000000001,1017.6262461538463,0
2228.3640923076923,2258.632538461539,1017.6262461538463,1047.8946923076924,0
2228.3640923076923,2258.632538461539,1047.8946923076924,1078.1631384615384,0
2228.3640923076923,2258.632538461539,1078.1631384615384,1108.4315846153847,0
2228.3640923076923,2258.632538461539,1108.4315846153847,1138.700030769231,0
2228.3640923076923,2258.632538461539,1138.700030769231,1168.968476923077,0
2228.3640923076923,2258.632538461539,1168.968476923077,1199.2369230769232,0
2228.3640923076923,2258.632538461539,1199.2369230769232,1229.5053692307692,0
2228.3640923076923,2258.632538461539,1229.5053692307692,1259.7738153846153,0
2228.3640923076923,2258.632538461539,1259.7738153846153,1290.0422615384616,0
2228.3640923076923,2258.632538461539,1290.0422615384616,1320.310707692308,0
2228.3640923076923,2258.632538461539,1320.310707692308,1350.579153846154,1
2228.3640923076923,2258.632538461539,1350.579153846154,1380.8476,0
2228.3640923076923,2258.632538461539,1380.8476,1411.1160461538461,0
2228.3640923076923,2258.632538461539,1411.1160461538461,1441.3844923076924,0
2228.3640923076923,2258.632538461539,1441.3844923076924,1471.6529384615387,0
2228.3640923076923,2258.632538461539,1471.6529384615387,1501.9213846153848,0
2228.3640923076923,2258.632538461539,1501.9213846153848,1532.1898307692309,1
2228.3640923076923,2258.632538461539,1532.1898307692309,1562.458276923077,0
2228.3640923076923,2258.632538461539,1562.458276923077,1592.7267230769232,1
2228.3640923076923,2258.632538461539,1592.7267230769232,1622.9951692307695,0
2228.3640923076923,2258.632538461539,1622.9951692307695,1653.2636153846156,1
2228.3640923076923,2258.632538461539,1653.2636153846156,1683.5320615384617,5
2228.3640923076923,2258.632538461539,1683.5320615384617,1713.8005076923077,0
2228.3640923076923,2258.632538461539,1713.8005076923077,1744.0689538461538,7
2228.3640923076923,2258.632538461539,1744.0689538461538,1774.3374000000003,7
2228.3640923076923,2258.632538461539,1774.3374000000003,1804.6058461538464,3
2228.3640923076923,2258.632538461539,1804.6058461538464,1834.8742923076925,7
2228.3640923076923,2258.632538461539,1834.8742923076925,1865.1427384615386,1
2228.3640923076923,2258.632538461539,1865.1427384615386,1895.4111846153846,2
2228.3640923076923,2258.632538461539,1895.4111846153846,1925.6796307692307,4
2228.3640923076923,2258.632538461539,1925.6796307692307,1955.9480769230772,0
2228.3640923076923,2258.632538461539,1955.9480769230772,1986.2165230769233,0
2228.3640923076923,2258.632538461539,1986.2165230769233,2016.4849692307694,0
2228.3640923076923,2258.632538461539,2016.4849692307694,2046.7534153846154,0
2228.3640923076923,2258.632538461539,2046.7534153846154,2077.0218615384615,0
2228.3640923076923,2258.632538461539,2077.0218615384615,2107.290307692308,0
2228.3640923076923,2258.632538461539,2107.290307692308,2137.558753846154,0
2228.3640923076923,2258.632538461539,2137.558753846154,2167.8272,0
2228.3640923076923,2258.632538461539,2167.8272,2198.0956461538462,0
2228.3640923076923,2258.632538461539,2198.0956461538462,2228.3640923076923,2
2228.3640923076923,2258.632538461539,2228.3640923076923,2258.632538461539,0
2228.3640923076923,2258.632538461539,2258.632538461539,2288.900984615385,0
2228.3640923076923,2258.632538461539,2288.900984615385,2319.169430769231,4
2228.3640923076923,2258.632538461539,2319.169430769231,2349.437876923077,4
2228.3640923076923,2258.632538461539,2349.437876923077,2379.706323076923,0
2228.3640923076923,2258.632538461539,2379.706323076923,2409.974769230769,0
2228.3640923076923,2258.632538461539,2409.974769230769,2440.2432153846157,0
2228.3640923076923,2258.632538461539,2440.2432153846157,2470.511661538462,0
2228.3640923076923,2258.632538461539,2470.511661538462,2500.780107692308,0
2228.3640923076923,2258.632538461539,2500.780107692308,2531.048553846154,0
2228.3640923076923,2258.632538461539,2531.048553846154,2561.317,0
2258.632538461539,2288.900984615385,593.868,624.1364461538462,0
2258.632538461539,2288.900984615385,624.1364461538462,654.4048923076923,0
2258.632538461539,2288.900984615385,654.4048923076923,684.6733384615385,0
2258.632538461539,2288.900984615385,684.6733384615385,714.9417846153847,0
2258.632538461539,2288.900984615385,714.9417846153847,745.2102307692309,0
2258.632538461539,2288.900984615385,745.2102307692309,775.478676923077,0
2258.632538461539,2288.900984615385,775.478676923077,805.7471230769231,0
2258.632538461539,2288.900984615385,805.7471230769231,836.0155692307693,0
2258.632538461539,2288.900984615385,836.0155692307693,866.2840153846155,0
2258.632538461539,2288.900984615385,866.2840153846155,896.5524615384616,0
2258.632538461539,2288.900984615385,896.5524615384616,926.8209076923077,0
2258.632538461539,2288.900984615385,926.8209076923077,957.0893538461539,0
2258.632538461539,2288.900984615385,957.0893538461539,987.3578000000001,0
2258.632538461539,2288.900984615385,987.3578000000001,1017.6262461538463,0
2258.632538461539,2288.900984615385,1017.6262461538463,1047.8946923076924,0
2258.632538461539,2288.900984615385,1047.8946923076924,1078.1631384615384,0
2258.632538461539,2288.900984615385,1078.1631384615384,1108.4315846153847,0
2258.632538461539,2288.900984615385,1108.4315846153847,1138.700030769231,0
2258.632538461539,2288.900984615385,1138.700030769231,1168.968476923077,0
2258.632538461539,2288.900984615385,1168.968476923077,1199.2369230769232,0
2258.632538461539,2288.900984615385,1199.2369230769232,1229.5053692307692,0
2258.632538461539,2288.900984615385,1229.5053692307692,1259.7738153846153,0
2258.632538461539,2288.900984615385,1259.7738153846153,1290.0422615384616,0
2258.632538461539,2288.900984615385,1290.0422615384616,1320.310707692308,0
2258.632538461539,2288.900984615385,1320.310707692308,1350.579153846154,0
2258.632538461539,2288.900984615385,1350.579153846154,1380.8476,0
2258.632538461539,2288.900984615385,1380.8476,1411.1160461538461,0
2258.632538461539,2288.900984615385,1411.1160461538461,1441.3844923076924,0
2258.632538461539,2288.900984615385,1441.3844923076924,1471.6529384615387,0
2258.632538461539,2288.900984615385,1471.6529384615387,1501.9213846153848,0
2258.632538461539,2288.900984615385,1501.9213846153848,1532.1898307692309,0
2258.632538461539,2288.900984615385,1532.1898307692309,1562.458276923077,0
2258.632538461539,2288.900984615385,1562.458276923077,1592.7267230769232,0
2258.632538461539,2288.900984615385,1592.7267230769232,1622.9951692307695,3
2258.632538461539,2288.900984615385,1622.9951692307695,1653.2636153846156,4
2258.632538461539,2288.900984615385,1653.2636153846156,1683.5320615384617,2
2258.632538461539,2288.900984615385,1683.5320615384617,1713.8005076923077,20
2258.632538461539,2288.900984615385,1713.8005076923077,1744.0689538461538,8
2258.632538461539,2288.900984615385,1744.0689538461538,1774.3374000000003,24
2258.632538461539,2288.900984615385,1774.3374000000003,1804.6058461538464,4
2258.632538461539,2288.900984615385,1804.6058461538464,1834.8742923076925,8
2258.632538461539,2288.900984615385,1834.8742923076925,1865.1427384615386,0
2258.632538461539,2288.900984615385,1865.1427384615386,1895.4111846153846,7
2258.632538461539,2288.900984615385,1895.4111846153846,1925.6796307692307,14
2258.632538461539,2288.900984615385,1925.6796307692307,1955.9480769230772,1
2258.632538461539,2288.900984615385,1955.9480769230772,1986.2165230769233,2
2258.632538461539,2288.900984615385,1986.2165230769233,2016.4849692307694,0
2258.632538461539,2288.900984615385,2016.4849692307694,2046.7534153846154,0
2258.632538461539,2288.900984615385,2046.7534153846154,2077.0218615384615,0
2258.632538461539,2288.900984615385,2077.0218615384615,2107.290307692308,0
2258.632538461539,2288.900984615385,2107.290307692308,2137.558753846154,0
2258.632538461539,2288.900984615385,2137.558753846154,2167.8272,0
2258.632538461539,2288.900984615385,2167.8272,2198.0956461538462,1
2258.632538461539,2288.900984615385,2198.0956461538462,2228.3640923076923,1
2258.632538461539,2288.900984615385,2228.3640923076923,2258.632538461539,0
2258.632538461539,2288.900984615385,2258.632538461539,2288.900984615385,6
2258.632538461539,2288.900984615385,2288.900984615385,2319.169430769231,1
2258.632538461539,2288.900984615385,2319.169430769231,2349.437876923077,0
2258.632538461539,2288.900984615385,2349.437876923077,2379.706323076923,0
2258.632538461539,2288.900984615385,2379.706323076923,2409.974769230769,0
2258.632538461539,2288.900984615385,2409.974769230769,2440.2432153846157,0
2258.632538461539,2288.900984615385,2440.2432153846157,2470.511661538462,0
2258.632538461539,2288.900984615385,2470.511661538462,2500.780107692308,0
2258.632538461539,2288.900984615385,2500.780107692308,2531.048553846154,0
2258.632538461539,2288.900984615385,2531.048553846154,2561.317,0
2288.900984615385,2319.169430769231,593.868,624.1364461538462,0
2288.900984615385,2319.169430769231,624.1364461538462,654.4048923076923,0
2288.900984615385,2319.169430769231,654.4048923076923,684.6733384615385,0
2288.900984615385,2319.169430769231,684.6733384615385,714.9417846153847,0
2288.900984615385,2319.169430769231,714.9417846153847,745.2102307692309,0
2288.900984615385,2319.169430769231,745.2102307692309,775.478676923077,0
2288.900984615385,2319.169430769231,775.478676923077,805.7471230769231,0
2288.900984615385,2319.169430769231,805.7471230769231,836.0155692307693,0
2288.900984615385,2319.169430769231,836.0155692307693,866.2840153846155,0
2288.900984615385,2319.169430769231,866.2840153846155,896.5524615384616,0
2288.900984615385,2319.169430769231,896.5524615384616,926.8209076923077,0
2288.900984615385,2319.169430769231,926.8209076923077,957.0893538461539,0
2288.900984615385,2319.169430769231,957.0893538461539,987.3578000000001,0
2288.900984615385,2319.169430769231,987.3578000000001,1017.6262461538463,0
2288.900984615385,2319.169430769231,1017.6262461538463,1047.8946923076924,0
2288.900984615385,2319.169430769231,1047.8946923076924,1078.1631384615384,0
2288.900984615385,2319.169430769231,1078.1631384615384,1108.4315846153847,0
2288.900984615385,2319.169430769231,1108.4315846153847,1138.700030769231,0
2288.900984615385,2319.169430769231,1138.700030769231,1168.968476923077,0
2288.900984615385,2319.169430769231,1168.968476923077,1199.2369230769232,0
2288.900984615385,2319.169430769231,1199.2369230769232,1229.5053692307692,0
2288.900984615385,2319.169430769231,1229.5053692307692,1259.7738153846153,0
2288.900984615385,2319.169430769231,1259.7738153846153,1290.0422615384616,0
2288.900984615385,2319.169430769231,1290.0422615384616,1320.310707692308,0
2288.900984615385,2319.169430769231,1320.310707692308,1350.579153846154,0
2288.900984615385,2319.169430769231,1350.579153846154,1380.8476,0
2288.900984615385,2319.169430769231,1380.8476,1411.1160461538461,0
2288.900984615385,2319.169430769231,1411.1160461538461,1441.3844923076924,0
2288.900984615385,2319.169430769231,1441.3844923076924,1471.6529384615387,0
2288.900984615385,2319.169430769231,1471.6529384615387,1501.9213846153848,0
2288.900984615385,2319.169430769231,1501.9213846153848,1532.1898307692309,0
2288.900984615385,2319.169430769231,1532.1898307692309,1562.458276923077,0
2288.900984615385,2319.169430769231,1562.458276923077,1592.7267230769232,1
2288.900984615385,2319.169430769231,1592.7267230769232,1622.9951692307695,5
2288.900984615385,2319.169430769231,1622.9951692307695,1653.2636153846156,10
2288.900984615385,2319.169430769231,1653.2636153846156,1683.5320615384617,3
2288.900984615385,2319.169430769231,1683.5320615384617,1713.8005076923077,37
2288.900984615385,2319.169430769231,1713.8005076923077,1744.0689538461538,22
2288.900984615385,2319.169430769231,1744.0689538461538,1774.3374000000003,34
2288.900984615385,2319.169430769231,1774.3374000000003,1804.6058461538464,14
2288.900984615385,2319.169430769231,1804.6058461538464,1834.8742923076925,13
2288.900984615385,2319.169430769231,1834.8742923076925,1865.1427384615386,2
2288.900984615385,2319.169430769231,1865.1427384615386,1895.4111846153846,6
2288.900984615385,2319.169430769231,1895.4111846153846,1925.6796307692307,21
2288.900984615385,2319.169430769231,1925.6796307692307,1955.9480769230772,11
2288.900984615385,2319.169430769231,1955.9480769230772,1986.2165230769233,9
2288.900984615385,2319.169430769231,1986.2165230769233,2016.4849692307694,0
2288.900984615385,2319.169430769231,2016.4849692307694,2046.7534153846154,0
2288.900984615385,2319.169430769231,2046.7534153846154,2077.0218615384615,0
2288.900984615385,2319.169430769231,2077.0218615384615,2107.290307692308,0
2288.900984615385,2319.169430769231,2107.290307692308,2137.558753846154,0
2288.900984615385,2319.169430769231,2137.558753846154,2167.8272,0
2288.900984615385,2319.169430769231,2167.8272,2198.0956461538462,0
2288.900984615385,2319.169430769231,2198.0956461538462,2228.3640923076923,0
2288.900984615385,2319.169430769231,2228.3640923076923,2258.632538461539,0
2288.900984615385,2319.169430769231,2258.632538461539,2288.900984615385,0
2288.900984615385,2319.169430769231,2288.900984615385,2319.169430769231,0
2288.900984615385,2319.169430769231,2319.169430769231,2349.437876923077,0
2288.900984615385,2319.169430769231,2349.437876923077,2379.706323076923,0
2288.900984615385,2319.169430769231,2379.706323076923,2409.974769230769,0
2288.900984615385,2319.169430769231,2409.974769230769,2440.2432153846157,0
2288.900984615385,2319.169430769231,2440.2432153846157,2470.511661538462,0
2288.900984615385,2319.169430769231,2470.511661538462,2500.780107692308,0
2288.900984615385,2319.169430769231,2500.780107692308,2531.048553846154,0
2288.900984615385,2319.169430769231,2531.048553846154,2561.317,0
2319.169430769231,2349.437876923077,593.868,624.1364461538462,0
2319.169430769231,2349.437876923077,624.1364461538462,654.4048923076923,0
2319.169430769231,2349.437876923077,654.4048923076923,684.6733384615385,0
2319.169430769231,2349.437876923077,684.6733384615385,714.9417846153847,0
2319.169430769231,2349.437876923077,714.9417846153847,745.2102307692309,0
2319.169430769231,2349.437876923077,745.2102307692309,775.478676923077,0
2319.169430769231,2349.437876923077,775.478676923077,805.7471230769231,0
2319.169430769231,2349.437876923077,805.7471230769231,836.0155692307693,0
2319.169430769231,2349.437876923077,836.0155692307693,866.2840153846155,0
2319.169430769231,2349.437876923077,866.2840153846155,896.5524615384616,0
2319.169430769231,2349.437876923077,896.5524615384616,926.8209076923077,0
2319.169430769231,2349.437876923077,926.8209076923077,957.0893538461539,0
2319.169430769231,2349.437876923077,957.0893538461539,987.3578000000001,0
2319.169430769231,2349.437876923077,987.3578000000001,1017.6262461538463,0
2319.169430769231,2349.437876923077,1017.6262461538463,1047.8946923076924,0
2319.169430769231,2349.437876923077,1047.8946923076924,1078.1631384615384,0
2319.169430769231,2349.437876923077,1078.1631384615384,1108.4315846153847,0
2319.169430769231,2349.437876923077,1108.4315846153847,1138.700030769231,0
2319.169430769231,2349.437876923077,1138.700030769231,1168.968476923077,0
2319.169430769231,2349.437876923077,1168.968476923077,1199.2369230769232,0
2319.169430769231,2349.437876923077,1199.2369230769232,1229.5053692307692,0
2319.169430769231,2349.437876923077,1229.5053692307692,1259.7738153846153,0
2319.169430769231,2349.437876923077,1259.7738153846153,1290.0422615384616,0
2319.169430769231,2349.437876923077,1290.0422615384616,1320.310707692308,0
2319.169430769231,2349.437876923077,1320.310707692308,1350.579153846154,0
2319.169430769231,2349.437876923077,1350.579153846154,1380.8476,0
2319.169430769231,2349.437876923077,1380.8476,1411.1160461538461,0
2319.169430769231,2349.437876923077,1411.1160461538461,1441.3844923076924,0
2319.169430769231,2349.437876923077,1441.3844923076924,1471.6529384615387,0
2319.169430769231,2349.437876923077,1471.6529384615387,1501.9213846153848,0
2319.169430769231,2349.437876923077,1501.9213846153848,1532.1898307692309,0
2319.169430769231,2349.437876923077,1532.1898307692309,1562.458276923077,2
2319.169430769231,2349.437876923077,1562.458276923077,1592.7267230769232,1
2319.169430769231,2349.437876923077,1592.7267230769232,1622.9951692307695,1
2319.169430769231,2349.437876923077,1622.9951692307695,1653.2636153846156,9
2319.169430769231,2349.437876923077,1653.2636153846156,1683.5320615384617,2
2319.169430769231,2349.437876923077,1683.5320615384617,1713.8005076923077,19
2319.169430769231,2349.437876923077,1713.8005076923077,1744.0689538461538,12
2319.169430769231,2349.437876923077,1744.0689538461538,1774.3374000000003,10
2319.169430769231,2349.437876923077,1774.3374000000003,1804.6058461538464,24
2319.169430769231,2349.437876923077,1804.6058461538464,1834.8742923076925,28
2319.169430769231,2349.437876923077,1834.8742923076925,1865.1427384615386,10
2319.169430769231,2349.437876923077,1865.1427384615386,1895.4111846153846,20
2319.169430769231,2349.437876923077,1895.4111846153846,1925.6796307692307,18
2319.169430769231,2349.437876923077,1925.6796307692307,1955.9480769230772,9
2319.169430769231,2349.437876923077,1955.9480769230772,1986.2165230769233,38
2319.169430769231,2349.437876923077,1986.2165230769233,2016.4849692307694,7
2319.169430769231,2349.437876923077,2016.4849692307694,2046.7534153846154,0
2319.169430769231,2349.437876923077,2046.7534153846154,2077.0218615384615,0
2319.169430769231,2349.437876923077,2077.0218615384615,2107.290307692308,0
2319.169430769231,2349.437876923077,2107.290307692308,2137.558753846154,0
2319.169430769231,2349.437876923077,2137.558753846154,2167.8272,0
2319.169430769231,2349.437876923077,2167.8272,2198.0956461538462,0
2319.169430769231,2349.437876923077,2198.0956461538462,2228.3640923076923,0
2319.169430769231,2349.437876923077,2228.3640923076923,2258.632538461539,0
2319.169430769231,2349.437876923077,2258.632538461539,2288.900984615385,0
2319.169430769231,2349.437876923077,2288.900984615385,2319.169430769231,0
2319.169430769231,2349.437876923077,2319.169430769231,2349.437876923077,0
2319.169430769231,2349.437876923077,2349.437876923077,2379.706323076923,0
2319.169430769231,2349.437876923077,2379.706323076923,2409.974769230769,0
2319.169430769231,2349.437876923077,2409.974769230769,2440.2432153846157,0
2319.169430769231,2349.437876923077,2440.2432153846157,2470.511661538462,0
2319.169430769231,2349.437876923077,2470.511661538462,2500.780107692308,0
2319.169430769231,2349.437876923077,2500.780107692308,2531.048553846154,0
2319.169430769231,2349.437876923077,2531.048553846154,2561.317,0
2349.437876923077,2379.706323076923,593.868,624.1364461538462,0
2349.437876923077,2379.706323076923,624.1364461538462,654.4048923076923,0
2349.437876923077,2379.706323076923,654.4048923076923,684.6733384615385,0
2349.437876923077,2379.706323076923,684.6733384615385,714.9417846153847,0
2349.437876923077,2379.706323076923,714.9417846153847,745.2102307692309,0
2349.437876923077,2379.706323076923,745.2102307692309,775.478676923077,0
2349.437876923077,2379.706323076923,775.478676923077,805.7471230769231,0
2349.437876923077,2379.706323076923,805.7471230769231,836.0155692307693,0
2349.437876923077,2379.706323076923,836.0155692307693,866.2840153846155,0
2349.437876923077,2379.706323076923,866.2840153846155,896.5524615384616,0
2349.437876923077,2379.706323076923,896.5524615384616,926.8209076923077,0
2349.437876923077,2379.706323076923,926.8209076923077,957.0893538461539,0
2349.437876923077,2379.706323076923,957.0893538461539,987.3578000000001,0
2349.437876923077,2379.706323076923,987.3578000000001,1017.6262461538463,0
2349.437876923077,2379.706323076923,1017.6262461538463,1047.8946923076924,0
2349.437876923077,2379.706323076923,1047.8946923076924,1078.1631384615384,0
2349.437876923077,2379.706323076923,1078.1631384615384,1108.4315846153847,0
2349.437876923077,2379.706323076923,1108.4315846153847,1138.700030769231,0
2349.437876923077,2379.706323076923,1138.700030769231,1168.968476923077,0
2349.437876923077,2379.706323076923,1168.968476923077,1199.2369230769232,0
2349.437876923077,2379.706323076923,1199.2369230769232,1229.5053692307692,0
2349.437876923077,2379.706323076923,1229.5053692307692,1259.7738153846153,0
2349.437876923077,2379.706323076923,1259.7738153846153,1290.0422615384616,0
2349.437876923077,2379.706323076923,1290.0422615384616,1320.310707692308,0
2349.437876923077,2379.706323076923,1320.310707692308,1350.579153846154,0
2349.437876923077,2379.706323076923,1350.579153846154,1380.8476,0
2349.437876923077,2379.706323076923,1380.8476,1411.1160461538461,0
2349.437876923077,2379.706323076923,1411.1160461538461,1441.3844923076924,0
2349.437876923077,2379.706323076923,1441.3844923076924,1471.6529384615387,0
2349.437876923077,2379.706323076923,1471.6529384615387,1501.9213846153848,0
2349.437876923077,2379.706323076923,1501.9213846153848,1532.1898307692309,0
2349.437876923077,2379.706323076923,1532.1898307692309,1562.458276923077,0
2349.437876923077,2379.706323076923,1562.458276923077,1592.7267230769232,0
2349.437876923077,2379.706323076923,1592.7267230769232,1622.9951692307695,1
2349.437876923077,2379.706323076923,1622.9951692307695,1653.2636153846156,3
2349.437876923077,2379.706323076923,1653.2636153846156,1683.5320615384617,3
2349.437876923077,2379.706323076923,1683.5320615384617,1713.8005076923077,15
2349.437876923077,2379.706323076923,1713.8005076923077,1744.0689538461538,5
2349.437876923077,2379.706323076923,1744.0689538461538,1774.3374000000003,6
2349.437876923077,2379.706323076923,1774.3374000000003,1804.6058461538464,18
2349.437876923077,2379.706323076923,1804.6058461538464,1834.8742923076925,10
2349.437876923077,2379.706323076923,1834.8742923076925,1865.1427384615386,2
2349.437876923077,2379.706323076923,1865.1427384615386,1895.4111846153846,12
2349.437876923077,2379.706323076923,1895.4111846153846,1925.6796307692307,10
2349.437876923077,2379.706323076923,1925.6796307692307,1955.9480769230772,1
2349.437876923077,2379.706323076923,1955.9480769230772,1986.2165230769233,19
2349.437876923077,2379.706323076923,1986.2165230769233,2016.4849692307694,4
2349.437876923077,2379.706323076923,2016.4849692307694,2046.7534153846154,12
2349.437876923077,2379.706323076923,2046.7534153846154,2077.0218615384615,4
2349.437876923077,2379.706323076923,2077.0218615384615,2107.290307692308,0
2349.437876923077,2379.706323076923,2107.290307692308,2137.558753846154,0
2349.437876923077,2379.706323076923,2137.558753846154,2167.8272,0
2349.437876923077,2379.706323076923,2167.8272,2198.0956461538462,0
2349.437876923077,2379.706323076923,2198.0956461538462,2228.3640923076923,0
2349.437876923077,2379.706323076923,2228.3640923076923,2258.632538461539,0
2349.437876923077,2379.706323076923,2258.632538461539,2288.900984615385,0
2349.437876923077,2379.706323076923,2288.900984615385,2319.169430769231,0
2349.437876923077,2379.706323076923,2319.169430769231,2349.437876923077,0
2349.437876923077,2379.706323076923,2349.437876923077,2379.706323076923,0
2349.437876923077,2379.706323076923,2379.706323076923,2409.974769230769,0
2349.437876923077,2379.706323076923,2409.974769230769,2440.2432153846157,0
2349.437876923077,2379.706323076923,2440.2432153846157,2470.511661538462,0
2349.437876923077,2379.706323076923,2470.511661538462,2500.780107692308,0
2349.437876923077,2379.706323076923,2500.780107692308,2531.048553846154,0
2349.437876923077,2379.706323076923,2531.048553846154,2561.317,0
2379.706323076923,2409.974769230769,593.868,624.1364461538462,0
2379.706323076923,2409.974769230769,624.1364461538462,654.4048923076923,0
2379.706323076923,2409.974769230769,654.4048923076923,684.6733384615385,0
2379.706323076923,2409.974769230769,684.6733384615385,714.9417846153847,0
2379.706323076923,2409.974769230769,714.9417846153847,745.2102307692309,0
2379.706323076923,2409.974769230769,745.2102307692309,775.478676923077,0
2379.706323076923,2409.974769230769,775.478676923077,805.7471230769231,0
2379.706323076923,2409.974769230769,805.7471230769231,836.0155692307693,0
2379.706323076923,2409.974769230769,836.0155692307693,866.2840153846155,0
2379.706323076923,2409.974769230769,866.2840153846155,896.5524615384616,0
2379.706323076923,2409.974769230769,896.5524615384616,926.8209076923077,0
2379.706323076923,2409.974769230769,926.8209076923077,957.0893538461539,0
2379.706323076923,2409.974769230769,957.0893538461539,987.3578000000001,0
2379.706323076923,2409.974769230769,987.3578000000001,1017.6262461538463,0
2379.706323076923,2409.974769230769,1017.6262461538463,1047.8946923076924,0
2379.706323076923,2409.974769230769,1047.8946923076924,1078.1631384615384,0
2379.706323076923,2409.974769230769,1078.1631384615384,1108.4315846153847,0
2379.706323076923,2409.974769230769,1108.4315846153847,1138.700030769231,0
2379.706323076923,2409.974769230769,1138.700030769231,1168.968476923077,0
2379.706323076923,2409.974769230769,1168.968476923077,1199.2369230769232,0
2379.706323076923,2409.974769230769,1199.2369230769232,1229.5053692307692,0
2379.706323076923,2409.974769230769,1229.5053692307692,1259.7738153846153,0
2379.706323076923,2409.974769230769,1259.7738153846153,1290.0422615384616,0
2379.706323076923,2409.974769230769,1290.0422615384616,1320.310707692308,0
2379.706323076923,2409.974769230769,1320.310707692308,1350.579153846154,0
2379.706323076923,2409.974769230769,1350.579153846154,1380.8476,0
2379.706323076923,2409.974769230769,1380.8476,1411.1160461538461,0
2379.706323076923,2409.974769230769,1411.1160461538461,1441.3844923076924,0
2379.706323076923,2409.974769230769,1441.3844923076924,1471.6529384615387,0
2379.706323076923,2409.974769230769,1471.6529384615387,1501.9213846153848,0
2379.706323076923,2409.974769230769,1501.9213846153848,1532.1898307692309,0
2379.706323076923,2409.974769230769,1532.1898307692309,1562.458276923077,0
2379.706323076923,2409.974769230769,1562.458276923077,1592.7267230769232,0
2379.706323076923,2409.974769230769,1592.7267230769232,1622.9951692307695,3
2379.706323076923,2409.974769230769,1622.9951692307695,1653.2636153846156,0
2379.706323076923,2409.974769230769,1653.2636153846156,1683.5320615384617,4
2379.706323076923,2409.974769230769,1683.5320615384617,1713.8005076923077,7
2379.706323076923,2409.974769230769,1713.8005076923077,1744.0689538461538,3
2379.706323076923,2409.974769230769,1744.0689538461538,1774.3374000000003,9
2379.706323076923,2409.974769230769,1774.3374000000003,1804.6058461538464,6
2379.706323076923,2409.974769230769,1804.6058461538464,1834.8742923076925,13
2379.706323076923,2409.974769230769,1834.8742923076925,1865.1427384615386,2
2379.706323076923,2409.974769230769,1865.1427384615386,1895.4111846153846,0
2379.706323076923,2409.974769230769,1895.4111846153846,1925.6796307692307,2
2379.706323076923,2409.974769230769,1925.6796307692307,1955.9480769230772,7
2379.706323076923,2409.974769230769,1955.9480769230772,1986.2165230769233,7
2379.706323076923,2409.974769230769,1986.2165230769233,2016.4849692307694,12
2379.706323076923,2409.974769230769,2016.4849692307694,2046.7534153846154,10
2379.706323076923,2409.974769230769,2046.7534153846154,2077.0218615384615,6
2379.706323076923,2409.974769230769,2077.0218615384615,2107.290307692308,0
2379.706323076923,2409.974769230769,2107.290307692308,2137.558753846154,0
2379.706323076923,2409.974769230769,2137.558753846154,2167.8272,0
2379.706323076923,2409.974769230769,2167.8272,2198.0956461538462,0
2379.706323076923,2409.974769230769,2198.0956461538462,2228.3640923076923,0
2379.706323076923,2409.974769230769,2228.3640923076923,2258.632538461539,0
2379.706323076923,2409.974769230769,2258.632538461539,2288.900984615385,0
2379.706323076923,2409.974769230769,2288.900984615385,2319.169430769231,0
2379.706323076923,2409.974769230769,2319.169430769231,2349.437876923077,0
2379.706323076923,2409.974769230769,2349.437876923077,2379.706323076923,0
2379.706323076923,2409.974769230769,2379.706323076923,2409.974769230769,0
2379.706323076923,2409.974769230769,2409.974769230769,2440.2432153846157,0
2379.706323076923,2409.974769230769,2440.2432153846157,2470.511661538462,0
2379.706323076923,2409.974769230769,2470.511661538462,2500.780107692308,0
2379.706323076923,2409.974769230769,2500.780107692308,2531.048553846154,0
2379.706323076923,2409.974769230769,2531.048553846154,2561.317,0
2409.974769230769,2440.2432153846157,593.868,624.1364461538462,0
2409.974769230769,2440.2432153846157,624.1364461538462,654.4048923076923,0
2409.974769230769,2440.2432153846157,654.4048923076923,684.6733384615385,0
2409.974769230769,2440.2432153846157,684.6733384615385,714.9417846153847,0
2409.974769230769,2440.2432153846157,714.9417846153847,745.2102307692309,0
2409.974769230769,2440.2432153846157,745.2102307692309,775.478676923077,0
2409.974769230769,2440.2432153846157,775.478676923077,805.7471230769231,0
2409.974769230769,2440.2432153846157,805.7471230769231,836.0155692307693,0
2409.974769230769,2440.2432153846157,836.0155692307693,866.2840153846155,0
2409.974769230769,2440.2432153846157,866.2840153846155,896.5524615384616,0
2409.974769230769,2440.2432153846157,896.5524615384616,926.8209076923077,0
2409.974769230769,2440.2432153846157,926.8209076923077,957.0893538461539,0
2409.974769230769,2440.2432153846157,957.0893538461539,987.3578000000001,0
2409.974769230769,2440.2432153846157,987.3578000000001,1017.6262461538463,0
2409.974769230769,2440.2432153846157,1017.6262461538463,1047.8946923076924,0
2409.974769230769,2440.2432153846157,1047.8946923076924,1078.1631384615384,0
2409.974769230769,2440.2432153846157,1078.1631384615384,1108.4315846153847,0
2409.974769230769,2440.2432153846157,1108.4315846153847,1138.700030769231,0
2409.974769230769,2440.2432153846157,1138.700030769231,1168.968476923077,0
2409.974769230769,2440.2432153846157,1168.968476923077,1199.2369230769232,0
2409.974769230769,2440.2432153846157,1199.2369230769232,1229.5053692307692,0
2409.974769230769,2440.2432153846157,1229.5053692307692,1259.7738153846153,0
2409.974769230769,2440.2432153846157,1259.7738153846153,1290.0422615384616,0
2409.974769230769,2440.2432153846157,1290.0422615384616,1320.310707692308,0
2409.974769230769,2440.2432153846157,1320.310707692308,1350.579153846154,0
2409.974769230769,2440.2432153846157,1350.579153846154,1380.8476,0
2409.974769230769,2440.2432153846157,1380.8476,1411.1160461538461,0
2409.974769230769,2440.2432153846157,1411.1160461538461,1441.3844923076924,0
2409.974769230769,2440.2432153846157,1441.3844923076924,1471.6529384615387,0
2409.974769230769,2440.2432153846157,1471.6529384615387,1501.9213846153848,0
2409.974769230769,2440.2432153846157,1501.9213846153848,1532.1898307692309,0
2409.974769230769,2440.2432153846157,1532.1898307692309,1562.458276923077,0
2409.974769230769,2440.2432153846157,1562.458276923077,1592.7267230769232,0
2409.974769230769,2440.2432153846157,1592.7267230769232,1622.9951692307695,1
2409.974769230769,2440.2432153846157,1622.9951692307695,1653.2636153846156,0
2409.974769230769,2440.2432153846157,1653.2636153846156,1683.5320615384617,0
2409.974769230769,2440.2432153846157,1683.5320615384617,1713.8005076923077,7
2409.974769230769,2440.2432153846157,1713.8005076923077,1744.0689538461538,1
2409.974769230769,2440.2432153846157,1744.0689538461538,1774.3374000000003,4
2409.974769230769,2440.2432153846157,1774.3374000000003,1804.6058461538464,6
2409.974769230769,2440.2432153846157,1804.6058461538464,1834.8742923076925,4
2409.974769230769,2440.2432153846157,1834.8742923076925,1865.1427384615386,0
2409.974769230769,2440.2432153846157,1865.1427384615386,1895.4111846153846,0
2409.974769230769,2440.2432153846157,1895.4111846153846,1925.6796307692307,0
2409.974769230769,2440.2432153846157,1925.6796307692307,1955.9480769230772,15
2409.974769230769,2440.2432153846157,1955.9480769230772,1986.2165230769233,8
2409.974769230769,2440.2432153846157,1986.2165230769233,2016.4849692307694,14
2409.974769230769,2440.2432153846157,2016.4849692307694,2046.7534153846154,5
2409.974769230769,2440.2432153846157,2046.7534153846154,2077.0218615384615,3
2409.974769230769,2440.2432153846157,2077.0218615384615,2107.290307692308,0
2409.974769230769,2440.2432153846157,2107.290307692308,2137.558753846154,0
2409.974769230769,2440.2432153846157,2137.558753846154,2167.8272,0
2409.974769230769,2440.2432153846157,2167.8272,2198.0956461538462,0
2409.974769230769,2440.2432153846157,2198.0956461538462,2228.3640923076923,0
2409.974769230769,2440.2432153846157,2228.3640923076923,2258.632538461539,0
2409.974769230769,2440.2432153846157,2258.632538461539,2288.900984615385,0
2409.974769230769,2440.2432153846157,2288.900984615385,2319.169430769231,0
2409.974769230769,2440.2432153846157,2319.169430769231,2349.437876923077,0
2409.974769230769,2440.2432153846157,2349.437876923077,2379.706323076923,0
2409.974769230769,2440.2432153846157,2379.706323076923,2409.974769230769,0
2409.974769230769,2440.2432153846157,2409.974769230769,2440.2432153846157,0
2409.974769230769,2440.2432153846157,2440.2432153846157,2470.511661538462,0
2409.974769230769,2440.2432153846157,2470.511661538462,2500.780107692308,0
2409.974769230769,2440.2432153846157,2500.780107692308,2531.048553846154,0
2409.974769230769,2440.2432153846157,2531.048553846154,2561.317,0
2440.2432153846157,2470.511661538462,593.868,624.1364461538462,0
2440.2432153846157,2470.511661538462,624.1364461538462,654.4048923076923,0
2440.2432153846157,2470.511661538462,654.4048923076923,684.6733384615385,0
2440.2432153846157,2470.511661538462,684.6733384615385,714.9417846153847,0
2440.2432153846157,2470.511661538462,714.9417846153847,745.2102307692309,0
2440.2432153846157,2470.511661538462,745.2102307692309,775.478676923077,0
2440.2432153846157,2470.511661538462,775.478676923077,805.7471230769231,0
2440.2432153846157,2470.511661538462,805.7471230769231,836.0155692307693,0
2440.2432153846157,2470.511661538462,836.0155692307693,866.2840153846155,0
2440.2432153846157,2470.511661538462,866.2840153846155,896.5524615384616,0
2440.2432153846157,2470.511661538462,896.5524615384616,926.8209076923077,0
2440.2432153846157,2470.511661538462,926.8209076923077,957.0893538461539,0
2440.2432153846157,2470.511661538462,957.0893538461539,987.3578000000001,0
2440.2432153846157,2470.511661538462,987.3578000000001,1017.6262461538463,0
2440.2432153846157,2470.511661538462,1017.6262461538463,1047.8946923076924,0
2440.2432153846157,2470.511661538462,1047.8946923076924,1078.1631384615384,0
2440.2432153846157,2470.511661538462,1078.1631384615384,1108.4315846153847,0
2440.2432153846157,2470.511661538462,1108.4315846153847,1138.700030769231,0
2440.2432153846157,2470.511661538462,1138.700030769231,1168.968476923077,0
2440.2432153846157,2470.511661538462,1168.968476923077,1199.2369230769232,0
2440.2432153846157,2470.511661538462,1199.2369230769232,1229.5053692307692,0
2440.2432153846157,2470.511661538462,1229.5053692307692,1259.7738153846153,0
2440.2432153846157,2470.511661538462,1259.7738153846153,1290.0422615384616,0
2440.2432153846157,2470.511661538462,1290.0422615384616,1320.310707692308,0
2440.2432153846157,2470.511661538462,1320.310707692308,1350.579153846154,0
2440.2432153846157,2470.511661538462,1350.579153846154,1380.8476,0
2440.2432153846157,2470.511661538462,1380.8476,1411.1160461538461,0
2440.2432153846157,2470.511661538462,1411.1160461538461,1441.3844923076924,0
2440.2432153846157,2470.511661538462,1441.3844923076924,1471.6529384615387,0
2440.2432153846157,2470.511661538462,1471.6529384615387,1501.9213846153848,0
2440.2432153846157,2470.511661538462,1501.9213846153848,1532.1898307692309,0
2440.2432153846157,2470.511661538462,1532.1898307692309,1562.458276923077,0
2440.2432153846157,2470.511661538462,1562.458276923077,1592.7267230769232,0
2440.2432153846157,2470.511661538462,1592.7267230769232,1622.9951692307695,0
2440.2432153846157,2470.511661538462,1622.9951692307695,1653.2636153846156,1
2440.2432153846157,2470.511661538462,1653.2636153846156,1683.5320615384617,0
2440.2432153846157,2470.511661538462,1683.5320615384617,1713.8005076923077,0
2440.2432153846157,2470.511661538462,1713.8005076923077,1744.0689538461538,2
2440.2432153846157,2470.511661538462,1744.0689538461538,1774.3374000000003,10
2440.2432153846157,2470.511661538462,1774.3374000000003,1804.6058461538464,3
2440.2432153846157,2470.511661538462,1804.6058461538464,1834.8742923076925,4
2440.2432153846157,2470.511661538462,1834.8742923076925,1865.1427384615386,0
2440.2432153846157,2470.511661538462,1865.1427384615386,1895.4111846153846,1
2440.2432153846157,2470.511661538462,1895.4111846153846,1925.6796307692307,0
2440.2432153846157,2470.511661538462,1925.6796307692307,1955.9480769230772,2
2440.2432153846157,2470.511661538462,1955.9480769230772,1986.2165230769233,2
2440.2432153846157,2470.511661538462,1986.2165230769233,2016.4849692307694,9
2440.2432153846157,2470.511661538462,2016.4849692307694,2046.7534153846154,2
2440.2432153846157,2470.511661538462,2046.7534153846154,2077.0218615384615,2
2440.2432153846157,2470.511661538462,2077.0218615384615,2107.290307692308,0
2440.2432153846157,2470.511661538462,2107.290307692308,2137.558753846154,0
2440.2432153846157,2470.511661538462,2137.558753846154,2167.8272,0
2440.2432153846157,2470.511661538462,2167.8272,2198.0956461538462,0
2440.2432153846157,2470.511661538462,2198.0956461538462,2228.3640923076923,0
2440.2432153846157,2470.511661538462,2228.3640923076923,2258.632538461539,0
2440.2432153846157,2470.511661538462,2258.632538461539,2288.900984615385,0
2440.2432153846157,2470.511661538462,2288.900984615385,2319.169430769231,0
2440.2432153846157,2470.511661538462,2319.169430769231,2349.437876923077,0
2440.2432153846157,2470.511661538462,2349.437876923077,2379.706323076923,0
2440.2432153846157,2470.511661538462,2379.706323076923,2409.974769230769,0
2440.2432153846157,2470.511661538462,2409.974769230769,2440.2432153846157,0
2440.2432153846157,2470.511661538462,2440.2432153846157,2470.511661538462,0
2440.2432153846157,2470.511661538462,2470.511661538462,2500.780107692308,0
2440.2432153846157,2470.511661538462,2500.780107692308,2531.048553846154,0
2440.2432153846157,2470.511661538462,2531.048553846154,2561.317,0
2470.511661538462,2500.780107692308,593.868,624.1364461538462,0
2470.511661538462,2500.780107692308,624.1364461538462,654.4048923076923,0
2470.511661538462,2500.780107692308,654.4048923076923,684.6733384615385,0
2470.511661538462,2500.780107692308,684.6733384615385,714.9417846153847,0
2470.511661538462,2500.780107692308,714.9417846153847,745.2102307692309,0
2470.511661538462,2500.780107692308,745.2102307692309,775.478676923077,0
2470.511661538462,2500.780107692308,775.478676923077,805.7471230769231,0
2470.511661538462,2500.780107692308,805.7471230769231,836.0155692307693,0
2470.511661538462,2500.780107692308,836.0155692307693,866.2840153846155,0
2470.511661538462,2500.780107692308,866.2840153846155,896.5524615384616,0
2470.511661538462,2500.780107692308,896.5524615384616,926.8209076923077,0
2470.511661538462,2500.780107692308,926.8209076923077,957.0893538461539,0
2470.511661538462,2500.780107692308,957.0893538461539,987.3578000000001,0
2470.511661538462,2500.780107692308,987.3578000000001,1017.6262461538463,0
2470.511661538462,2500.780107692308,1017.6262461538463,1047.8946923076924,0
2470.511661538462,2500.780107692308,1047.8946923076924,1078.1631384615384,0
2470.511661538462,2500.780107692308,1078.1631384615384,1108.4315846153847,0
2470.511661538462,2500.780107692308,1108.4315846153847,1138.700030769231,0
2470.511661538462,2500.780107692308,1138.700030769231,1168.968476923077,0
2470.511661538462,2500.780107692308,1168.968476923077,1199.2369230769232,0
2470.511661538462,2500.780107692308,1199.2369230769232,1229.5053692307692,0
2470.511661538462,2500.780107692308,1229.5053692307692,1259.7738153846153,0
2470.511661538462,2500.780107692308,1259.7738153846153,1290.0422615384616,0
2470.511661538462,2500.780107692308,1290.0422615384616,1320.310707692308,0
2470.511661538462,2500.780107692308,1320.310707692308,1350.579153846154,0
2470.511661538462,2500.780107692308,1350.579153846154,1380.8476,0
2470.511661538462,2500.780107692308,1380.8476,1411.1160461538461,0
2470.511661538462,2500.780107692308,1411.1160461538461,1441.3844923076924,0
2470.511661538462,2500.780107692308,1441.3844923076924,1471.6529384615387,0
2470.511661538462,2500.780107692308,1471.6529384615387,1501.9213846153848,0
2470.511661538462,2500.780107692308,1501.9213846153848,1532.1898307692309,0
2470.511661538462,2500.780107692308,1532.1898307692309,1562.458276923077,0
2470.511661538462,2500.780107692308,1562.458276923077,1592.7267230769232,0
2470.511661538462,2500.780107692308,1592.7267230769232,1622.9951692307695,0
2470.511661538462,2500.780107692308,1622.9951692307695,1653.2636153846156,0
2470.511661538462,2500.780107692308,1653.2636153846156,1683.5320615384617,0
2470.511661538462,2500.780107692308,1683.5320615384617,1713.8005076923077,0
2470.511661538462,2500.780107692308,1713.8005076923077,1744.0689538461538,0
2470.511661538462,2500.780107692308,1744.0689538461538,1774.3374000000003,1
2470.511661538462,2500.780107692308,1774.3374000000003,1804.6058461538464,5
2470.511661538462,2500.780107692308,1804.6058461538464,1834.8742923076925,1
2470.511661538462,2500.780107692308,1834.8742923076925,1865.1427384615386,0
2470.511661538462,2500.780107692308,1865.1427384615386,1895.4111846153846,4
2470.511661538462,2500.780107692308,1895.4111846153846,1925.6796307692307,0
2470.511661538462,2500.780107692308,1925.6796307692307,1955.9480769230772,2
2470.511661538462,2500.780107692308,1955.9480769230772,1986.2165230769233,0
2470.511661538462,2500.780107692308,1986.2165230769233,2016.4849692307694,2
2470.511661538462,2500.780107692308,2016.4849692307694,2046.7534153846154,1
2470.511661538462,2500.780107692308,2046.7534153846154,2077.0218615384615,4
2470.511661538462,2500.780107692308,2077.0218615384615,2107.290307692308,0
2470.511661538462,2500.780107692308,2107.290307692308,2137.558753846154,0
2470.511661538462,2500.780107692308,2137.558753846154,2167.8272,0
2470.511661538462,2500.780107692308,2167.8272,2198.0956461538462,0
2470.511661538462,2500.780107692308,2198.0956461538462,2228.3640923076923,0
2470.511661538462,2500.780107692308,2228.3640923076923,2258.632538461539,0
2470.511661538462,2500.780107692308,2258.632538461539,2288.900984615385,0
2470.511661538462,2500.780107692308,2288.900984615385,2319.169430769231,0
2470.511661538462,2500.780107692308,2319.169430769231,2349.437876923077,0
2470.511661538462,2500.780107692308,2349.437876923077,2379.706323076923,0
2470.511661538462,2500.780107692308,2379.706323076923,2409.974769230769,0
2470.511661538462,2500.780107692308,2409.974769230769,2440.2432153846157,0
2470.511661538462,2500.780107692308,2440.2432153846157,2470.511661538462,0
2470.511661538462,2500.780107692308,2470.511661538462,2500.780107692308,0
2470.511661538462,2500.780107692308,2500.780107692308,2531.048553846154,0
2470.511661538462,2500.780107692308,2531.048553846154,2561.317,0
2500.780107692308,2531.048553846154,593.868,624.1364461538462,0
2500.780107692308,2531.048553846154,624.1364461538462,654.4048923076923,0
2500.780107692308,2531.048553846154,654.4048923076923,684.6733384615385,0
2500.780107692308,2531.048553846154,684.6733384615385,714.9417846153847,0
2500.780107692308,2531.048553846154,714.9417846153847,745.2102307692309,0
2500.780107692308,2531.048553846154,745.2102307692309,775.478676923077,0
2500.780107692308,2531.048553846154,775.478676923077,805.7471230769231,0
2500.780107692308,2531.048553846154,805.7471230769231,836.0155692307693,0
2500.780107692308,2531.048553846154,836.0155692307693,866.2840153846155,0
2500.780107692308,2531.048553846154,866.2840153846155,896.5524615384616,0
2500.780107692308,2531.048553846154,896.5524615384616,926.8209076923077,0
2500.780107692308,2531.048553846154,926.8209076923077,957.0893538461539,0
2500.780107692308,2531.048553846154,957.0893538461539,987.3578000000001,0
2500.780107692308,2531.048553846154,987.3578000000001,1017.6262461538463,0
2500.780107692308,2531.048553846154,1017.6262461538463,1047.8946923076924,0
2500.780107692308,2531.048553846154,1047.8946923076924,1078.1631384615384,0
2500.780107692308,2531.048553846154,1078.1631384615384,1108.4315846153847,0
2500.780107692308,2531.048553846154,1108.4315846153847,1138.700030769231,0
2500.780107692308,2531.048553846154,1138.700030769231,1168.968476923077,0
2500.780107692308,2531.048553846154,1168.968476923077,1199.2369230769232,0
2500.780107692308,2531.048553846154,1199.2369230769232,1229.5053692307692,0
2500.780107692308,2531.048553846154,1229.5053692307692,1259.7738153846153,0
2500.780107692308,2531.048553846154,1259.7738153846153,1290.0422615384616,0
2500.780107692308,2531.048553846154,1290.0422615384616,1320.310707692308,0
2500.780107692308,2531.048553846154,1320.310707692308,1350.579153846154,0
2500.780107692308,2531.048553846154,1350.579153846154,1380.8476,0
2500.780107692308,2531.048553846154,1380.8476,1411.1160461538461,0
2500.780107692308,2531.048553846154,1411.1160461538461,1441.3844923076924,0
2500.780107692308,2531.048553846154,1441.3844923076924,1471.6529384615387,0
2500.780107692308,2531.048553846154,1471.6529384615387,1501.9213846153848,0
2500.780107692308,2531.048553846154,1501.9213846153848,1532.1898307692309,0
2500.780107692308,2531.048553846154,1532.1898307692309,1562.458276923077,0
2500.780107692308,2531.048553846154,1562.458276923077,1592.7267230769232,0
2500.780107692308,2531.048553846154,1592.7267230769232,1622.9951692307695,0
2500.780107692308,2531.048553846154,1622.9951692307695,1653.2636153846156,0
2500.780107692308,2531.048553846154,1653.2636153846156,1683.5320615384617,0
2500.780107692308,2531.048553846154,1683.5320615384617,1713.8005076923077,0
2500.780107692308,2531.048553846154,1713.8005076923077,1744.0689538461538,0
2500.780107692308,2531.048553846154,1744.0689538461538,1774.3374000000003,1
2500.780107692308,2531.048553846154,1774.3374000000003,1804.6058461538464,0
2500.780107692308,2531.048553846154,1804.6058461538464,1834.8742923076925,0
2500.780107692308,2531.048553846154,1834.8742923076925,1865.1427384615386,2
2500.780107692308,2531.048553846154,1865.1427384615386,1895.4111846153846,1
2500.780107692308,2531.048553846154,1895.4111846153846,1925.6796307692307,0
2500.780107692308,2531.048553846154,1925.6796307692307,1955.9480769230772,0
2500.780107692308,2531.048553846154,1955.9480769230772,1986.2165230769233,6
2500.780107692308,2531.048553846154,1986.2165230769233,2016.4849692307694,0
2500.780107692308,2531.048553846154,2016.4849692307694,2046.7534153846154,1
2500.780107692308,2531.048553846154,2046.7534153846154,2077.0218615384615,3
2500.780107692308,2531.048553846154,2077.0218615384615,2107.290307692308,0
2500.780107692308,2531.048553846154,2107.290307692308,2137.558753846154,0
2500.780107692308,2531.048553846154,2137.558753846154,2167.8272,0
2500.780107692308,2531.048553846154,2167.8272,2198.0956461538462,0
2500.780107692308,2531.048553846154,2198.0956461538462,2228.3640923076923,0
2500.780107692308,2531.048553846154,2228.3640923076923,2258.632538461539,0
2500.780107692308,2531.048553846154,2258.632538461539,2288.900984615385,0
2500.780107692308,2531.048553846154,2288.900984615385,2319.169430769231,0
2500.780107692308,2531.048553846154,2319.169430769231,2349.437876923077,0
2500.780107692308,2531.048553846154,2349.437876923077,2379.706323076923,0
2500.780107692308,2531.048553846154,2379.706323076923,2409.974769230769,0
2500.780107692308,2531.048553846154,2409.974769230769,2440.2432153846157,0
2500.780107692308,2531.048553846154,2440.2432153846157,2470.511661538462,0
2500.780107692308,2531.048553846154,2470.511661538462,2500.780107692308,0
2500.780107692308,2531.048553846154,2500.780107692308,2531.048553846154,0
2500.780107692308,2531.048553846154,2531.048553846154,2561.317,0
2531.048553846154,2561.317,593.868,624.1364461538462,0
2531.048553846154,2561.317,624.1364461538462,654.4048923076923,0
2531.048553846154,2561.317,654.4048923076923,684.6733384615385,0
2531.048553846154,2561.317,684.6733384615385,714.9417846153847,0
2531.048553846154,2561.317,714.9417846153847,745.2102307692309,0
2531.048553846154,2561.317,745.2102307692309,775.478676923077,0
2531.048553846154,2561.317,775.478676923077,805.7471230769231,0
2531.048553846154,2561.317,805.7471230769231,836.0155692307693,0
2531.048553846154,2561.317,836.0155692307693,866.2840153846155,0
2531.048553846154,2561.317,866.2840153846155,896.5524615384616,0
2531.048553846154,2561.317,896.5524615384616,926.8209076923077,0
2531.048553846154,2561.317,926.8209076923077,957.0893538461539,0
2531.048553846154,2561.317,957.0893538461539,987.3578000000001,0
2531.048553846154,2561.317,987.3578000000001,1017.6262461538463,0
2531.048553846154,2561.317,1017.6262461538463,1047.8946923076924,0
2531.048553846154,2561.317,1047.8946923076924,1078.1631384615384,0
2531.048553846154,2561.317,1078.1631384615384,1108.4315846153847,0
2531.048553846154,2561.317,1108.4315846153847,1138.700030769231,0
2531.048553846154,2561.317,1138.700030769231,1168.968476923077,0
2531.048553846154,2561.317,1168.968476923077,1199.2369230769232,0
2531.048553846154,2561.317,1199.2369230769232,1229.5053692307692,0
2531.048553846154,2561.317,1229.5053692307692,1259.7738153846153,0
2531.048553846154,2561.317,1259.7738153846153,1290.0422615384616,0
2531.048553846154,2561.317,1290.0422615384616,1320.310707692308,0
2531.048553846154,2561.317,1320.310707692308,1350.579153846154,0
2531.048553846154,2561.317,1350.579153846154,1380.8476,0
2531.048553846154,2561.317,1380.8476,1411.1160461538461,0
2531.048553846154,2561.317,1411.1160461538461,1441.3844923076924,0
2531.048553846154,2561.317,1441.3844923076924,1471.6529384615387,0
2531.048553846154,2561.317,1471.6529384615387,1501.9213846153848,0
2531.048553846154,2561.317,1501.9213846153848,1532.1898307692309,0
2531.048553846154,2561.317,1532.1898307692309,1562.458276923077,0
2531.048553846154,2561.317,1562.458276923077,1592.7267230769232,0
2531.048553846154,2561.317,1592.7267230769232,1622.9951692307695,0
2531.048553846154,2561.317,1622.9951692307695,1653.2636153846156,0
2531.048553846154,2561.317,1653.2636153846156,1683.5320615384617,0
2531.048553846154,2561.317,1683.5320615384617,1713.8005076923077,0
2531.048553846154,2561.317,1713.8005076923077,1744.0689538461538,0
2531.048553846154,2561.317,1744.0689538461538,1774.3374000000003,0
2531.048553846154,2561.317,1774.3374000000003,1804.6058461538464,2
2531.048553846154,2561.317,1804.6058461538464,1834.8742923076925,0
2531.048553846154,2561.317,1834.8742923076925,1865.1427384615386,0
2531.048553846154,2561.317,1865.1427384615386,1895.4111846153846,0
2531.048553846154,2561.317,1895.4111846153846,1925.6796307692307,0
2531.048553846154,2561.317,1925.6796307692307,1955.9480769230772,1
2531.048553846154,2561.317,1955.9480769230772,1986.2165230769233,3
2531.048553846154,2561.317,1986.2165230769233,2016.4849692307694,3
2531.048553846154,2561.317,2016.4849692307694,2046.7534153846154,2
2531.048553846154,2561.317,2046.7534153846154,2077.0218615384615,0
2531.048553846154,2561.317,2077.0218615384615,2107.290307692308,0
2531.048553846154,2561.317,2107.290307692308,2137.558753846154,0
2531.048553846154,2561.317,2137.558753846154,2167.8272,0
2531.048553846154,2561.317,2167.8272,2198.0956461538462,0
2531.048553846154,2561.317,2198.0956461538462,2228.3640923076923,0
2531.048553846154,2561.317,2228.3640923076923,2258.632538461539,0
2531.048553846154,2561.317,2258.632538461539,2288.900984615385,0
2531.048553846154,2561.317,2288.900984615385,2319.169430769231,0
2531.048553846154,2561.317,2319.169430769231,2349.437876923077,0
2531.048553846154,2561.317,2349.437876923077,2379.706323076923,0
2531.048553846154,2561.317,2379.706323076923,2409.974769230769,0
2531.048553846154,2561.317,2409.974769230769,2440.2432153846157,0
2531.048553846154,2561.317,2440.2432153846157,2470.511661538462,0
2531.048553846154,2561.317,2470.511661538462,2500.780107692308,0
2531.048553846154,2561.317,2500.780107692308,2531.048553846154,0
2531.048553846154,2561.317,2531.048553846154,2561.317,0
