hylak_id,lake_type_code,area_km2,hydrolakes_grand_id,name,hydrolakes_country,hydrolakes_continent,pour_lon,pour_lat,wb_id,dryup_key_source_v113,nearest_distance_km,nearest_area_ratio,adjudication_v117
4,3,23923.04,709,Winnipeg,Canada,North America,-97.863542,53.696359,1607.0,grand_id_authoritative,,,remove_authoritative_duplicate
7,3,19347.36,1485,Ontario,United States of America,North America,-75.794246,44.480557,1293.0,grand_id_authoritative,,,remove_authoritative_duplicate
11,3,31967.85,5058,Baikal,Russia,Europe,104.321875,52.234393,9900.0,grand_id_authoritative,,,remove_authoritative_duplicate
16,3,67166.22,4492,Victoria,Uganda,Africa,33.193791,0.430999,12226.0,grand_id_authoritative,,,remove_authoritative_duplicate
37,3,2307.45,702,Southern Indian,Canada,North America,-98.132949,57.361625,1369.0,grand_id_authoritative,,,remove_authoritative_duplicate
38,3,5435.48,706,Reindeer,Canada,North America,-103.149606,56.234185,1706.0,grand_id_authoritative,,,remove_authoritative_duplicate
55,3,1795.64,2005,Manicouagan Reservoir,Canada,North America,-68.728125,50.649075,1309.0,grand_id_authoritative,,,remove_authoritative_duplicate
56,3,1248.75,714,Seul,Canada,North America,-93.200208,50.63859,18797.0,grand_id_authoritative,,,remove_authoritative_duplicate
58,3,4505.95,1402,Nipigon,Canada,North America,-88.309371,49.307873,1374.0,grand_id_authoritative,,,remove_authoritative_duplicate
59,3,1112.79,2021,Saint-Jean,Canada,North America,-71.635571,48.578105,1400.0,grand_id_authoritative,,,remove_authoritative_duplicate
69,3,1418.77,1957,Okeechobee,United States of America,North America,-81.100806,26.941122,15798.0,grand_id_authoritative,,,remove_authoritative_duplicate
94,3,1063.61,4350,Imandra,Russia,Europe,32.555208,67.411458,9909.0,grand_id_authoritative,,,remove_authoritative_duplicate
99,3,4422.19,3733,Saimaa,Finland,Europe,28.78125,61.227083,6282.0,grand_id_authoritative,,,remove_authoritative_duplicate
100,3,9961.85,4356,Onega,Russia,Europe,34.161458,60.919873,9912.0,grand_id_authoritative,,,remove_authoritative_duplicate
104,1,1888.04,0,Vattern,Sweden,Europe,15.039006,58.532267,,,,,restore_no_duplicate_evidence
105,3,5486.23,3187,Vanern,Sweden,Europe,12.368581,58.368979,11534.0,grand_id_authoritative,,,remove_authoritative_duplicate
117,3,1962.7,6819,Ijsselmeer,Netherlands,Europe,5.647917,52.614583,20650.0,grand_id_authoritative,,,remove_authoritative_duplicate
122,3,4193.6,4787,Zaysan,Kazakhstan,Asia,83.34758,49.655849,8805.0,grand_id_authoritative,,,remove_authoritative_duplicate
144,3,1698.86,4472,Buhayrat ath Tharthar,Iraq,Asia,43.460376,33.689627,19577.0,grand_id_authoritative,,,remove_authoritative_duplicate
448,3,124.65,701,,Canada,North America,-96.991457,58.282178,18796.0,grand_id_authoritative,,,remove_authoritative_duplicate
462,1,693.35,0,Notigi Reservoir,Canada,North America,-99.049423,56.668189,,,,,restore_no_duplicate_evidence
564,1,174.68,0,Kiskitto,Canada,North America,-98.31875,54.330592,,,,,restore_no_duplicate_evidence
670,3,214.45,719,Umfreville,Canada,North America,-94.976042,50.264983,1598.0,grand_id_authoritative,,,remove_authoritative_duplicate
696,3,421.55,279,Kootenay,Canada,North America,-117.465095,49.46878,1288.0,grand_id_authoritative,,,remove_authoritative_duplicate
702,3,496.96,2350,Grand,Canada,North America,-57.261458,49.196212,1662.0,grand_id_authoritative,,,remove_authoritative_duplicate
707,3,946.77,1405,Abitibi,Canada,North America,-80.577553,48.748146,1627.0,grand_id_authoritative,,,remove_authoritative_duplicate
710,3,826.48,731,Rainy,Canada,North America,-93.35603,48.618953,18422.0,grand_id_authoritative,,,remove_authoritative_duplicate
713,1,209.17,0,,United States of America,North America,-92.665771,48.496733,,,,,restore_no_duplicate_evidence
733,3,328.99,1413,Quinze,Canada,North America,-79.239354,47.556366,1311.0,grand_id_authoritative,,,remove_authoritative_duplicate
734,1,183.13,0,Kempt,Canada,North America,-74.185417,47.534702,,,,,restore_no_duplicate_evidence
740,1,261.55,0,,Canada,North America,-79.273022,47.042561,,,,,restore_no_duplicate_evidence
753,1,153.09,0,,Canada,North America,-73.957914,45.406614,,,,,restore_no_duplicate_evidence
762,3,645.53,1493,Winnebago,United States of America,North America,-88.45459,44.185016,18996.0,grand_id_authoritative,,,remove_authoritative_duplicate
770,3,206.85,1517,Oneida Lake,United States of America,North America,-76.204489,43.270696,19007.0,grand_id_authoritative,,,remove_authoritative_duplicate
773,3,173.58,1532,Seneca Lake,United States of America,North America,-76.863764,42.901566,15972.0,grand_id_authoritative,,,remove_authoritative_duplicate
792,3,495.62,170,Tahoe,United States of America,North America,-120.141773,39.160972,14676.0,grand_id_authoritative,,,remove_authoritative_duplicate
829,1,956.86,0,Salton,United States of America,North America,-115.835417,33.335417,,,,,restore_no_duplicate_evidence
1032,3,201.45,4348,,Russia,Europe,35.569444,68.82156,19558.0,grand_id_authoritative,,,remove_authoritative_duplicate
1052,3,258.33,3692,Akkajaure,Sweden,Europe,18.169458,67.523904,11492.0,grand_id_authoritative,,,remove_authoritative_duplicate
1057,3,220.73,3696,Stora Lulevatten,Sweden,Europe,19.806813,66.958163,11519.0,grand_id_authoritative,,,remove_authoritative_duplicate
1060,3,636.71,4351,Paduskoye More,Russia,Europe,32.328125,66.782405,9917.0,grand_id_authoritative,,,remove_authoritative_duplicate
1061,3,121.65,3699,Parkijaure,Sweden,Europe,19.197651,66.739589,11582.0,grand_id_authoritative,,,remove_authoritative_duplicate
1065,3,226.21,3706,Kemijarvi,Finland,Europe,27.344334,66.423236,6254.0,grand_id_authoritative,,,remove_authoritative_duplicate
1074,1,217.32,0,Rossvatnet,Norway,Europe,13.794422,65.857417,,,,,restore_no_duplicate_evidence
1079,3,199.93,3714,,Sweden,Europe,18.163188,65.59066,11584.0,grand_id_authoritative,,,remove_authoritative_duplicate
1089,3,889.77,3723,Oulu,Finland,Europe,26.823958,64.539583,6251.0,grand_id_authoritative,,,remove_authoritative_duplicate
1104,3,488.65,3071,Storsjon,Sweden,Europe,14.466914,63.304385,11482.0,grand_id_authoritative,,,remove_authoritative_duplicate
1111,3,283.48,3727,Hoytiainen,Finland,Europe,29.48232,62.825155,6269.0,grand_id_authoritative,,,remove_authoritative_duplicate
1112,3,182.25,4355,Koitere,Finland,Europe,30.52929,62.807968,6248.0,grand_id_authoritative,,,remove_authoritative_duplicate
1113,3,937.09,4354,Pielinen,Finland,Europe,30.1773,62.803703,6252.0,grand_id_authoritative,,,remove_authoritative_duplicate
1152,3,364.81,3117,Mjosa,Norway,Europe,11.228125,60.398879,19280.0,grand_id_authoritative,,,remove_authoritative_duplicate
1163,3,959.75,4359,Ilmen,Russia,Europe,31.281179,58.455806,9921.0,grand_id_authoritative,,,remove_authoritative_duplicate
1199,3,113.87,2623,Lough Derg,Ireland,Europe,-8.477214,52.762213,8268.0,grand_id_authoritative,,,remove_authoritative_duplicate
1206,3,125.26,6822,,Netherlands,Europe,4.139583,51.700915,9307.0,grand_id_authoritative,,,remove_authoritative_duplicate
1209,3,327.92,6823,,Netherlands,Europe,3.901042,51.63044,9306.0,grand_id_authoritative,,,remove_authoritative_duplicate
1274,1,145.18,0,Como,Italy,Europe,9.429321,45.791443,,,,,restore_no_duplicate_evidence
1275,3,208.19,3395,Maggiore,Italy,Europe,8.682202,45.673459,8361.0,grand_id_authoritative,,,remove_authoritative_duplicate
1282,1,354.81,0,Garda,Italy,Europe,10.693437,45.448058,,,,,restore_no_duplicate_evidence
1361,3,168.26,6453,Kasumigaura,Japan,Asia,140.509415,35.960234,20508.0,grand_id_authoritative,,,remove_authoritative_duplicate
1381,3,673.48,6528,Biwa,Japan,Asia,135.9061,34.981908,20554.0,grand_id_authoritative,,,remove_authoritative_duplicate
1473,3,566.97,5087,Yamdrok,China,Asia,90.378566,29.09513,19801.0,grand_id_authoritative,,,remove_authoritative_duplicate
1503,1,310.88,0,,India,Asia,85.030208,21.278604,,,,,restore_no_duplicate_evidence
1547,1,187.44,0,,Vietnam,Asia,106.344792,11.323945,,,,,restore_no_duplicate_evidence
1688,1,151.0,0,Minindee,Australia,Oceania,142.368611,-32.385168,,,,,restore_no_duplicate_evidence
1701,3,230.06,6699,Pedder,Australia,Oceania,146.008172,-42.799236,512.0,grand_id_authoritative,,,remove_authoritative_duplicate
1703,3,175.81,6797,Pukaki,New Zealand,Oceania,170.14683,-44.188092,20646.0,grand_id_authoritative,,,remove_authoritative_duplicate
1704,3,147.87,6800,Hawea,New Zealand,Oceania,169.252083,-44.608739,9322.0,grand_id_authoritative,,,remove_authoritative_duplicate
1707,3,332.56,6812,Te Anau,New Zealand,Oceania,167.686458,-45.438308,9312.0,grand_id_authoritative,,,remove_authoritative_duplicate
1708,3,132.46,6815,Manapouri,New Zealand,Oceania,167.605208,-45.564001,9348.0,grand_id_authoritative,,,remove_authoritative_duplicate
3615,3,98.11,2,,Canada,North America,-135.367048,63.774184,18717.0,grand_id_authoritative,,,remove_authoritative_duplicate
3718,1,10.1,0,,Canada,North America,-116.184375,63.440381,,,,,restore_no_duplicate_evidence
4286,1,13.44,0,,United States of America,North America,-149.142034,61.403964,,,,,restore_no_duplicate_evidence
5786,1,17.19,0,,Canada,North America,-101.753125,56.252251,,,,,restore_no_duplicate_evidence
5966,1,30.82,0,,Canada,North America,-116.597917,55.685182,,,,,restore_no_duplicate_evidence
6844,1,23.93,0,,Canada,North America,-64.540519,53.496974,,,,,restore_no_duplicate_evidence
7547,3,21.87,255,Lake Minnewanka,Canada,North America,-115.497678,51.246785,1581.0,grand_id_authoritative,,,remove_authoritative_duplicate
7625,1,67.95,0,,Canada,North America,-59.086947,50.977582,,,,,restore_no_duplicate_evidence
7728,3,24.94,21,Seton Lake,Canada,North America,-121.978395,50.669241,1692.0,grand_id_authoritative,,,remove_authoritative_duplicate
7729,1,16.21,0,,Canada,North America,-103.602888,50.664988,,,,,restore_no_duplicate_evidence
7762,1,28.62,0,,Canada,North America,-105.332416,50.569817,,,,,restore_no_duplicate_evidence
8069,1,21.56,0,,Canada,North America,-109.395683,49.481632,,,,,restore_no_duplicate_evidence
8122,1,52.85,0,,Canada,North America,-124.992338,49.326838,,,,,restore_no_duplicate_evidence
8148,1,22.8,0,,Canada,North America,-69.91159,49.219497,,,,,restore_no_duplicate_evidence
8219,3,22.54,291,Osoyoos Lake,United States of America,North America,-119.431149,48.952613,15160.0,grand_id_authoritative,,,remove_authoritative_duplicate
8228,1,21.5,0,,Canada,North America,-91.538172,48.9139,,,,,restore_no_duplicate_evidence
8251,1,24.34,0,,Canada,North America,-92.152057,48.79403,,,,,restore_no_duplicate_evidence
8258,1,45.76,0,,Canada,North America,-78.982425,48.757938,,,,,restore_no_duplicate_evidence
8278,3,60.87,1407,White Lake,Canada,North America,-85.737965,48.656327,1284.0,grand_id_authoritative,,,remove_authoritative_duplicate
8307,1,26.31,0,,United States of America,North America,-95.939452,48.489683,,,,,restore_no_duplicate_evidence
8320,1,10.46,0,,Canada,North America,-73.985857,48.436478,,,,,restore_no_duplicate_evidence
8342,1,18.77,0,,Canada,North America,-67.906639,48.325121,,,,,restore_no_duplicate_evidence
8375,1,10.08,0,,Canada,North America,-82.501288,48.179396,,,,,restore_no_duplicate_evidence
8380,3,18.66,2357,,Canada,North America,-57.33125,48.161963,1713.0,grand_id_authoritative,,,remove_authoritative_duplicate
8399,1,11.63,0,,United States of America,North America,-114.703125,48.094578,,,,,restore_no_duplicate_evidence
8433,1,22.41,0,,United States of America,North America,-91.764592,47.931117,,,,,restore_no_duplicate_evidence
8440,1,15.65,0,,Canada,North America,-72.252678,47.893946,,,,,restore_no_duplicate_evidence
8449,1,24.36,0,,Canada,North America,-75.63411,47.83415,,,,,restore_no_duplicate_evidence
8460,1,39.27,0,,Canada,North America,-73.895574,47.7554,,,,,restore_no_duplicate_evidence
8487,1,65.48,0,,Canada,North America,-68.643789,47.573031,,,,,restore_no_duplicate_evidence
8491,1,12.44,0,,Canada,North America,-71.221919,47.536252,,,,,restore_no_duplicate_evidence
8511,1,23.94,0,,Canada,North America,-72.694792,47.382003,,,,,restore_no_duplicate_evidence
8513,1,13.4,0,,Canada,North America,-73.027923,47.378186,,,,,restore_no_duplicate_evidence
8583,1,22.77,0,,Canada,North America,-72.654887,46.974558,,,,,restore_no_duplicate_evidence
8603,1,11.27,0,,Canada,North America,-71.635059,46.86915,,,,,restore_no_duplicate_evidence
8681,1,10.59,0,,Canada,North America,-76.633869,46.361255,,,,,restore_no_duplicate_evidence
8683,1,10.13,0,,Canada,North America,-73.386401,46.335183,,,,,restore_no_duplicate_evidence
8685,1,13.88,0,,Canada,North America,-74.207669,46.325642,,,,,restore_no_duplicate_evidence
8687,1,13.55,0,,Canada,North America,-74.128342,46.317207,,,,,restore_no_duplicate_evidence
8740,1,13.97,0,,United States of America,North America,-89.169792,46.023904,,,,,restore_no_duplicate_evidence
8754,1,14.24,0,,United States of America,North America,-122.555208,45.957939,,,,,restore_no_duplicate_evidence
8759,1,48.95,0,,Canada,North America,-71.277987,45.945431,,,,,restore_no_duplicate_evidence
8769,1,31.59,0,,Canada,North America,-75.091137,45.890856,,,,,restore_no_duplicate_evidence
8777,1,11.32,0,,United States of America,North America,-89.54362,45.835496,,,,,restore_no_duplicate_evidence
8779,1,20.93,0,,Canada,North America,-75.928688,45.812113,,,,,restore_no_duplicate_evidence
8785,1,32.03,0,,Canada,North America,-71.404975,45.76061,,,,,restore_no_duplicate_evidence
8823,1,11.56,0,,Canada,North America,-74.385613,45.568952,,,,,restore_no_duplicate_evidence
8854,1,13.82,0,,Canada,North America,-74.067708,45.296713,,,,,restore_no_duplicate_evidence
8855,1,14.68,0,,Canada,North America,-72.51066,45.284812,,,,,restore_no_duplicate_evidence
8861,1,90.68,0,Memphremegog,Canada,North America,-72.161856,45.264583,,,,,restore_no_duplicate_evidence
8939,1,24.8,0,,United States of America,North America,-88.563811,44.794652,,,,,restore_no_duplicate_evidence
8959,1,11.68,0,,United States of America,North America,-68.445541,44.628632,,,,,restore_no_duplicate_evidence
8962,1,25.11,0,,United States of America,North America,-111.373942,44.609879,,,,,restore_no_duplicate_evidence
8971,1,15.55,0,,Canada,North America,-78.207627,44.557116,,,,,restore_no_duplicate_evidence
8977,1,12.6,0,,Canada,North America,-65.514583,44.526643,,,,,restore_no_duplicate_evidence
8998,1,10.57,0,,United States of America,North America,-116.616996,44.357854,,,,,restore_no_duplicate_evidence
9085,3,16.96,2163,Saratoga Lake,United States of America,North America,-73.637262,43.10107,19108.0,grand_id_authoritative,,,remove_authoritative_duplicate
9236,1,10.19,0,,United States of America,North America,-96.506407,38.681558,,,,,restore_no_duplicate_evidence
9239,1,90.94,0,Carlyle Lake,United States of America,North America,-89.351042,38.619659,,,,,restore_no_duplicate_evidence
9283,1,12.95,0,,United States of America,North America,-95.784375,37.275768,,,,,restore_no_duplicate_evidence
9293,1,10.83,0,,United States of America,North America,-96.082598,36.9327,,,,,restore_no_duplicate_evidence
9307,1,14.14,0,,United States of America,North America,-79.040825,36.505972,,,,,restore_no_duplicate_evidence
9309,1,15.73,0,,United States of America,North America,-77.673913,36.480541,,,,,restore_no_duplicate_evidence
9320,1,36.72,0,,United States of America,North America,-85.944923,36.293371,,,,,restore_no_duplicate_evidence
9361,1,31.05,0,,United States of America,North America,-86.278125,35.198705,,,,,restore_no_duplicate_evidence
9376,1,57.99,0,,United States of America,North America,-87.6227,34.797917,,,,,restore_no_duplicate_evidence
9382,1,53.08,0,,United States of America,North America,-95.352083,34.63125,,,,,restore_no_duplicate_evidence
9386,1,18.68,0,,United States of America,North America,-96.085435,34.447937,,,,,restore_no_duplicate_evidence
9397,1,11.18,0,,United States of America,North America,-113.597,34.236857,,,,,restore_no_duplicate_evidence
9409,1,19.84,0,,United States of America,North America,-97.064583,34.032231,,,,,restore_no_duplicate_evidence
9410,1,97.83,0,Richard B. Russell Lake,United States of America,North America,-82.602073,34.027107,,,,,restore_no_duplicate_evidence
9415,1,31.18,0,,United States of America,North America,-112.273958,33.849064,,,,,restore_no_duplicate_evidence
9595,3,31.24,1922,Lake Eustis,United States of America,North America,-81.780208,28.868275,18458.0,grand_id_authoritative,,,remove_authoritative_duplicate
9647,1,16.66,0,,Mexico,North America,-108.327533,26.10625,,,,,restore_no_duplicate_evidence
9685,1,10.02,0,,Cuba,North America,-82.076894,22.956562,,,,,restore_no_duplicate_evidence
9690,1,59.3,0,,Cuba,North America,-80.123328,22.743756,,,,,restore_no_duplicate_evidence
9691,1,66.78,0,,Mexico,North America,-98.691457,22.614583,,,,,restore_no_duplicate_evidence
9694,1,13.36,0,,Cuba,North America,-79.789931,22.429898,,,,,restore_no_duplicate_evidence
9710,1,14.39,0,,Cuba,North America,-80.067389,22.092589,,,,,restore_no_duplicate_evidence
9724,1,29.27,0,,Cuba,North America,-76.725159,20.571114,,,,,restore_no_duplicate_evidence
9726,1,24.0,0,,Cuba,North America,-75.979989,20.396625,,,,,restore_no_duplicate_evidence
9728,1,11.35,0,,Cuba,North America,-76.234739,20.2757,,,,,restore_no_duplicate_evidence
9752,1,11.33,0,,Haiti,North America,-72.037895,18.901016,,,,,restore_no_duplicate_evidence
9809,3,79.01,1962,Yojoa,Honduras,North America,-88.026042,14.929723,6988.0,grand_id_authoritative,,,remove_authoritative_duplicate
9814,1,36.29,0,,El Salvador,North America,-89.478222,14.245108,,,,,restore_no_duplicate_evidence
10215,1,29.51,0,,Peru,South America,-71.007292,-13.90045,,,,,restore_no_duplicate_evidence
10236,1,17.81,0,,Brazil,South America,-41.190625,-14.63221,,,,,restore_no_duplicate_evidence
10251,1,13.52,0,,Peru,South America,-71.067748,-15.417827,,,,,restore_no_duplicate_evidence
10288,1,43.82,0,,Peru,South America,-70.225655,-16.72437,,,,,restore_no_duplicate_evidence
10449,1,10.53,0,,Argentina,South America,-69.066029,-30.189583,,,,,restore_no_duplicate_evidence
10497,1,13.76,0,,Chile,South America,-71.175764,-34.095715,,,,,restore_no_duplicate_evidence
10545,1,64.93,0,Laj,Chile,South America,-71.373958,-37.375988,,,,,restore_no_duplicate_evidence
10555,1,16.3,0,,Argentina,South America,-61.758893,-38.425758,,,,,restore_no_duplicate_evidence
11194,3,11.91,3685,,Norway,Europe,21.067146,69.345935,9509.0,grand_id_authoritative,,,remove_authoritative_duplicate
11589,1,13.69,0,,Finland,Europe,26.77295,67.71511,,,,,restore_no_duplicate_evidence
11616,3,81.71,3693,Satisjaure,Sweden,Europe,18.462997,67.504076,11606.0,grand_id_authoritative,,,remove_authoritative_duplicate
11663,3,92.02,3695,,Sweden,Europe,18.568644,66.978115,11485.0,grand_id_authoritative,,,remove_authoritative_duplicate
11693,3,21.05,3700,,Sweden,Europe,20.339583,66.690065,11531.0,grand_id_authoritative,,,remove_authoritative_duplicate
11697,3,51.34,3701,Randijaure,Sweden,Europe,19.401701,66.66061,11488.0,grand_id_authoritative,,,remove_authoritative_duplicate
11700,3,28.25,3702,,Sweden,Europe,19.822072,66.643418,11537.0,grand_id_authoritative,,,remove_authoritative_duplicate
11719,3,15.81,3703,,Sweden,Europe,20.35625,66.499205,11585.0,grand_id_authoritative,,,remove_authoritative_duplicate
11745,1,26.25,0,,Norway,Europe,14.258484,66.379498,,,,,restore_no_duplicate_evidence
11868,3,47.15,3715,,Sweden,Europe,15.627083,65.511504,11559.0,grand_id_authoritative,,,remove_authoritative_duplicate
11882,3,37.94,3717,Bastuselet,Sweden,Europe,18.616872,65.43776,19393.0,grand_id_authoritative,,,remove_authoritative_duplicate
11920,3,39.34,3060,,Norway,Europe,13.536645,65.008925,9430.0,grand_id_authoritative,,,remove_authoritative_duplicate
11925,1,12.3,0,,Sweden,Europe,17.567708,64.963194,,,,,restore_no_duplicate_evidence
11955,3,40.05,3062,Stor Blasjon,Sweden,Europe,14.195439,64.707673,19273.0,grand_id_authoritative,,,remove_authoritative_duplicate
11969,3,43.99,3063,Jormvattnet,Sweden,Europe,14.119028,64.566485,19274.0,grand_id_authoritative,,,remove_authoritative_duplicate
11971,1,21.64,0,,Sweden,Europe,16.703125,64.556987,,,,,restore_no_duplicate_evidence
11976,3,65.52,3064,Kvarnbergsvattnet,Sweden,Europe,14.141058,64.508061,19275.0,grand_id_authoritative,,,remove_authoritative_duplicate
12040,1,81.58,0,Thingvallavain,Iceland,Europe,-21.029619,64.133166,,,,,restore_no_duplicate_evidence
12126,1,16.93,0,,Sweden,Europe,16.105402,63.604285,,,,,restore_no_duplicate_evidence
12174,1,16.15,0,,Sweden,Europe,13.521508,63.33022,,,,,restore_no_duplicate_evidence
12178,1,26.86,0,,Sweden,Europe,15.105181,63.284477,,,,,restore_no_duplicate_evidence
12194,1,29.56,0,,Sweden,Europe,16.04375,63.139729,,,,,restore_no_duplicate_evidence
12213,3,65.51,3073,Nesjoen,Norway,Europe,11.832014,62.99696,9387.0,grand_id_authoritative,,,remove_authoritative_duplicate
12331,1,16.18,0,,Sweden,Europe,16.862885,62.375231,,,,,restore_no_duplicate_evidence
12420,1,17.53,0,,Sweden,Europe,13.504866,62.041316,,,,,restore_no_duplicate_evidence
12614,1,61.51,0,,Finland,Europe,26.548958,60.990563,,,,,restore_no_duplicate_evidence
12705,1,16.82,0,,Sweden,Europe,17.414659,60.530785,,,,,restore_no_duplicate_evidence
12767,1,12.69,0,,Sweden,Europe,16.435762,60.171169,,,,,restore_no_duplicate_evidence
12776,1,42.75,0,,Norway,Europe,9.78114,60.12324,,,,,restore_no_duplicate_evidence
12813,3,77.99,3135,,Norway,Europe,8.31744,59.822112,9481.0,grand_id_authoritative,,,remove_authoritative_duplicate
12842,3,70.23,3150,Lake Oyeren,Norway,Europe,11.156462,59.639707,19287.0,grand_id_authoritative,,,remove_authoritative_duplicate
12849,3,46.38,3153,Fryken,Sweden,Europe,13.310462,59.614663,11551.0,grand_id_authoritative,,,remove_authoritative_duplicate
12878,3,27.13,3160,Blasjo,Norway,Europe,6.745492,59.374638,19292.0,grand_id_authoritative,,,remove_authoritative_duplicate
12887,3,55.26,3162,Blasjo,Norway,Europe,6.942708,59.303513,9518.0,grand_id_authoritative,,,remove_authoritative_duplicate
12926,3,30.75,3175,Toke,Norway,Europe,9.309236,58.96771,9521.0,grand_id_authoritative,,,remove_authoritative_duplicate
12930,1,16.39,0,,Sweden,Europe,12.289083,58.931514,,,,,restore_no_duplicate_evidence
12956,1,11.32,0,,Norway,Europe,8.685417,58.630586,,,,,restore_no_duplicate_evidence
13326,1,13.13,0,,Poland,Europe,18.047953,54.793576,,,,,restore_no_duplicate_evidence
13369,1,98.32,0,Erne,United Kingdom,Europe,-8.029832,54.47335,,,,,restore_no_duplicate_evidence
13490,3,21.41,6818,,Netherlands,Europe,6.179553,53.412617,9308.0,grand_id_authoritative,,,remove_authoritative_duplicate
13536,1,23.72,0,,Poland,Europe,23.749619,52.939906,,,,,restore_no_duplicate_evidence
13658,3,81.06,6821,,Netherlands,Europe,4.139583,51.821373,9309.0,grand_id_authoritative,,,remove_authoritative_duplicate
13674,3,22.31,6824,,Netherlands,Europe,3.809375,51.548296,20651.0,grand_id_authoritative,,,remove_authoritative_duplicate
13932,3,27.54,6817,,France,Europe,-1.96875,48.539583,20649.0,grand_id_authoritative,,,remove_authoritative_duplicate
13971,3,23.39,3283,Traunsee,Austria,Europe,13.800281,47.916841,547.0,grand_id_authoritative,,,remove_authoritative_duplicate
14185,1,58.67,0,Iseo,Italy,Europe,9.960817,45.664069,,,,,restore_no_duplicate_evidence
14278,1,13.28,0,,Bosnia and Herzegovina,Europe,18.50993,44.509082,,,,,restore_no_duplicate_evidence
14414,1,11.03,0,,Georgia,Asia,43.078125,42.434597,,,,,restore_no_duplicate_evidence
14422,1,10.22,0,,Georgia,Asia,42.939461,42.285571,,,,,restore_no_duplicate_evidence
14444,1,23.11,0,,China,Asia,82.43462,41.739553,,,,,restore_no_duplicate_evidence
14460,1,13.87,0,,Turkey,Asia,35.84375,41.459904,,,,,restore_no_duplicate_evidence
14478,1,53.42,0,,Greece,Europe,23.226044,41.140805,,,,,restore_no_duplicate_evidence
14498,1,17.17,0,,Azerbaijan,Asia,46.280913,40.91875,,,,,restore_no_duplicate_evidence
14542,1,15.15,0,,Turkey,Asia,32.380208,40.390376,,,,,restore_no_duplicate_evidence
14582,1,11.99,0,,China,Asia,118.294627,39.744002,,,,,restore_no_duplicate_evidence
14587,3,19.43,4016,Ioannina,Greece,Europe,20.841189,39.687658,6976.0,grand_id_authoritative,,,remove_authoritative_duplicate
14684,1,10.28,0,,North Korea,Asia,125.924448,38.43796,,,,,restore_no_duplicate_evidence
14755,1,20.16,0,,Iran,Asia,54.582166,37.380046,,,,,restore_no_duplicate_evidence
14769,3,87.17,3542,Ichkeul,Tunisia,Africa,9.755616,37.167722,19314.0,grand_id_authoritative,,,remove_authoritative_duplicate
14802,1,51.17,0,,Turkey,Asia,28.632835,36.856235,,,,,restore_no_duplicate_evidence
14811,3,11.82,6399,Chuzenjiko,Japan,Asia,139.496224,36.738498,20470.0,grand_id_authoritative,,,remove_authoritative_duplicate
14825,1,19.27,0,,China,Asia,119.121752,36.413267,,,,,restore_no_duplicate_evidence
14887,1,13.72,0,,Morocco,Africa,-5.83383,35.532006,,,,,restore_no_duplicate_evidence
15066,1,10.38,0,,China,Asia,118.565988,32.933522,,,,,restore_no_duplicate_evidence
15090,1,12.84,0,,China,Asia,118.7045,32.674742,,,,,restore_no_duplicate_evidence
15107,1,11.1,0,,China,Asia,118.238384,32.421832,,,,,restore_no_duplicate_evidence
15153,1,11.17,0,,Iran,Asia,50.926803,31.922364,,,,,restore_no_duplicate_evidence
15322,1,22.83,0,,China,Asia,116.73999,30.033969,,,,,restore_no_duplicate_evidence
15523,1,14.78,0,,India,Asia,72.856279,24.006562,,,,,restore_no_duplicate_evidence
15553,1,18.06,0,,India,Asia,73.71898,23.052056,,,,,restore_no_duplicate_evidence
15601,1,26.34,0,,Myanmar,Asia,96.874461,21.56464,,,,,restore_no_duplicate_evidence
15602,1,19.91,0,,Vietnam,Asia,105.730276,21.557426,,,,,restore_no_duplicate_evidence
15603,1,17.55,0,,India,Asia,79.191121,21.461916,,,,,restore_no_duplicate_evidence
15612,1,27.42,0,,India,Asia,80.45625,21.060417,,,,,restore_no_duplicate_evidence
15613,1,19.08,0,,India,Asia,80.988193,20.831161,,,,,restore_no_duplicate_evidence
15618,1,12.6,0,,India,Asia,79.11875,20.723216,,,,,restore_no_duplicate_evidence
15628,1,13.33,0,,India,Asia,73.779405,20.291448,,,,,restore_no_duplicate_evidence
15641,1,13.63,0,,India,Asia,73.257369,19.556989,,,,,restore_no_duplicate_evidence
15642,1,14.48,0,,India,Asia,73.420364,19.511618,,,,,restore_no_duplicate_evidence
15643,1,11.62,0,,China,Asia,110.335417,19.49375,,,,,restore_no_duplicate_evidence
15648,1,11.39,0,,India,Asia,73.336996,19.19088,,,,,restore_no_duplicate_evidence
15661,1,10.12,0,,India,Asia,73.479421,18.807107,,,,,restore_no_duplicate_evidence
15664,1,18.09,0,,India,Asia,73.496155,18.675487,,,,,restore_no_duplicate_evidence
15674,1,10.2,0,,India,Asia,81.943591,18.364911,,,,,restore_no_duplicate_evidence
15688,1,14.62,0,,India,Asia,73.913984,17.735499,,,,,restore_no_duplicate_evidence
15702,3,73.22,5147,Nong Han Lake,Thailand,Asia,104.262951,17.148796,19840.0,grand_id_authoritative,,,remove_authoritative_duplicate
15703,1,23.73,0,,India,Asia,73.86403,17.141136,,,,,restore_no_duplicate_evidence
15728,3,44.19,5153,Bueng Boraphet,Thailand,Asia,100.16217,15.703079,19844.0,grand_id_authoritative,,,remove_authoritative_duplicate
15732,1,29.4,0,,Vietnam,Asia,108.485452,15.505563,,,,,restore_no_duplicate_evidence
15738,1,14.33,0,,India,Asia,74.180788,15.210023,,,,,restore_no_duplicate_evidence
15744,1,12.31,0,,India,Asia,78.338745,14.843953,,,,,restore_no_duplicate_evidence
15751,1,24.17,0,,India,Asia,79.621452,14.335417,,,,,restore_no_duplicate_evidence
15764,1,26.34,0,,Vietnam,Asia,108.257776,13.582555,,,,,restore_no_duplicate_evidence
15800,1,19.54,0,,India,Asia,78.851623,12.183137,,,,,restore_no_duplicate_evidence
15827,3,91.6,4484,Yardi,Ethiopia,Africa,40.541843,10.233156,19581.0,grand_id_authoritative,,,remove_authoritative_duplicate
15828,1,26.07,0,,India,Asia,76.705422,10.223441,,,,,restore_no_duplicate_evidence
15847,1,10.2,0,,Sri Lanka,Asia,80.339719,9.085417,,,,,restore_no_duplicate_evidence
15853,1,22.65,0,,Sri Lanka,Asia,80.751042,8.81875,,,,,restore_no_duplicate_evidence
15854,1,10.32,0,,Sri Lanka,Asia,80.540625,8.392684,,,,,restore_no_duplicate_evidence
15859,1,16.0,0,,Sri Lanka,Asia,80.224299,8.143736,,,,,restore_no_duplicate_evidence
15860,1,23.24,0,,Sri Lanka,Asia,80.930518,8.139722,,,,,restore_no_duplicate_evidence
15862,1,20.64,0,,Sri Lanka,Asia,80.536941,8.005777,,,,,restore_no_duplicate_evidence
15876,1,13.86,0,,Sri Lanka,Asia,81.05625,7.471674,,,,,restore_no_duplicate_evidence
15877,1,10.98,0,,Sri Lanka,Asia,81.608737,7.457378,,,,,restore_no_duplicate_evidence
15912,1,15.16,0,,Malaysia,Asia,100.653022,5.035081,,,,,restore_no_duplicate_evidence
15917,1,10.24,0,,Malaysia,Asia,103.447007,2.74794,,,,,restore_no_duplicate_evidence
15931,1,17.96,0,,Indonesia,Asia,104.101042,1.04446,,,,,restore_no_duplicate_evidence
15976,1,48.59,0,,Rwanda,Africa,29.758083,-1.475447,,,,,restore_no_duplicate_evidence
16202,1,23.13,0,,Australia,Oceania,145.302125,-16.781503,,,,,restore_no_duplicate_evidence
16282,1,20.29,0,,Zimbabwe,Africa,29.705208,-21.842721,,,,,restore_no_duplicate_evidence
16285,1,33.28,0,,France,Oceania,166.880224,-22.152935,,,,,restore_no_duplicate_evidence
16341,1,17.2,0,,South Africa,Africa,31.526042,-25.711991,,,,,restore_no_duplicate_evidence
16394,1,12.11,0,,South Africa,Africa,30.061588,-27.440192,,,,,restore_no_duplicate_evidence
16425,1,10.18,0,,South Africa,Africa,32.085417,-28.76875,,,,,restore_no_duplicate_evidence
16470,1,14.22,0,,South Africa,Africa,30.869854,-29.708864,,,,,restore_no_duplicate_evidence
16558,1,10.37,0,,Australia,Oceania,151.000883,-32.38373,,,,,restore_no_duplicate_evidence
16659,3,15.58,6783,Rotoaira,New Zealand,Oceania,175.746512,-39.063972,20638.0,grand_id_authoritative,,,remove_authoritative_duplicate
16665,1,51.67,0,,Australia,Oceania,146.919726,-42.029983,,,,,restore_no_duplicate_evidence
16669,1,36.61,0,,Australia,Oceania,145.619464,-42.161394,,,,,restore_no_duplicate_evidence
16678,3,94.19,6796,Tekapo,New Zealand,Oceania,170.481376,-44.004564,9345.0,grand_id_authoritative,,,remove_authoritative_duplicate
39789,1,1.24,0,,United States of America,North America,-148.388921,65.573292,,,,,restore_no_duplicate_evidence
47678,1,3.27,0,,Canada,North America,-135.881221,63.672976,,,,,restore_no_duplicate_evidence
58254,1,4.48,0,,Denmark,North America,-45.267708,60.780421,,,,,restore_no_duplicate_evidence
58557,1,1.45,0,,Canada,North America,-135.045305,60.697,,,,,restore_no_duplicate_evidence
59531,1,9.51,0,,United States of America,North America,-149.82189,60.431957,,,,,restore_no_duplicate_evidence
59572,1,5.2,0,,Canada,North America,-111.391804,60.420649,,,,,restore_no_duplicate_evidence
62352,1,9.93,0,,United States of America,North America,-150.847827,59.752022,,,,,restore_no_duplicate_evidence
62822,1,6.07,0,,Canada,North America,-109.056186,59.635418,1486.0,spatial_nearest_high_confidence,0.7383523178597838,1.0263406620011972,remove_spatial_high_confidence_reference
62852,1,9.52,0,,Canada,North America,-109.007292,59.628123,,,,,restore_no_duplicate_evidence
62907,1,1.03,0,,Canada,North America,-109.109375,59.613971,,,,,restore_no_duplicate_evidence
67715,1,1.02,0,,United States of America,North America,-134.126042,58.327888,,,,,restore_no_duplicate_evidence
78295,1,1.1,0,,United States of America,North America,-131.671276,55.431051,16149.0,spatial_nearest_high_confidence,0.48525950594054545,0.9819469152789856,remove_spatial_high_confidence_reference
85332,1,2.42,0,,Canada,North America,-129.730071,53.983826,,,,,restore_no_duplicate_evidence
91245,1,2.03,0,,Canada,North America,-121.757188,52.60055,1320.0,spatial_nearest_high_confidence,0.7290743919425617,1.0857698473632171,remove_spatial_high_confidence_reference
93878,1,1.44,0,,Canada,North America,-106.205208,51.92702,,,,,restore_no_duplicate_evidence
94213,1,3.75,0,,Canada,North America,-105.816163,51.821424,,,,,restore_no_duplicate_evidence
94313,1,1.17,0,,Canada,North America,-105.328125,51.790614,,,,,restore_no_duplicate_evidence
94343,1,1.46,0,,Canada,North America,-67.908743,51.783438,,,,,restore_no_duplicate_evidence
94935,1,2.34,0,,Canada,North America,-106.537946,51.612721,,,,,restore_no_duplicate_evidence
95459,1,3.59,0,,Canada,North America,-106.925407,51.465254,,,,,restore_no_duplicate_evidence
95540,1,2.97,0,,Canada,North America,-102.836765,51.444827,,,,,restore_no_duplicate_evidence
95570,1,4.78,0,,Canada,North America,-111.817373,51.436295,,,,,restore_no_duplicate_evidence
96743,1,1.95,0,,Canada,North America,-105.802083,51.06428,,,,,restore_no_duplicate_evidence
97132,1,1.48,0,,Canada,North America,-102.840697,50.947704,,,,,restore_no_duplicate_evidence
97771,1,5.89,0,,Canada,North America,-112.522836,50.752188,,,,,restore_no_duplicate_evidence
98013,1,2.85,0,,Canada,North America,-111.977591,50.680124,,,,,restore_no_duplicate_evidence
98021,1,1.64,0,,Canada,North America,-101.832292,50.677424,,,,,restore_no_duplicate_evidence
98949,1,1.29,0,,Canada,North America,-127.225944,50.390994,,,,,restore_no_duplicate_evidence
99446,1,2.02,0,,Canada,North America,-99.443973,50.212871,,,,,restore_no_duplicate_evidence
99721,1,2.21,0,,Canada,North America,-119.072851,50.106313,,,,,restore_no_duplicate_evidence
99768,1,1.39,0,,Canada,North America,-119.082292,50.084232,,,,,restore_no_duplicate_evidence
99817,1,6.08,0,,Canada,North America,-111.803927,50.062321,,,,,restore_no_duplicate_evidence
99907,1,6.42,0,,Canada,North America,-100.201013,50.027598,,,,,restore_no_duplicate_evidence
99938,1,1.38,0,,Canada,North America,-119.090408,50.014809,1466.0,spatial_nearest_high_confidence,0.7672609560594577,1.2117390083290764,remove_spatial_high_confidence_reference
100003,1,2.05,0,,Canada,North America,-105.004836,49.988625,,,,,restore_no_duplicate_evidence
100019,1,1.06,0,,Canada,North America,-110.993915,49.983793,,,,,restore_no_duplicate_evidence
100196,3,4.52,1400,Long Lake,Canada,North America,-86.48974,49.917032,1435.0,grand_id_authoritative,,,remove_authoritative_duplicate
100287,1,4.07,0,,Canada,North America,-70.926771,49.882222,,,,,restore_no_duplicate_evidence
100492,1,2.1,0,,Canada,North America,-109.681249,49.806064,1743.0,spatial_nearest_high_confidence,0.9292261790189362,1.0630519981922673,remove_spatial_high_confidence_reference
100591,1,1.7,0,,Canada,North America,-107.645162,49.77109,,,,,restore_no_duplicate_evidence
100635,1,3.93,0,,Canada,North America,-111.723191,49.755509,,,,,restore_no_duplicate_evidence
101072,1,2.09,0,,Canada,North America,-111.19451,49.550703,,,,,restore_no_duplicate_evidence
101408,1,2.93,0,,Canada,North America,-109.986542,49.402083,,,,,restore_no_duplicate_evidence
101491,1,1.57,0,,Canada,North America,-122.85915,49.363616,,,,,restore_no_duplicate_evidence
101551,1,5.51,0,,Canada,North America,-68.161599,49.334159,,,,,restore_no_duplicate_evidence
101796,1,2.52,0,,Canada,North America,-68.192985,49.237028,,,,,restore_no_duplicate_evidence
101899,1,2.73,0,,Canada,North America,-122.405782,49.197027,,,,,restore_no_duplicate_evidence
102332,1,9.85,0,,Canada,North America,-55.303213,49.029606,,,,,restore_no_duplicate_evidence
102741,1,2.81,0,,Canada,North America,-91.674078,48.824521,1339.0,spatial_nearest_high_confidence,0.9441244077816473,1.021790871226305,remove_spatial_high_confidence_reference
102757,1,1.29,0,,United States of America,North America,-119.524566,48.81493,,,,,restore_no_duplicate_evidence
102818,1,2.12,0,,Canada,North America,-91.547541,48.781291,1391.0,spatial_nearest_high_confidence,0.90114928300016,1.1297393074767657,remove_spatial_high_confidence_reference
102840,1,6.28,0,,Canada,North America,-91.668837,48.769508,,,,,restore_no_duplicate_evidence
102887,1,2.8,0,,Canada,North America,-92.283879,48.745162,,,,,restore_no_duplicate_evidence
102921,1,1.02,0,,United States of America,North America,-96.633622,48.722845,,,,,restore_no_duplicate_evidence
102956,1,1.29,0,,Canada,North America,-67.149128,48.701052,,,,,restore_no_duplicate_evidence
102971,1,1.56,0,,Canada,North America,-66.972108,48.691088,,,,,restore_no_duplicate_evidence
103002,1,1.05,0,,Canada,North America,-66.783936,48.678792,,,,,restore_no_duplicate_evidence
103044,1,1.52,0,,Canada,North America,-71.172917,48.660249,,,,,restore_no_duplicate_evidence
103056,1,2.9,0,,Canada,North America,-71.200806,48.65322,,,,,restore_no_duplicate_evidence
103082,1,3.59,0,,Canada,North America,-69.940852,48.640682,,,,,restore_no_duplicate_evidence
103474,1,2.12,0,,Canada,North America,-75.508865,48.417846,1649.0,spatial_nearest_high_confidence,0.6870502876088668,0.993469423787407,remove_spatial_high_confidence_reference
103973,1,2.71,0,,Canada,North America,-68.688466,48.208875,,,,,restore_no_duplicate_evidence
104066,1,6.48,0,,Canada,North America,-68.021836,48.176843,,,,,restore_no_duplicate_evidence
104340,1,8.45,0,,Canada,North America,-70.827925,48.056743,,,,,restore_no_duplicate_evidence
104379,1,1.39,0,,United States of America,North America,-106.027557,48.044905,,,,,restore_no_duplicate_evidence
104628,1,1.29,0,,United States of America,North America,-112.365378,47.921793,,,,,restore_no_duplicate_evidence
104655,1,2.84,0,,Canada,North America,-84.668467,47.905027,,,,,restore_no_duplicate_evidence
104709,1,1.68,0,,United States of America,North America,-112.319792,47.878836,14935.0,spatial_nearest_high_confidence,0.7687785867355204,1.2746142145274788,remove_spatial_high_confidence_reference
104950,1,1.09,0,,United States of America,North America,-99.920675,47.763244,,,,,restore_no_duplicate_evidence
105133,1,6.04,0,,Canada,North America,-69.51011,47.647641,,,,,restore_no_duplicate_evidence
105210,1,3.86,0,,Canada,North America,-70.988977,47.603374,,,,,restore_no_duplicate_evidence
105212,1,2.29,0,,United States of America,North America,-92.453125,47.600966,14844.0,spatial_nearest_high_confidence,0.6006645022552752,1.2373080794009743,remove_spatial_high_confidence_reference
105228,1,4.4,0,,Canada,North America,-79.291094,47.59182,,,,,restore_no_duplicate_evidence
105255,1,1.14,0,,United States of America,North America,-97.636882,47.575737,14598.0,spatial_nearest_high_confidence,0.866054772003418,0.9319798367006968,remove_spatial_high_confidence_reference
105322,1,1.92,0,,Canada,North America,-73.679966,47.537961,,,,,restore_no_duplicate_evidence
105443,1,2.38,0,,Canada,North America,-70.914005,47.467198,,,,,restore_no_duplicate_evidence
105457,1,1.19,0,,Canada,North America,-52.920145,47.462735,1439.0,spatial_nearest_high_confidence,0.8961817369294708,1.1345424077066395,remove_spatial_high_confidence_reference
105526,1,7.55,0,,Canada,North America,-71.055373,47.426942,,,,,restore_no_duplicate_evidence
105566,1,4.05,0,,Canada,North America,-72.906198,47.405962,,,,,restore_no_duplicate_evidence
105658,1,1.53,0,,United States of America,North America,-93.112704,47.353882,12867.0,spatial_nearest_high_confidence,0.8905076106239945,0.9437593543242924,remove_spatial_high_confidence_reference
105660,1,2.11,0,,Canada,North America,-71.279782,47.352514,,,,,restore_no_duplicate_evidence
105663,1,1.36,0,,United States of America,North America,-93.08945,47.351971,14474.0,spatial_nearest_high_confidence,0.4067081114553982,0.8524652795554869,remove_spatial_high_confidence_reference
105666,1,2.8,0,,United States of America,North America,-102.648784,47.348291,,,,,restore_no_duplicate_evidence
105677,1,1.51,0,,United States of America,North America,-92.556327,47.344492,,,,,restore_no_duplicate_evidence
105889,1,3.11,0,,Canada,North America,-84.582292,47.2407,,,,,restore_no_duplicate_evidence
105896,1,1.11,0,,Canada,North America,-71.250843,47.238838,,,,,restore_no_duplicate_evidence
105968,1,4.67,0,,Canada,North America,-73.815626,47.205948,,,,,restore_no_duplicate_evidence
106160,1,3.02,0,,Canada,North America,-52.927137,47.106375,,,,,restore_no_duplicate_evidence
106217,1,9.15,0,,Canada,North America,-73.256159,47.07699,,,,,restore_no_duplicate_evidence
106387,1,6.17,0,,Canada,North America,-73.473731,46.990438,,,,,restore_no_duplicate_evidence
106491,1,6.35,0,,United States of America,North America,-95.065809,46.945652,,,,,restore_no_duplicate_evidence
106531,1,1.28,0,,United States of America,North America,-96.152183,46.922722,16757.0,spatial_nearest_high_confidence,0.5016880253648293,1.115062139645395,remove_spatial_high_confidence_reference
106536,1,1.73,0,,United States of America,North America,-95.252025,46.920558,,,,,restore_no_duplicate_evidence
106567,1,1.55,0,,United States of America,North America,-108.472917,46.905421,15677.0,spatial_nearest_high_confidence,0.820937533774287,1.6061685805047659,remove_spatial_high_confidence_reference
106850,1,2.79,0,,United States of America,North America,-88.66236,46.723138,,,,,restore_no_duplicate_evidence
106895,1,1.31,0,,United States of America,North America,-67.894792,46.691083,15653.0,spatial_nearest_high_confidence,0.4756663033545764,1.4249806299123262,remove_spatial_high_confidence_reference
106938,1,1.7,0,,United States of America,North America,-92.402083,46.666314,17313.0,spatial_nearest_high_confidence,0.5582960130530931,1.2066361232960254,remove_spatial_high_confidence_reference
106986,1,1.06,0,,United States of America,North America,-111.880751,46.639618,16398.0,spatial_nearest_high_confidence,0.5262519619263942,0.6587791178174446,remove_spatial_high_confidence_reference
107122,1,3.44,0,,Canada,North America,-60.490893,46.549834,,,,,restore_no_duplicate_evidence
107163,1,3.71,0,,Canada,North America,-80.705975,46.522876,,,,,restore_no_duplicate_evidence
107174,1,2.27,0,,Canada,North America,-60.64375,46.51875,1507.0,spatial_nearest_high_confidence,0.9250435973726147,0.9283445304680265,remove_spatial_high_confidence_reference
107300,1,6.94,0,,Canada,North America,-77.210716,46.441998,,,,,restore_no_duplicate_evidence
107347,1,3.2,0,,Canada,North America,-77.990733,46.416351,,,,,restore_no_duplicate_evidence
107402,1,1.25,0,,United States of America,North America,-96.00861,46.388251,,,,,restore_no_duplicate_evidence
107412,1,7.66,0,,Canada,North America,-77.194928,46.380978,,,,,restore_no_duplicate_evidence
107512,1,1.6,0,,Canada,North America,-74.508599,46.319234,,,,,restore_no_duplicate_evidence
107522,1,2.91,0,,United States of America,North America,-94.486526,46.314848,,,,,restore_no_duplicate_evidence
107551,1,1.32,0,,United States of America,North America,-98.270455,46.299455,,,,,restore_no_duplicate_evidence
107690,1,2.35,0,,United States of America,North America,-96.176961,46.218549,,,,,restore_no_duplicate_evidence
107745,1,2.19,0,,United States of America,North America,-90.895108,46.18674,15789.0,spatial_nearest_high_confidence,0.8896089868760152,1.2264975609827087,remove_spatial_high_confidence_reference
107905,1,5.39,0,,Canada,North America,-76.751243,46.117008,,,,,restore_no_duplicate_evidence
107963,1,2.67,0,,Canada,North America,-74.280632,46.081615,,,,,restore_no_duplicate_evidence
107976,1,1.98,0,,Canada,North America,-76.877792,46.074306,,,,,restore_no_duplicate_evidence
107977,1,8.96,0,,United States of America,North America,-112.262349,46.073543,,,,,restore_no_duplicate_evidence
107990,1,1.53,0,,United States of America,North America,-96.937193,46.068748,18451.0,spatial_nearest_high_confidence,0.7209019012632735,0.9282722314915532,remove_spatial_high_confidence_reference
108008,1,2.42,0,,United States of America,North America,-87.8565,46.060588,12954.0,spatial_nearest_high_confidence,0.6883962446747389,1.0674321317989026,remove_spatial_high_confidence_reference
108043,1,1.48,0,,Canada,North America,-73.732176,46.045367,,,,,restore_no_duplicate_evidence
108060,1,1.0,0,,United States of America,North America,-109.829519,46.034337,12974.0,spatial_nearest_high_confidence,0.6765008135415123,0.9228777416018886,remove_spatial_high_confidence_reference
108106,1,1.31,0,,United States of America,North America,-70.193277,46.009578,,,,,restore_no_duplicate_evidence
108113,1,1.42,0,,United States of America,North America,-109.83852,46.004797,15048.0,spatial_nearest_high_confidence,0.88014953449896,0.7677925254676435,remove_spatial_high_confidence_reference
108155,1,4.2,0,,United States of America,North America,-87.680172,45.975819,,,,,restore_no_duplicate_evidence
108177,1,1.83,0,,United States of America,North America,-88.195426,45.955997,,,,,restore_no_duplicate_evidence
108192,1,1.91,0,,United States of America,North America,-88.220326,45.94773,,,,,restore_no_duplicate_evidence
108237,1,2.67,0,,United States of America,North America,-93.372814,45.92377,,,,,restore_no_duplicate_evidence
108241,1,1.32,0,,Canada,North America,-76.919486,45.920085,,,,,restore_no_duplicate_evidence
108267,1,1.24,0,,United States of America,North America,-89.305321,45.903598,,,,,restore_no_duplicate_evidence
108310,1,3.5,0,,United States of America,North America,-88.07733,45.876528,,,,,restore_no_duplicate_evidence
108314,1,2.62,0,,United States of America,North America,-89.527283,45.873807,,,,,restore_no_duplicate_evidence
108322,1,1.27,0,,United States of America,North America,-90.584793,45.870017,,,,,restore_no_duplicate_evidence
108388,1,7.94,0,,Canada,North America,-75.390533,45.831577,,,,,restore_no_duplicate_evidence
108421,1,1.7,0,,United States of America,North America,-88.122907,45.810855,,,,,restore_no_duplicate_evidence
108609,1,1.22,0,,Canada,North America,-75.573979,45.68397,1294.0,spatial_nearest_high_confidence,0.5313495418780771,1.38796033216371,remove_spatial_high_confidence_reference
108697,1,1.47,0,,Canada,North America,-61.445485,45.612769,1322.0,spatial_nearest_high_confidence,0.7652184247098118,1.107652993696873,remove_spatial_high_confidence_reference
108710,1,1.72,0,,Canada,North America,-71.921954,45.601901,,,,,restore_no_duplicate_evidence
108724,3,8.76,2055,,Canada,North America,-73.656701,45.588706,1331.0,grand_id_authoritative,,,remove_authoritative_duplicate
108742,1,1.16,0,,United States of America,North America,-89.477965,45.57448,,,,,restore_no_duplicate_evidence
108817,1,6.98,0,,Canada,North America,-75.77711,45.514929,,,,,restore_no_duplicate_evidence
108840,1,1.57,0,,United States of America,North America,-89.749093,45.494828,,,,,restore_no_duplicate_evidence
108975,1,1.06,0,,United States of America,North America,-91.311759,45.404721,16769.0,spatial_nearest_high_confidence,0.7034014914642628,1.0106716594029006,remove_spatial_high_confidence_reference
109000,1,1.0,0,,United States of America,North America,-84.330208,45.388808,,,,,restore_no_duplicate_evidence
109054,1,2.37,0,,United States of America,North America,-68.471593,45.348072,,,,,restore_no_duplicate_evidence
109065,1,1.46,0,,Canada,North America,-72.519324,45.342535,1306.0,spatial_nearest_high_confidence,0.8479738662494708,1.1436073500480683,remove_spatial_high_confidence_reference
109128,1,9.06,0,,United States of America,North America,-94.938909,45.299079,,,,,restore_no_duplicate_evidence
109236,1,2.27,0,,United States of America,North America,-84.179527,45.217359,,,,,restore_no_duplicate_evidence
109244,1,4.54,0,,Canada,North America,-66.372924,45.210415,,,,,restore_no_duplicate_evidence
109288,1,1.82,0,,Canada,North America,-66.357293,45.186738,1423.0,spatial_nearest_high_confidence,0.9380448098985618,2.0482394655040594,remove_spatial_high_confidence_reference
109343,1,1.61,0,,United States of America,North America,-84.070632,45.146095,,,,,restore_no_duplicate_evidence
109358,1,1.44,0,,United States of America,North America,-95.489583,45.135417,12873.0,spatial_nearest_high_confidence,0.41329414323984154,1.0027737171235789,remove_spatial_high_confidence_reference
109377,1,1.04,0,,United States of America,North America,-87.757555,45.119096,15939.0,spatial_nearest_high_confidence,0.8439192891959181,1.7108613464597595,remove_spatial_high_confidence_reference
109439,1,1.4,0,,United States of America,North America,-83.448525,45.072313,16622.0,spatial_nearest_high_confidence,0.3901528689255019,1.1263645057691793,remove_spatial_high_confidence_reference
109483,1,1.88,0,,Canada,North America,-71.911476,45.034297,1378.0,spatial_nearest_high_confidence,0.9038473513944514,1.0970076561767457,remove_spatial_high_confidence_reference
109527,1,6.03,0,,United States of America,North America,-85.199549,44.999352,,,,,restore_no_duplicate_evidence
109544,1,5.41,0,,United States of America,North America,-72.853921,44.984026,,,,,restore_no_duplicate_evidence
109569,1,1.76,0,,United States of America,North America,-71.707175,44.962851,,,,,restore_no_duplicate_evidence
109578,1,2.41,0,,United States of America,North America,-116.467044,44.95726,17941.0,spatial_nearest_high_confidence,0.8877634884207033,0.9909075204921745,remove_spatial_high_confidence_reference
109599,1,1.09,0,,Canada,North America,-64.428919,44.941406,,,,,restore_no_duplicate_evidence
109744,1,2.13,0,,United States of America,North America,-74.030452,44.830385,,,,,restore_no_duplicate_evidence
109757,1,1.99,0,,United States of America,North America,-93.233938,44.821585,,,,,restore_no_duplicate_evidence
109845,1,6.09,0,,Canada,North America,-63.926867,44.766453,,,,,restore_no_duplicate_evidence
109885,1,1.64,0,,United States of America,North America,-75.005208,44.742289,,,,,restore_no_duplicate_evidence
110108,1,1.36,0,,Canada,North America,-65.555208,44.551954,,,,,restore_no_duplicate_evidence
110111,1,1.51,0,,Canada,North America,-76.767708,44.54375,1710.0,spatial_nearest_high_confidence,0.9894884892784863,1.223298617760699,remove_spatial_high_confidence_reference
110128,1,2.15,0,,United States of America,North America,-74.927059,44.527061,,,,,restore_no_duplicate_evidence
110136,1,1.18,0,,United States of America,North America,-116.444112,44.52166,18322.0,spatial_nearest_high_confidence,0.631994999497425,1.1046644505333485,remove_spatial_high_confidence_reference
110149,1,4.78,0,,United States of America,North America,-92.940904,44.510639,,,,,restore_no_duplicate_evidence
110205,1,1.17,0,,United States of America,North America,-111.686831,44.459474,,,,,restore_no_duplicate_evidence
110213,1,2.41,0,,United States of America,North America,-74.763431,44.451269,,,,,restore_no_duplicate_evidence
110224,1,1.54,0,,United States of America,North America,-73.977158,44.435417,,,,,restore_no_duplicate_evidence
110227,1,2.18,0,,United States of America,North America,-70.320197,44.433755,14642.0,spatial_nearest_high_confidence,0.8915404921662912,1.0162131687067253,remove_spatial_high_confidence_reference
110231,1,1.03,0,,Canada,North America,-65.87125,44.429771,,,,,restore_no_duplicate_evidence
110249,1,1.3,0,,United States of America,North America,-69.472171,44.410497,,,,,restore_no_duplicate_evidence
110274,1,1.48,0,,United States of America,North America,-70.031582,44.378827,,,,,restore_no_duplicate_evidence
110304,1,2.71,0,,United States of America,North America,-70.06821,44.352524,,,,,restore_no_duplicate_evidence
110328,1,1.27,0,,United States of America,North America,-72.263241,44.336797,16815.0,spatial_nearest_high_confidence,0.7153815323788649,1.0599042754289965,remove_spatial_high_confidence_reference
110336,1,9.84,0,,United States of America,North America,-71.872428,44.33451,,,,,restore_no_duplicate_evidence
110345,1,4.03,0,,United States of America,North America,-74.126042,44.322052,,,,,restore_no_duplicate_evidence
110372,1,1.36,0,,United States of America,North America,-72.140138,44.304319,,,,,restore_no_duplicate_evidence
110436,1,1.35,0,,United States of America,North America,-84.062709,44.24559,,,,,restore_no_duplicate_evidence
110440,1,1.86,0,,United States of America,North America,-69.276199,44.23998,,,,,restore_no_duplicate_evidence
110441,1,4.56,0,,United States of America,North America,-69.10344,44.239505,,,,,restore_no_duplicate_evidence
110464,1,3.54,0,,United States of America,North America,-70.552293,44.215767,,,,,restore_no_duplicate_evidence
110478,1,4.75,0,,United States of America,North America,-116.595949,44.199611,,,,,restore_no_duplicate_evidence
110503,1,1.98,0,,United States of America,North America,-73.565601,44.156606,,,,,restore_no_duplicate_evidence
110516,1,2.23,0,,United States of America,North America,-91.7314,44.140179,,,,,restore_no_duplicate_evidence
110517,1,2.9,0,,Canada,North America,-64.936399,44.138427,,,,,restore_no_duplicate_evidence
110551,1,8.23,0,,United States of America,North America,-74.708134,44.094763,,,,,restore_no_duplicate_evidence
110559,1,3.19,0,,Canada,North America,-64.84133,44.089336,,,,,restore_no_duplicate_evidence
110579,1,1.8,0,,United States of America,North America,-90.180554,44.06038,13463.0,spatial_nearest_high_confidence,0.9453922700940907,1.6067684037490322,remove_spatial_high_confidence_reference
110616,1,1.21,0,,United States of America,North America,-84.531667,44.002224,,,,,restore_no_duplicate_evidence
110632,1,5.04,0,,United States of America,North America,-71.053365,43.984349,,,,,restore_no_duplicate_evidence
110649,1,1.18,0,,United States of America,North America,-84.337381,43.962684,,,,,restore_no_duplicate_evidence
110654,1,4.49,0,,United States of America,North America,-113.674264,43.95311,,,,,restore_no_duplicate_evidence
110673,1,2.97,0,,United States of America,North America,-116.435074,43.930675,,,,,restore_no_duplicate_evidence
110678,1,1.08,0,,United States of America,North America,-75.275596,43.923686,15309.0,spatial_nearest_high_confidence,0.8894602844641023,1.0640557582941172,remove_spatial_high_confidence_reference
110689,1,1.52,0,,United States of America,North America,-74.186878,43.914454,,,,,restore_no_duplicate_evidence
110695,1,2.29,0,,United States of America,North America,-91.072617,43.910654,,,,,restore_no_duplicate_evidence
110714,1,1.16,0,,United States of America,North America,-75.108658,43.887199,,,,,restore_no_duplicate_evidence
110742,1,1.51,0,,United States of America,North America,-74.386912,43.839074,,,,,restore_no_duplicate_evidence
110817,1,1.09,0,,United States of America,North America,-71.558939,43.721199,16943.0,spatial_nearest_high_confidence,0.636854519246735,1.0125690333916395,remove_spatial_high_confidence_reference
110820,1,1.31,0,,United States of America,North America,-71.446933,43.718869,13302.0,spatial_nearest_high_confidence,0.684365901439703,1.0435319271222185,remove_spatial_high_confidence_reference
110846,1,2.93,0,,United States of America,North America,-70.724405,43.664788,,,,,restore_no_duplicate_evidence
110855,1,2.76,0,,United States of America,North America,-84.992708,43.655105,,,,,restore_no_duplicate_evidence
110862,1,2.16,0,,United States of America,North America,-71.04375,43.643565,,,,,restore_no_duplicate_evidence
110901,1,1.65,0,,United States of America,North America,-97.173958,43.590291,16174.0,spatial_nearest_high_confidence,0.9883828104081274,0.9633886071695487,remove_spatial_high_confidence_reference
110909,1,2.23,0,,United States of America,North America,-85.303125,43.572917,,,,,restore_no_duplicate_evidence
110917,1,1.25,0,,United States of America,North America,-74.994792,43.565943,15599.0,spatial_nearest_high_confidence,0.6716969509487298,1.2236569367949364,remove_spatial_high_confidence_reference
110936,1,1.61,0,,United States of America,North America,-74.944723,43.524213,,,,,restore_no_duplicate_evidence
110939,1,1.24,0,,United States of America,North America,-72.115388,43.515383,,,,,restore_no_duplicate_evidence
110965,1,4.16,0,,United States of America,North America,-85.665625,43.440493,,,,,restore_no_duplicate_evidence
110974,1,1.58,0,,United States of America,North America,-113.831233,43.42367,17490.0,spatial_nearest_high_confidence,0.8799724644370605,2.270353091034331,remove_spatial_high_confidence_reference
110977,1,1.63,0,,United States of America,North America,-75.205035,43.421035,,,,,restore_no_duplicate_evidence
110980,1,1.08,0,,United States of America,North America,-119.398886,43.406641,,,,,restore_no_duplicate_evidence
111024,1,6.76,0,,United States of America,North America,-114.798958,43.279884,,,,,restore_no_duplicate_evidence
111047,1,1.22,0,,United States of America,North America,-71.593333,43.191433,,,,,restore_no_duplicate_evidence
111059,1,2.67,0,,Canada,North America,-80.760133,43.151415,,,,,restore_no_duplicate_evidence
111080,1,2.06,0,,Canada,North America,-79.262727,43.112349,,,,,restore_no_duplicate_evidence
111086,1,1.8,0,,Canada,North America,-79.827498,43.102753,,,,,restore_no_duplicate_evidence
111097,1,2.51,0,,United States of America,North America,-83.651959,43.081646,,,,,restore_no_duplicate_evidence
111107,1,1.11,0,,United States of America,North America,-71.840538,43.053511,14287.0,spatial_nearest_high_confidence,0.7999778535896445,1.0412824234361944,remove_spatial_high_confidence_reference
111110,1,1.97,0,,United States of America,North America,-74.083918,43.028374,15454.0,spatial_nearest_high_confidence,0.8099141882381328,1.0473742674995736,remove_spatial_high_confidence_reference
111118,1,1.28,0,,United States of America,North America,-72.309119,42.999104,,,,,restore_no_duplicate_evidence
111123,1,1.62,0,,United States of America,North America,-71.92759,42.989599,,,,,restore_no_duplicate_evidence
111129,1,3.47,0,,United States of America,North America,-72.084061,42.974205,,,,,restore_no_duplicate_evidence
111138,1,2.35,0,,United States of America,North America,-84.905208,42.951502,,,,,restore_no_duplicate_evidence
111140,1,1.43,0,,United States of America,North America,-84.417151,42.946131,,,,,restore_no_duplicate_evidence
111154,1,1.06,0,,United States of America,North America,-85.499414,42.908992,,,,,restore_no_duplicate_evidence
111161,1,5.96,0,,United States of America,North America,-111.944792,42.88125,,,,,restore_no_duplicate_evidence
111163,1,1.16,0,,United States of America,North America,-75.759856,42.868867,14478.0,spatial_nearest_high_confidence,0.32147494584052266,1.0480677340851905,remove_spatial_high_confidence_reference
111166,1,1.01,0,,United States of America,North America,-75.687117,42.864695,,,,,restore_no_duplicate_evidence
111182,1,1.21,0,,United States of America,North America,-73.818244,42.810975,,,,,restore_no_duplicate_evidence
111193,1,1.93,0,,United States of America,North America,-83.241125,42.779879,14311.0,spatial_nearest_high_confidence,0.9770252567952193,1.3539044886637137,remove_spatial_high_confidence_reference
111211,1,2.39,0,,United States of America,North America,-83.096854,42.722957,16401.0,spatial_nearest_high_confidence,0.8447223549455258,0.974167155380491,remove_spatial_high_confidence_reference
111215,1,1.18,0,,United States of America,North America,-73.964588,42.71453,15703.0,spatial_nearest_high_confidence,0.9607977224612749,1.2920066423744707,remove_spatial_high_confidence_reference
111223,1,1.11,0,,United States of America,North America,-119.30716,42.686115,,,,,restore_no_duplicate_evidence
111228,1,2.49,0,,United States of America,North America,-83.452083,42.664583,14001.0,spatial_nearest_high_confidence,0.8053561383629834,1.2927428787333488,remove_spatial_high_confidence_reference
111238,1,1.44,0,,United States of America,North America,-73.565907,42.618069,,,,,restore_no_duplicate_evidence
111244,1,1.01,0,,United States of America,North America,-114.156502,42.612288,17619.0,spatial_nearest_high_confidence,0.8819640058112921,1.1894149341052207,remove_spatial_high_confidence_reference
111248,1,1.07,0,,United States of America,North America,-70.941189,42.604577,18347.0,spatial_nearest_high_confidence,0.5706632911954973,1.0514956390266228,remove_spatial_high_confidence_reference
111251,1,1.14,0,,United States of America,North America,-110.209375,42.600681,13981.0,spatial_nearest_high_confidence,0.6732442526683863,1.0582011549558041,remove_spatial_high_confidence_reference
111255,1,1.31,0,,United States of America,North America,-108.932082,42.589266,18337.0,spatial_nearest_high_confidence,0.8188634320270687,1.0139023663206184,remove_spatial_high_confidence_reference
111288,1,1.06,0,,United States of America,North America,-71.442933,42.517582,12886.0,spatial_nearest_high_confidence,0.34377812035137384,1.0927204209756196,remove_spatial_high_confidence_reference
111293,1,1.05,0,,United States of America,North America,-71.931268,42.498371,16480.0,spatial_nearest_high_confidence,0.7195824087304366,1.0911795313689612,remove_spatial_high_confidence_reference
111299,1,2.03,0,,United States of America,North America,-73.249143,42.486898,15568.0,spatial_nearest_high_confidence,0.9923459379325278,1.0478345199880739,remove_spatial_high_confidence_reference
111303,1,1.14,0,,United States of America,North America,-122.446875,42.479305,13470.0,spatial_nearest_high_confidence,0.6138501739495728,0.9776080266631245,remove_spatial_high_confidence_reference
111305,1,2.52,0,,United States of America,North America,-73.270508,42.47647,,,,,restore_no_duplicate_evidence
111310,1,2.77,0,,United States of America,North America,-114.146875,42.463705,14010.0,spatial_nearest_high_confidence,0.3287267920381382,0.9354612272199984,remove_spatial_high_confidence_reference
111316,1,1.23,0,,United States of America,North America,-73.659689,42.451904,17020.0,spatial_nearest_high_confidence,0.43739577211023606,1.0834599296187633,remove_spatial_high_confidence_reference
111319,1,1.01,0,,United States of America,North America,-89.383079,42.449802,,,,,restore_no_duplicate_evidence
111335,1,2.91,0,,United States of America,North America,-88.343035,42.408687,,,,,restore_no_duplicate_evidence
111336,1,1.61,0,,United States of America,North America,-91.34539,42.407656,,,,,restore_no_duplicate_evidence
111337,1,2.03,0,,United States of America,North America,-71.26875,42.399433,,,,,restore_no_duplicate_evidence
111349,1,8.16,0,,United States of America,North America,-85.392194,42.377321,,,,,restore_no_duplicate_evidence
111350,1,1.02,0,,United States of America,North America,-71.532731,42.375415,,,,,restore_no_duplicate_evidence
111361,1,1.04,0,,United States of America,North America,-112.443466,42.348135,13675.0,spatial_nearest_high_confidence,0.8927499218402196,1.3115790236468379,remove_spatial_high_confidence_reference
111365,1,1.64,0,,United States of America,North America,-121.728868,42.337297,,,,,restore_no_duplicate_evidence
111381,1,1.0,0,,United States of America,North America,-73.200613,42.278074,14269.0,spatial_nearest_high_confidence,0.6624879094587295,1.0775040873557733,remove_spatial_high_confidence_reference
111382,1,3.54,0,,United States of America,North America,-85.487687,42.275442,,,,,restore_no_duplicate_evidence
111386,1,1.26,0,,United States of America,North America,-71.636817,42.267052,15411.0,spatial_nearest_high_confidence,0.8173180688095032,1.1979968561994774,remove_spatial_high_confidence_reference
111394,1,1.16,0,,United States of America,North America,-116.266827,42.249768,17052.0,spatial_nearest_high_confidence,0.9786170098891164,1.2923724313274794,remove_spatial_high_confidence_reference
111409,1,2.35,0,,United States of America,North America,-114.881859,42.222191,,,,,restore_no_duplicate_evidence
111414,1,1.42,0,,United States of America,North America,-71.944053,42.214541,13976.0,spatial_nearest_high_confidence,0.5614047735711386,1.2073586872430897,remove_spatial_high_confidence_reference
111419,1,1.56,0,,United States of America,North America,-72.415674,42.207248,17297.0,spatial_nearest_high_confidence,0.7587796309493848,1.1424817364382325,remove_spatial_high_confidence_reference
111430,1,3.05,0,,United States of America,North America,-113.917708,42.192874,,,,,restore_no_duplicate_evidence
111433,1,1.7,0,,United States of America,North America,-111.968754,42.185421,18205.0,spatial_nearest_high_confidence,0.8829992170692484,0.8104312479841121,remove_spatial_high_confidence_reference
111437,1,2.5,0,,United States of America,North America,-97.55682,42.177562,,,,,restore_no_duplicate_evidence
111458,1,1.46,0,,United States of America,North America,-91.810429,42.122903,,,,,restore_no_duplicate_evidence
111461,1,1.05,0,,United States of America,North America,-72.128571,42.109037,15064.0,spatial_nearest_high_confidence,0.9332660969291504,1.2333345517599092,remove_spatial_high_confidence_reference
111468,1,1.37,0,,United States of America,North America,-71.770278,42.091924,16730.0,spatial_nearest_high_confidence,0.9371810214569012,1.0483660885706552,remove_spatial_high_confidence_reference
111474,1,1.31,0,,United States of America,North America,-71.759375,42.071893,18359.0,spatial_nearest_high_confidence,0.7886795160724905,1.111434808992374,remove_spatial_high_confidence_reference
111477,1,1.44,0,,United States of America,North America,-72.156177,42.060285,,,,,restore_no_duplicate_evidence
111483,1,1.06,0,,United States of America,North America,-78.872996,42.051261,,,,,restore_no_duplicate_evidence
111496,1,1.0,0,,United States of America,North America,-72.138657,42.017743,13951.0,spatial_nearest_high_confidence,0.535168726826788,0.9994071194893706,remove_spatial_high_confidence_reference
111501,1,1.64,0,,United States of America,North America,-73.037159,42.007214,,,,,restore_no_duplicate_evidence
111508,1,2.18,0,,United States of America,North America,-84.128376,41.999294,,,,,restore_no_duplicate_evidence
111516,1,4.49,0,,United States of America,North America,-77.157361,41.988289,,,,,restore_no_duplicate_evidence
111529,1,1.74,0,,United States of America,North America,-85.537917,41.969669,,,,,restore_no_duplicate_evidence
111538,1,1.15,0,,United States of America,North America,-71.703335,41.954339,,,,,restore_no_duplicate_evidence
111560,1,3.18,0,,United States of America,North America,-85.48664,41.90625,,,,,restore_no_duplicate_evidence
111567,1,1.18,0,,United States of America,North America,-104.284375,41.892657,14368.0,spatial_nearest_high_confidence,0.6770520780161667,0.9055827504046426,remove_spatial_high_confidence_reference
111570,1,1.07,0,,United States of America,North America,-80.131374,41.881709,15283.0,spatial_nearest_high_confidence,0.5258169711980129,1.1611732001655153,remove_spatial_high_confidence_reference
111581,1,1.54,0,,United States of America,North America,-85.664889,41.849356,,,,,restore_no_duplicate_evidence
111588,1,1.7,0,,United States of America,North America,-120.029278,41.838569,13284.0,spatial_nearest_high_confidence,0.6723828775222087,1.2864276343651073,remove_spatial_high_confidence_reference
111590,1,1.35,0,,United States of America,North America,-84.249462,41.832908,,,,,restore_no_duplicate_evidence
111602,1,1.47,0,,United States of America,North America,-73.250422,41.795423,,,,,restore_no_duplicate_evidence
111615,1,1.64,0,,United States of America,North America,-72.180346,41.755322,,,,,restore_no_duplicate_evidence
111624,1,1.52,0,,United States of America,North America,-92.848958,41.740155,13761.0,spatial_nearest_high_confidence,0.6245968030702601,0.9564392156764455,remove_spatial_high_confidence_reference
111625,1,1.15,0,,United States of America,North America,-88.860417,41.739583,13443.0,spatial_nearest_high_confidence,0.6485557479469667,1.0473703505103942,remove_spatial_high_confidence_reference
111654,1,3.12,0,,United States of America,North America,-116.346283,41.679923,,,,,restore_no_duplicate_evidence
111665,1,1.32,0,,United States of America,North America,-80.838302,41.652942,,,,,restore_no_duplicate_evidence
111679,1,1.65,0,,United States of America,North America,-74.831671,41.623424,,,,,restore_no_duplicate_evidence
111680,1,1.16,0,,United States of America,North America,-74.576314,41.623324,,,,,restore_no_duplicate_evidence
111684,1,2.06,0,,United States of America,North America,-80.115776,41.612883,,,,,restore_no_duplicate_evidence
111687,1,1.21,0,,United States of America,North America,-88.681051,41.606775,,,,,restore_no_duplicate_evidence
111690,1,1.05,0,,United States of America,North America,-75.33059,41.594303,,,,,restore_no_duplicate_evidence
111698,1,2.95,0,,United States of America,North America,-71.928125,41.581322,,,,,restore_no_duplicate_evidence
111699,1,1.37,0,,United States of America,North America,-74.558739,41.578686,14570.0,spatial_nearest_high_confidence,0.8227370195701573,1.0073881278267312,remove_spatial_high_confidence_reference
111700,1,1.05,0,,United States of America,North America,-75.388817,41.576657,16753.0,spatial_nearest_high_confidence,0.6896167814556452,1.1574727955535808,remove_spatial_high_confidence_reference
111703,1,1.37,0,,United States of America,North America,-74.801141,41.572584,18094.0,spatial_nearest_high_confidence,0.7752906286123261,1.1155829311071364,remove_spatial_high_confidence_reference
111704,1,1.02,0,,United States of America,North America,-73.657864,41.570978,,,,,restore_no_duplicate_evidence
111716,1,1.16,0,,United States of America,North America,-86.368874,41.547627,18273.0,spatial_nearest_high_confidence,0.48720711638613434,1.0608312292551862,remove_spatial_high_confidence_reference
111720,1,1.22,0,,United States of America,North America,-120.837203,41.532954,,,,,restore_no_duplicate_evidence
111722,1,1.09,0,,United States of America,North America,-72.85909,41.521531,,,,,restore_no_duplicate_evidence
111725,1,1.28,0,,United States of America,North America,-72.425216,41.514062,,,,,restore_no_duplicate_evidence
111730,1,2.0,0,,United States of America,North America,-111.941981,41.50253,15246.0,spatial_nearest_high_confidence,0.8036860526616771,1.0652246498563727,remove_spatial_high_confidence_reference
111735,1,2.49,0,,United States of America,North America,-120.489055,41.48989,,,,,restore_no_duplicate_evidence
111736,1,3.47,0,,United States of America,North America,-97.352092,41.485409,15150.0,spatial_nearest_high_confidence,0.7963472005610316,1.1188141141929422,remove_spatial_high_confidence_reference
111739,1,2.6,0,,United States of America,North America,-79.439583,41.47183,,,,,restore_no_duplicate_evidence
111751,1,1.12,0,,United States of America,North America,-86.484564,41.412847,18463.0,spatial_nearest_high_confidence,0.8592391330327644,0.979164183564856,remove_spatial_high_confidence_reference
111752,1,1.02,0,,United States of America,North America,-72.031559,41.411714,,,,,restore_no_duplicate_evidence
111753,1,1.01,0,,United States of America,North America,-72.179832,41.40786,,,,,restore_no_duplicate_evidence
111768,1,1.49,0,,United States of America,North America,-76.982782,41.387774,13241.0,spatial_nearest_high_confidence,0.6455108436001176,1.107927109289258,remove_spatial_high_confidence_reference
111771,1,2.18,0,,United States of America,North America,-111.123958,41.384321,16313.0,spatial_nearest_high_confidence,0.726201828312111,1.0473083538452241,remove_spatial_high_confidence_reference
111789,1,1.11,0,,United States of America,North America,-96.054701,41.340822,14018.0,spatial_nearest_high_confidence,0.9381648832619499,0.9193397053794935,remove_spatial_high_confidence_reference
111795,1,1.22,0,,United States of America,North America,-74.335664,41.327302,16142.0,spatial_nearest_high_confidence,0.16932991525387464,1.9245035454967563,remove_spatial_high_confidence_reference
111802,1,1.45,0,,United States of America,North America,-75.974124,41.308178,,,,,restore_no_duplicate_evidence
111816,1,1.59,0,,United States of America,North America,-72.859153,41.278577,,,,,restore_no_duplicate_evidence
111817,1,1.23,0,,United States of America,North America,-73.138542,41.276155,14089.0,spatial_nearest_high_confidence,0.7284129874211664,1.244363051983471,remove_spatial_high_confidence_reference
111818,1,1.05,0,,United States of America,North America,-74.088859,41.272399,18342.0,spatial_nearest_high_confidence,0.7539648743179663,1.0579442107985346,remove_spatial_high_confidence_reference
111833,1,2.4,0,,United States of America,North America,-121.13693,41.23127,,,,,restore_no_duplicate_evidence
111836,1,1.98,0,,United States of America,North America,-116.538141,41.226094,,,,,restore_no_duplicate_evidence
111839,1,2.19,0,,United States of America,North America,-101.636956,41.211286,,,,,restore_no_duplicate_evidence
111840,1,1.44,0,,United States of America,North America,-73.282294,41.210297,,,,,restore_no_duplicate_evidence
111844,1,1.16,0,,United States of America,North America,-85.020972,41.201687,,,,,restore_no_duplicate_evidence
111849,1,1.05,0,,United States of America,North America,-74.14086,41.191425,,,,,restore_no_duplicate_evidence
111853,1,1.12,0,,United States of America,North America,-120.098374,41.181493,13514.0,spatial_nearest_high_confidence,0.8590053954806444,1.1458814520363882,remove_spatial_high_confidence_reference
111859,1,1.24,0,,United States of America,North America,-78.714315,41.168482,13860.0,spatial_nearest_high_confidence,0.918935318130181,1.300606159443213,remove_spatial_high_confidence_reference
111871,1,1.21,0,,United States of America,North America,-74.492094,41.111692,,,,,restore_no_duplicate_evidence
111874,1,1.95,0,,United States of America,North America,-75.538297,41.096995,,,,,restore_no_duplicate_evidence
111880,1,1.08,0,,United States of America,North America,-74.410416,41.064583,13237.0,spatial_nearest_high_confidence,0.5540674246066997,1.119896434594492,remove_spatial_high_confidence_reference
111882,1,1.18,0,,United States of America,North America,-79.892708,41.059811,,,,,restore_no_duplicate_evidence
111884,1,3.92,0,,United States of America,North America,-81.37935,41.057388,,,,,restore_no_duplicate_evidence
111894,1,2.94,0,,United States of America,North America,-74.64375,41.031105,,,,,restore_no_duplicate_evidence
111908,1,2.31,0,,United States of America,North America,-80.621157,40.979933,,,,,restore_no_duplicate_evidence
111909,1,3.0,0,,United States of America,North America,-87.517378,40.975612,,,,,restore_no_duplicate_evidence
111910,1,1.04,0,,United States of America,North America,-81.119876,40.972653,13666.0,spatial_nearest_high_confidence,0.717923640484386,0.9800735984788725,remove_spatial_high_confidence_reference
111912,1,2.4,0,,United States of America,North America,-81.178666,40.97211,,,,,restore_no_duplicate_evidence
111950,1,1.22,0,,United States of America,North America,-94.060157,40.862991,,,,,restore_no_duplicate_evidence
111955,1,1.51,0,,United States of America,North America,-75.795201,40.843552,,,,,restore_no_duplicate_evidence
111956,1,2.22,0,,United States of America,North America,-96.865997,40.840601,,,,,restore_no_duplicate_evidence
111958,1,1.17,0,,United States of America,North America,-105.152782,40.837139,17189.0,spatial_nearest_high_confidence,0.83422542640536,1.4181979020001072,remove_spatial_high_confidence_reference
111959,1,1.54,0,,United States of America,North America,-92.721875,40.833918,,,,,restore_no_duplicate_evidence
111961,1,1.02,0,,United States of America,North America,-92.571875,40.821033,,,,,restore_no_duplicate_evidence
111975,1,1.94,0,,United States of America,North America,-106.469936,40.784202,12710.0,spatial_nearest_high_confidence,0.592804943925772,1.0135232278585347,remove_spatial_high_confidence_reference
111978,1,1.09,0,,United States of America,North America,-105.118755,40.781255,17244.0,spatial_nearest_high_confidence,0.25807274056240637,1.0812652472349524,remove_spatial_high_confidence_reference
111981,1,1.19,0,,United States of America,North America,-109.298193,40.765499,15378.0,spatial_nearest_high_confidence,0.7418435259098854,1.091558607315838,remove_spatial_high_confidence_reference
111991,1,1.49,0,,United States of America,North America,-109.622132,40.745036,,,,,restore_no_duplicate_evidence
111992,1,4.83,0,,United States of America,North America,-82.372917,40.745247,,,,,restore_no_duplicate_evidence
111993,1,1.92,0,,United States of America,North America,-84.051818,40.743114,12877.0,spatial_nearest_high_confidence,0.9255300459301259,0.6666230290307114,remove_spatial_high_confidence_reference
111995,1,3.31,0,,United States of America,North America,-106.326564,40.739332,,,,,restore_no_duplicate_evidence
112000,1,2.37,0,,United States of America,North America,-122.802101,40.731179,,,,,restore_no_duplicate_evidence
112004,1,1.24,0,,United States of America,North America,-79.505208,40.713054,13503.0,spatial_nearest_high_confidence,0.6194967917389946,1.1254409950269877,remove_spatial_high_confidence_reference
112007,1,1.01,0,,United States of America,North America,-83.384155,40.705687,16482.0,spatial_nearest_high_confidence,0.5113473765986785,1.0771480142439762,remove_spatial_high_confidence_reference
112011,1,1.46,0,,United States of America,North America,-105.042123,40.691057,13868.0,spatial_nearest_high_confidence,0.5359911663638087,1.0455776771054306,remove_spatial_high_confidence_reference
112021,1,1.88,0,,United States of America,North America,-105.08851,40.660417,14119.0,spatial_nearest_high_confidence,0.561583865963925,0.47796199854098903,remove_spatial_high_confidence_reference
112035,1,1.22,0,,United States of America,North America,-106.084439,40.618537,15622.0,spatial_nearest_high_confidence,0.8627819070231951,1.3920340847404173,remove_spatial_high_confidence_reference
112038,1,1.27,0,,United States of America,North America,-104.870667,40.608742,14970.0,spatial_nearest_high_confidence,0.7418991526474455,0.8582554468094008,remove_spatial_high_confidence_reference
112053,1,3.6,0,,United States of America,North America,-93.020282,40.530465,,,,,restore_no_duplicate_evidence
112058,1,1.33,0,,United States of America,North America,-120.661857,40.514066,18207.0,spatial_nearest_high_confidence,0.5125376452953112,1.4990337180668953,remove_spatial_high_confidence_reference
112062,1,1.79,0,,United States of America,North America,-82.526732,40.496101,,,,,restore_no_duplicate_evidence
112064,1,1.74,0,,United States of America,North America,-86.050212,40.489283,,,,,restore_no_duplicate_evidence
112070,1,2.92,0,,United States of America,North America,-79.362755,40.462896,,,,,restore_no_duplicate_evidence
112072,1,1.02,0,,United States of America,North America,-79.45342,40.455993,,,,,restore_no_duplicate_evidence
112075,1,3.47,0,,United States of America,North America,-75.926042,40.448795,,,,,restore_no_duplicate_evidence
112087,1,1.58,0,,United States of America,North America,-105.132089,40.385188,13740.0,spatial_nearest_high_confidence,0.9332800182793561,1.052585669491278,remove_spatial_high_confidence_reference
112091,1,4.04,0,,United States of America,North America,-120.502944,40.375786,,,,,restore_no_duplicate_evidence
112094,1,2.46,0,,United States of America,North America,-84.36029,40.364624,,,,,restore_no_duplicate_evidence
112095,1,1.93,0,,United States of America,North America,-106.800936,40.362728,,,,,restore_no_duplicate_evidence
112100,1,1.24,0,,United States of America,North America,-82.090495,40.353319,,,,,restore_no_duplicate_evidence
112101,1,3.11,0,,United States of America,North America,-104.638542,40.350903,17066.0,spatial_nearest_high_confidence,0.6049039759944002,0.9787099145617341,remove_spatial_high_confidence_reference
112102,1,2.7,0,,United States of America,North America,-94.777083,40.349018,,,,,restore_no_duplicate_evidence
112105,1,1.0,0,,United States of America,North America,-111.05256,40.334751,14181.0,spatial_nearest_high_confidence,0.7308240376718834,1.0132191178933425,remove_spatial_high_confidence_reference
112107,1,1.14,0,,United States of America,North America,-75.202047,40.319031,,,,,restore_no_duplicate_evidence
112108,1,1.86,0,,United States of America,North America,-74.115334,40.319016,,,,,restore_no_duplicate_evidence
112109,1,1.46,0,,United States of America,North America,-78.659955,40.318445,17944.0,spatial_nearest_high_confidence,0.6554183379879017,1.0541997223834345,remove_spatial_high_confidence_reference
112116,1,1.36,0,,United States of America,North America,-76.234096,40.279709,16372.0,spatial_nearest_high_confidence,0.6540648174529301,1.0711990660842112,remove_spatial_high_confidence_reference
112119,1,1.07,0,,United States of America,North America,-74.662774,40.267001,,,,,restore_no_duplicate_evidence
112132,1,1.03,0,,United States of America,North America,-105.155197,40.19137,13511.0,spatial_nearest_high_confidence,0.4465313746412615,1.0657727632470895,remove_spatial_high_confidence_reference
112137,1,1.55,0,,United States of America,North America,-110.16875,40.18125,15906.0,spatial_nearest_high_confidence,0.529092711391891,0.9772850683059524,remove_spatial_high_confidence_reference
112143,1,2.63,0,,United States of America,North America,-87.650516,40.156985,,,,,restore_no_duplicate_evidence
112154,1,1.3,0,,United States of America,North America,-105.076042,40.09456,17954.0,spatial_nearest_high_confidence,0.7270762505250317,1.1248970544903125,remove_spatial_high_confidence_reference
112155,1,1.18,0,,United States of America,North America,-76.872376,40.090332,,,,,restore_no_duplicate_evidence
112161,1,1.67,0,,United States of America,North America,-75.718709,40.0569,,,,,restore_no_duplicate_evidence
112165,1,1.84,0,,United States of America,North America,-78.61978,40.032265,,,,,restore_no_duplicate_evidence
112176,1,1.08,0,,United States of America,North America,-105.208713,40.000612,16530.0,spatial_nearest_high_confidence,0.4674833206920553,1.0457850232570973,remove_spatial_high_confidence_reference
112197,1,1.23,0,,United States of America,North America,-87.089525,39.885417,13589.0,spatial_nearest_high_confidence,0.7304415798065742,1.0869429787731923,remove_spatial_high_confidence_reference
112212,1,1.75,0,,United States of America,North America,-76.044092,39.79865,,,,,restore_no_duplicate_evidence
112215,1,1.09,0,,United States of America,North America,-82.414379,39.789548,,,,,restore_no_duplicate_evidence
112217,1,1.24,0,,United States of America,North America,-79.234299,39.782579,,,,,restore_no_duplicate_evidence
112220,1,1.32,0,,United States of America,North America,-107.320062,39.771642,18057.0,spatial_nearest_high_confidence,0.6377979938858529,1.1957157356659858,remove_spatial_high_confidence_reference
112228,1,1.31,0,,United States of America,North America,-86.946788,39.720404,,,,,restore_no_duplicate_evidence
112229,1,1.39,0,,United States of America,North America,-86.72654,39.718047,15221.0,spatial_nearest_high_confidence,0.9528979773729277,1.2938257121928136,remove_spatial_high_confidence_reference
112235,1,1.63,0,,United States of America,North America,-90.214262,39.670035,,,,,restore_no_duplicate_evidence
112259,1,1.01,0,,United States of America,North America,-92.892121,39.595059,,,,,restore_no_duplicate_evidence
112264,1,2.37,0,,United States of America,North America,-84.736809,39.557534,,,,,restore_no_duplicate_evidence
112289,1,1.64,0,,United States of America,North America,-88.147971,39.460885,16121.0,spatial_nearest_high_confidence,0.6793311158177247,0.8501988603294309,remove_spatial_high_confidence_reference
112291,1,1.05,0,,United States of America,North America,-74.737077,39.45401,,,,,restore_no_duplicate_evidence
112308,1,3.48,0,,United States of America,North America,-112.484291,39.393559,,,,,restore_no_duplicate_evidence
112322,1,1.84,0,,United States of America,North America,-112.623908,39.341377,,,,,restore_no_duplicate_evidence
112345,1,1.87,0,,United States of America,North America,-96.151001,39.239887,17255.0,spatial_nearest_high_confidence,0.7628047310576663,1.012095180536255,remove_spatial_high_confidence_reference
112360,1,1.16,0,,United States of America,North America,-82.521305,39.178278,,,,,restore_no_duplicate_evidence
112373,1,1.03,0,,United States of America,North America,-106.360433,39.110165,12904.0,spatial_nearest_high_confidence,0.3566781971721735,1.0552219808537109,remove_spatial_high_confidence_reference
112374,1,1.4,0,,United States of America,North America,-87.374474,39.103253,,,,,restore_no_duplicate_evidence
112376,1,1.27,0,,United States of America,North America,-83.018184,39.099436,,,,,restore_no_duplicate_evidence
112390,1,2.46,0,,United States of America,North America,-89.119647,39.013704,,,,,restore_no_duplicate_evidence
112391,1,1.28,0,,United States of America,North America,-95.630257,39.013173,,,,,restore_no_duplicate_evidence
112417,1,1.33,0,,United States of America,North America,-107.951824,38.827122,,,,,restore_no_duplicate_evidence
112421,1,1.8,0,,United States of America,North America,-90.769792,38.800711,,,,,restore_no_duplicate_evidence
112429,1,1.04,0,,United States of America,North America,-94.033002,38.758638,14206.0,spatial_nearest_high_confidence,0.6474892474519143,1.0758320376460848,remove_spatial_high_confidence_reference
112430,1,1.0,0,,United States of America,North America,-104.696875,38.748774,14920.0,spatial_nearest_high_confidence,0.276871841778607,1.107009000672836,remove_spatial_high_confidence_reference
112443,1,2.13,0,,United States of America,North America,-120.121245,38.667372,,,,,restore_no_duplicate_evidence
112445,1,1.86,0,,United States of America,North America,-97.013562,38.659783,16321.0,spatial_nearest_high_confidence,0.8364343906464524,0.9860382389446596,remove_spatial_high_confidence_reference
112448,1,1.62,0,,United States of America,North America,-121.218139,38.636607,,,,,restore_no_duplicate_evidence
112450,1,1.6,0,,United States of America,North America,-111.845374,38.591273,,,,,restore_no_duplicate_evidence
112451,1,2.15,0,,United States of America,North America,-89.106231,38.54373,,,,,restore_no_duplicate_evidence
112455,1,1.24,0,,United States of America,North America,-96.414633,38.522947,13774.0,spatial_nearest_high_confidence,0.7829136019453624,0.920817809985516,remove_spatial_high_confidence_reference
112503,1,3.7,0,,United States of America,North America,-107.753533,38.234388,,,,,restore_no_duplicate_evidence
112517,1,1.02,0,,United States of America,North America,-104.640033,38.180291,15399.0,spatial_nearest_high_confidence,0.5587058932790084,0.9547254817086587,remove_spatial_high_confidence_reference
112546,1,1.2,0,,United States of America,North America,-103.692488,38.078197,,,,,restore_no_duplicate_evidence
112556,1,1.36,0,,United States of America,North America,-94.057292,38.013865,,,,,restore_no_duplicate_evidence
112557,1,1.18,0,,United States of America,North America,-94.053125,38.008834,15031.0,spatial_nearest_high_confidence,0.5538419892009502,0.7591758045542782,remove_spatial_high_confidence_reference
112567,1,1.66,0,,United States of America,North America,-108.333036,37.973786,18079.0,spatial_nearest_high_confidence,0.7219093000743749,1.1640693005909575,remove_spatial_high_confidence_reference
112568,1,1.48,0,,United States of America,North America,-79.456642,37.960922,,,,,restore_no_duplicate_evidence
112593,1,1.21,0,,United States of America,North America,-94.757637,37.788347,,,,,restore_no_duplicate_evidence
112637,1,2.36,0,,United States of America,North America,-121.104734,37.52875,,,,,restore_no_duplicate_evidence
112662,1,1.36,0,,United States of America,North America,-84.33696,37.384409,,,,,restore_no_duplicate_evidence
112663,1,1.03,0,,United States of America,North America,-99.782384,37.383021,,,,,restore_no_duplicate_evidence
112667,1,1.2,0,,United States of America,North America,-120.438035,37.373837,13043.0,spatial_nearest_high_confidence,0.7314159403744985,0.7862199128164943,remove_spatial_high_confidence_reference
112675,1,1.39,0,,United States of America,North America,-87.529424,37.349859,14786.0,spatial_nearest_high_confidence,0.5946500092170695,1.0680669118483852,remove_spatial_high_confidence_reference
112688,1,2.65,0,,United States of America,North America,-78.31463,37.259334,,,,,restore_no_duplicate_evidence
112704,1,2.91,0,,United States of America,North America,-78.442654,37.20462,,,,,restore_no_duplicate_evidence
112705,1,2.39,0,,United States of America,North America,-97.526042,37.203398,,,,,restore_no_duplicate_evidence
112717,1,2.9,0,,United States of America,North America,-87.68507,37.146725,,,,,restore_no_duplicate_evidence
112731,1,1.19,0,,United States of America,North America,-94.704826,37.063596,15694.0,spatial_nearest_high_confidence,0.6317529294159133,0.9589099297046927,remove_spatial_high_confidence_reference
112749,1,1.31,0,,United States of America,North America,-81.812854,36.956315,12823.0,spatial_nearest_high_confidence,0.9501707367654775,1.1303935647294567,remove_spatial_high_confidence_reference
112760,1,1.06,0,,United States of America,North America,-78.92445,36.781532,,,,,restore_no_duplicate_evidence
112761,1,3.76,0,,United States of America,North America,-120.36732,36.779826,,,,,restore_no_duplicate_evidence
112763,1,1.22,0,,United States of America,North America,-83.261119,36.748018,17041.0,spatial_nearest_high_confidence,0.7004199851281416,1.1406053386337864,remove_spatial_high_confidence_reference
112768,1,4.57,0,,United States of America,North America,-108.485268,36.697839,,,,,restore_no_duplicate_evidence
112775,1,1.11,0,,United States of America,North America,-104.582292,36.578093,17183.0,spatial_nearest_high_confidence,0.4307408170834858,1.0482979860888468,remove_spatial_high_confidence_reference
112780,1,8.27,0,,United States of America,North America,-105.237181,36.532827,,,,,restore_no_duplicate_evidence
112782,1,2.73,0,,United States of America,North America,-78.999168,36.521984,,,,,restore_no_duplicate_evidence
112783,1,1.04,0,,United States of America,North America,-104.772917,36.498934,13961.0,spatial_nearest_high_confidence,0.5389450459559971,0.9387067955230938,remove_spatial_high_confidence_reference
112790,1,1.03,0,,United States of America,North America,-119.097012,36.406084,13641.0,spatial_nearest_high_confidence,0.5075065233421778,1.0174025347319962,remove_spatial_high_confidence_reference
112793,1,1.65,0,,United States of America,North America,-79.361747,36.385968,,,,,restore_no_duplicate_evidence
112797,1,1.13,0,,United States of America,North America,-96.806244,36.360422,13918.0,spatial_nearest_high_confidence,0.5554103937473013,0.9826945695590077,remove_spatial_high_confidence_reference
112798,1,3.43,0,,United States of America,North America,-109.589583,36.359792,18481.0,spatial_nearest_high_confidence,0.679217294706382,0.898362667610403,remove_spatial_high_confidence_reference
112799,1,1.87,0,,United States of America,North America,-79.149482,36.346925,,,,,restore_no_duplicate_evidence
112801,1,2.08,0,,United States of America,North America,-95.578837,36.324749,,,,,restore_no_duplicate_evidence
112807,1,2.05,0,,United States of America,North America,-97.336683,36.251866,15861.0,spatial_nearest_high_confidence,0.841573064988395,0.9748325214782714,remove_spatial_high_confidence_reference
112808,1,1.63,0,,United States of America,North America,-96.827131,36.251997,,,,,restore_no_duplicate_evidence
112813,1,1.78,0,,United States of America,North America,-95.92802,36.222296,18296.0,spatial_nearest_high_confidence,0.5766103008670248,1.0888649543089737,remove_spatial_high_confidence_reference
112823,1,1.71,0,,United States of America,North America,-78.82814,36.152963,,,,,restore_no_duplicate_evidence
112831,1,2.48,0,,United States of America,North America,-79.330296,36.101219,,,,,restore_no_duplicate_evidence
112833,1,1.0,0,,United States of America,North America,-94.068013,36.066921,,,,,restore_no_duplicate_evidence
112835,1,2.02,0,,United States of America,North America,-91.136467,36.065771,,,,,restore_no_duplicate_evidence
112842,1,1.48,0,,United States of America,North America,-96.877083,36.010314,,,,,restore_no_duplicate_evidence
112847,1,1.17,0,,United States of America,North America,-78.189789,35.952611,,,,,restore_no_duplicate_evidence
112848,1,1.52,0,,United States of America,North America,-79.239583,35.952083,,,,,restore_no_duplicate_evidence
112850,1,2.38,0,,United States of America,North America,-96.301042,35.948432,14332.0,spatial_nearest_high_confidence,0.8173783160459519,1.068184592583753,remove_spatial_high_confidence_reference
112851,1,1.79,0,,United States of America,North America,-105.21522,35.947917,14638.0,spatial_nearest_high_confidence,0.93757246220415,1.1146457406417352,remove_spatial_high_confidence_reference
112853,1,2.45,0,,United States of America,North America,-77.886118,35.897625,,,,,restore_no_duplicate_evidence
112874,1,3.67,0,,United States of America,North America,-96.916412,35.732825,,,,,restore_no_duplicate_evidence
112875,1,1.13,0,,United States of America,North America,-109.514882,35.732174,13812.0,spatial_nearest_high_confidence,0.6780707987926543,1.1055690946799777,remove_spatial_high_confidence_reference
112882,1,2.16,0,,United States of America,North America,-78.694995,35.69332,,,,,restore_no_duplicate_evidence
112886,1,1.92,0,,United States of America,North America,-79.969209,35.68263,,,,,restore_no_duplicate_evidence
112887,1,2.19,0,,United States of America,North America,-88.278569,35.682012,,,,,restore_no_duplicate_evidence
112890,1,1.49,0,,United States of America,North America,-78.612244,35.662189,,,,,restore_no_duplicate_evidence
112893,1,1.13,0,,United States of America,North America,-85.360368,35.6602,,,,,restore_no_duplicate_evidence
112897,1,1.57,0,,United States of America,North America,-88.721875,35.631431,,,,,restore_no_duplicate_evidence
112898,1,1.15,0,,United States of America,North America,-78.96875,35.631407,14338.0,spatial_nearest_high_confidence,0.6238507670332901,1.1881188943866627,remove_spatial_high_confidence_reference
112908,1,1.64,0,,United States of America,North America,-88.410417,35.567514,,,,,restore_no_duplicate_evidence
112916,1,8.78,0,,United States of America,North America,-80.177383,35.489515,,,,,restore_no_duplicate_evidence
112918,1,2.21,0,,United States of America,North America,-94.39417,35.483131,,,,,restore_no_duplicate_evidence
112929,1,1.83,0,,United States of America,North America,-95.921875,35.417295,,,,,restore_no_duplicate_evidence
112930,1,1.17,0,,United States of America,North America,-79.091261,35.416219,,,,,restore_no_duplicate_evidence
112944,1,1.2,0,,United States of America,North America,-87.532154,35.350773,,,,,restore_no_duplicate_evidence
112950,1,1.29,0,,United States of America,North America,-82.188542,35.337058,,,,,restore_no_duplicate_evidence
112951,1,1.81,0,,United States of America,North America,-118.95965,35.328605,13248.0,spatial_nearest_high_confidence,0.9722291931536193,1.0511383100344123,remove_spatial_high_confidence_reference
112955,1,1.22,0,,United States of America,North America,-108.111993,35.294444,15892.0,spatial_nearest_high_confidence,0.5049699254745702,0.8129236756041881,remove_spatial_high_confidence_reference
112966,1,2.23,0,,United States of America,North America,-92.940295,35.21429,,,,,restore_no_duplicate_evidence
112968,1,1.31,0,,United States of America,North America,-96.544003,35.205809,13377.0,spatial_nearest_high_confidence,0.9699852646948586,1.1653171678431402,remove_spatial_high_confidence_reference
112969,1,2.19,0,,United States of America,North America,-92.730822,35.197843,15667.0,spatial_nearest_high_confidence,0.8552287574843529,0.7464688243588908,remove_spatial_high_confidence_reference
112974,1,1.34,0,,United States of America,North America,-96.523899,35.18206,,,,,restore_no_duplicate_evidence
112976,1,1.15,0,,United States of America,North America,-99.075747,35.169127,16898.0,spatial_nearest_high_confidence,0.9186742334343043,0.8818053567192315,remove_spatial_high_confidence_reference
112990,1,2.76,0,,United States of America,North America,-111.583937,35.108888,,,,,restore_no_duplicate_evidence
112991,1,1.09,0,,United States of America,North America,-94.397861,35.094014,12817.0,spatial_nearest_high_confidence,0.8430707276683328,1.071424837218594,remove_spatial_high_confidence_reference
112999,1,1.82,0,,United States of America,North America,-85.402042,35.052007,13714.0,spatial_nearest_high_confidence,0.5544252151366046,1.1408757674100949,remove_spatial_high_confidence_reference
113000,1,1.05,0,,United States of America,North America,-80.478325,35.035633,,,,,restore_no_duplicate_evidence
113004,1,1.17,0,,United States of America,North America,-83.016111,35.007753,15766.0,spatial_nearest_high_confidence,0.5245128575514082,1.1061628668151857,remove_spatial_high_confidence_reference
113013,1,1.19,0,,United States of America,North America,-82.093874,34.991256,,,,,restore_no_duplicate_evidence
113014,1,1.04,0,,United States of America,North America,-95.79327,34.989031,17226.0,spatial_nearest_high_confidence,0.47994773409171937,1.0060540537880953,remove_spatial_high_confidence_reference
113019,1,1.04,0,,United States of America,North America,-82.194105,34.982729,,,,,restore_no_duplicate_evidence
113046,1,1.95,0,,United States of America,North America,-95.857984,34.835806,,,,,restore_no_duplicate_evidence
113047,1,1.01,0,,United States of America,North America,-80.692009,34.835196,,,,,restore_no_duplicate_evidence
113062,1,1.78,0,,United States of America,North America,-111.213707,34.761814,,,,,restore_no_duplicate_evidence
113071,1,1.13,0,,United States of America,North America,-98.515445,34.72758,16974.0,spatial_nearest_high_confidence,0.6292922001891514,1.05457445111144,remove_spatial_high_confidence_reference
113094,1,1.0,0,,United States of America,North America,-94.127194,34.643867,15859.0,spatial_nearest_high_confidence,0.6757564726149204,0.93885370232829,remove_spatial_high_confidence_reference
113111,1,2.84,0,,United States of America,North America,-84.688508,34.604507,17140.0,spatial_nearest_high_confidence,0.8991870567161918,1.0221640670962544,remove_spatial_high_confidence_reference
113116,1,2.38,0,,United States of America,North America,-97.843604,34.586085,,,,,restore_no_duplicate_evidence
113133,1,2.09,0,,United States of America,North America,-82.139583,34.478199,,,,,restore_no_duplicate_evidence
113136,1,3.24,0,,United States of America,North America,-88.363021,34.464583,,,,,restore_no_duplicate_evidence
113140,1,1.06,0,,United States of America,North America,-82.588542,34.449277,16495.0,spatial_nearest_high_confidence,0.8816679719694581,1.078491124752171,remove_spatial_high_confidence_reference
113151,1,1.42,0,,United States of America,North America,-87.984339,34.398869,,,,,restore_no_duplicate_evidence
113157,1,1.63,0,,United States of America,North America,-85.269917,34.368246,,,,,restore_no_duplicate_evidence
113159,1,7.61,0,,United States of America,North America,-88.40625,34.364941,,,,,restore_no_duplicate_evidence
113165,1,3.5,0,,United States of America,North America,-117.315637,34.304351,,,,,restore_no_duplicate_evidence
113170,1,1.43,0,,United States of America,North America,-97.166516,34.28297,18438.0,spatial_nearest_high_confidence,0.9953104441816607,0.9966705313419484,remove_spatial_high_confidence_reference
113181,1,1.45,0,,United States of America,North America,-80.568599,34.243955,16842.0,spatial_nearest_high_confidence,0.8785700859571848,1.1927099518145614,remove_spatial_high_confidence_reference
113184,1,1.17,0,,United States of America,North America,-97.448243,34.236831,16878.0,spatial_nearest_high_confidence,0.8034145481094974,0.9744214497590751,remove_spatial_high_confidence_reference
113185,1,1.78,0,,United States of America,North America,-92.00249,34.235439,13089.0,spatial_nearest_high_confidence,0.6263235929854661,1.0089648455954872,remove_spatial_high_confidence_reference
113215,1,1.76,0,,United States of America,North America,-109.559786,34.009638,,,,,restore_no_duplicate_evidence
113227,1,1.03,0,,United States of America,North America,-84.382292,33.973067,,,,,restore_no_duplicate_evidence
113249,1,4.82,0,,United States of America,North America,-98.537061,33.842106,,,,,restore_no_duplicate_evidence
113250,1,1.14,0,,United States of America,North America,-109.502673,33.841126,14633.0,spatial_nearest_high_confidence,0.8513304017974664,1.179299655308325,remove_spatial_high_confidence_reference
113272,1,2.49,0,,United States of America,North America,-95.972917,33.73125,,,,,restore_no_duplicate_evidence
113289,1,2.17,0,,United States of America,North America,-93.086679,33.664283,,,,,restore_no_duplicate_evidence
113317,1,1.77,0,,United States of America,North America,-97.010352,33.553889,,,,,restore_no_duplicate_evidence
113324,1,1.1,0,,United States of America,North America,-99.741507,33.526999,,,,,restore_no_duplicate_evidence
113330,1,1.92,0,,United States of America,North America,-88.932724,33.510338,12949.0,spatial_nearest_high_confidence,0.7991919532396163,1.0973673668452046,remove_spatial_high_confidence_reference
113338,1,1.4,0,,United States of America,North America,-84.751257,33.489103,,,,,restore_no_duplicate_evidence
113339,1,1.03,0,,United States of America,North America,-84.273265,33.485054,15574.0,spatial_nearest_high_confidence,0.7337944938673572,1.1219942208898586,remove_spatial_high_confidence_reference
113345,1,2.7,0,,United States of America,North America,-91.172685,33.460652,,,,,restore_no_duplicate_evidence
113367,1,2.15,0,,United States of America,North America,-95.162831,33.387075,17001.0,spatial_nearest_high_confidence,0.8285143610157527,1.040308113181063,remove_spatial_high_confidence_reference
113373,1,1.26,0,,United States of America,North America,-95.437065,33.366313,17497.0,spatial_nearest_high_confidence,0.8726926903655046,1.3784685609008285,remove_spatial_high_confidence_reference
113374,1,1.97,0,,United States of America,North America,-112.85348,33.365757,,,,,restore_no_duplicate_evidence
113398,1,1.39,0,,United States of America,North America,-88.78773,33.288473,,,,,restore_no_duplicate_evidence
113406,1,1.15,0,,United States of America,North America,-84.375333,33.281513,,,,,restore_no_duplicate_evidence
113448,1,7.56,0,,United States of America,North America,-88.28895,33.21205,,,,,restore_no_duplicate_evidence
113475,1,1.2,0,,United States of America,North America,-96.111282,33.157917,,,,,restore_no_duplicate_evidence
113518,1,1.0,0,,United States of America,North America,-114.495479,32.971563,,,,,restore_no_duplicate_evidence
113525,1,4.18,0,,United States of America,North America,-93.500388,32.948991,,,,,restore_no_duplicate_evidence
113537,1,3.98,0,,United States of America,North America,-92.739056,32.90374,,,,,restore_no_duplicate_evidence
113541,1,2.82,0,,United States of America,North America,-95.346714,32.887257,,,,,restore_no_duplicate_evidence
113547,1,2.92,0,,United States of America,North America,-95.446875,32.861619,13991.0,spatial_nearest_high_confidence,0.5368274133301869,1.0185554323440438,remove_spatial_high_confidence_reference
113552,1,3.63,0,,United States of America,North America,-111.488066,32.846916,,,,,restore_no_duplicate_evidence
113556,1,1.41,0,,United States of America,North America,-93.493895,32.830371,,,,,restore_no_duplicate_evidence
113559,1,1.43,0,,United States of America,North America,-98.038394,32.815763,,,,,restore_no_duplicate_evidence
113561,1,2.28,0,,United States of America,North America,-88.716048,32.810118,,,,,restore_no_duplicate_evidence
113577,1,2.4,0,,United States of America,North America,-95.551042,32.686874,,,,,restore_no_duplicate_evidence
113580,1,1.34,0,,United States of America,North America,-93.312742,32.665572,16405.0,spatial_nearest_high_confidence,0.6764959147988745,0.7106261609288868,remove_spatial_high_confidence_reference
113582,1,1.47,0,,United States of America,North America,-90.623976,32.650795,,,,,restore_no_duplicate_evidence
113583,1,2.34,0,,United States of America,North America,-93.668998,32.648263,,,,,restore_no_duplicate_evidence
113601,1,1.05,0,,United States of America,North America,-96.260417,32.586366,17078.0,spatial_nearest_high_confidence,0.698212676732312,0.9068260026956535,remove_spatial_high_confidence_reference
113610,1,1.6,0,,United States of America,North America,-94.959897,32.55723,,,,,restore_no_duplicate_evidence
113624,1,1.69,0,,United States of America,North America,-104.252072,32.494288,14579.0,spatial_nearest_high_confidence,0.6864578196577141,0.8339397392628584,remove_spatial_high_confidence_reference
113631,1,1.44,0,,United States of America,North America,-100.306371,32.43795,13001.0,spatial_nearest_high_confidence,0.9385521156654326,0.8510813452018875,remove_spatial_high_confidence_reference
113636,1,1.42,0,,United States of America,North America,-97.253656,32.383654,18546.0,spatial_nearest_high_confidence,0.917116617188749,0.896191830676105,remove_spatial_high_confidence_reference
113644,1,1.06,0,,United States of America,North America,-95.996875,32.356907,13382.0,spatial_nearest_high_confidence,0.8536665507540726,0.9617876411000813,remove_spatial_high_confidence_reference
113670,1,1.55,0,,United States of America,North America,-85.527083,32.188608,18196.0,spatial_nearest_high_confidence,0.9686400318844752,1.0566869284684084,remove_spatial_high_confidence_reference
113672,1,1.66,0,,United States of America,North America,-93.007463,32.171167,18373.0,spatial_nearest_high_confidence,0.5367291333969534,1.0458251786612125,remove_spatial_high_confidence_reference
113675,1,2.26,0,,United States of America,North America,-96.104716,32.115617,16127.0,spatial_nearest_high_confidence,0.9077882315330702,0.9774318476363894,remove_spatial_high_confidence_reference
113679,1,1.26,0,,United States of America,North America,-95.642296,32.083435,17697.0,spatial_nearest_high_confidence,0.8102945888014768,1.057680682941472,remove_spatial_high_confidence_reference
113680,1,1.64,0,,United States of America,North America,-96.407297,32.073838,14201.0,spatial_nearest_high_confidence,0.8919819454909613,0.7914038243793113,remove_spatial_high_confidence_reference
113684,1,1.79,0,,United States of America,North America,-95.858205,32.04151,,,,,restore_no_duplicate_evidence
113689,1,1.03,0,,United States of America,North America,-88.716285,32.024631,14783.0,spatial_nearest_high_confidence,0.7042036369798589,0.808274980284557,remove_spatial_high_confidence_reference
113731,1,1.82,0,,United States of America,North America,-94.363198,31.709167,,,,,restore_no_duplicate_evidence
113733,1,3.19,0,,United States of America,North America,-89.022617,31.703304,,,,,restore_no_duplicate_evidence
113736,1,1.72,0,,United States of America,North America,-90.327283,31.681422,16639.0,spatial_nearest_high_confidence,0.6751806970783057,1.136676669080805,remove_spatial_high_confidence_reference
113738,1,2.77,0,,United States of America,North America,-96.578868,31.645545,,,,,restore_no_duplicate_evidence
113749,1,2.4,0,,United States of America,North America,-96.530208,31.589434,,,,,restore_no_duplicate_evidence
113780,1,1.87,0,,United States of America,North America,-89.439487,31.297936,15410.0,spatial_nearest_high_confidence,0.638502948713623,1.2770456317428003,remove_spatial_high_confidence_reference
113783,1,2.49,0,,United States of America,North America,-102.849062,31.276027,13171.0,spatial_nearest_high_confidence,0.9742026451191204,0.9341502099584119,remove_spatial_high_confidence_reference
113791,1,1.95,0,,United States of America,North America,-90.524179,31.174684,,,,,restore_no_duplicate_evidence
113815,1,2.04,0,,United States of America,North America,-103.712332,30.960663,17223.0,spatial_nearest_high_confidence,0.8074655738962185,0.9726869222181538,remove_spatial_high_confidence_reference
113817,1,1.04,0,,United States of America,North America,-86.749799,30.941834,15106.0,spatial_nearest_high_confidence,0.8501192004896125,1.0649937586059468,remove_spatial_high_confidence_reference
113825,1,1.31,0,,United States of America,North America,-92.481504,30.828961,,,,,restore_no_duplicate_evidence
113826,1,1.74,0,,United States of America,North America,-92.274251,30.819689,,,,,restore_no_duplicate_evidence
113861,1,3.96,0,,United States of America,North America,-88.517303,30.541253,,,,,restore_no_duplicate_evidence
113910,1,4.79,0,,United States of America,North America,-91.853686,30.067349,,,,,restore_no_duplicate_evidence
113986,1,5.74,0,,Mexico,North America,-107.028506,29.879801,,,,,restore_no_duplicate_evidence
114113,1,7.57,0,,Mexico,North America,-107.38302,29.556066,,,,,restore_no_duplicate_evidence
114285,1,1.13,0,,United States of America,North America,-95.70625,29.109407,13073.0,spatial_nearest_high_confidence,0.525904391177498,1.0179615582909918,remove_spatial_high_confidence_reference
114341,1,1.08,0,,United States of America,North America,-96.52741,28.664734,18525.0,spatial_nearest_high_confidence,0.9101973480422522,1.0116069848547002,remove_spatial_high_confidence_reference
114356,1,1.34,0,,United States of America,North America,-100.123958,28.584633,14688.0,spatial_nearest_high_confidence,0.5997613305170323,1.9931604453013727,remove_spatial_high_confidence_reference
114418,1,2.88,0,,United States of America,North America,-81.805208,28.109743,13630.0,spatial_nearest_high_confidence,0.7700494320782192,1.009016867361235,remove_spatial_high_confidence_reference
114424,1,3.13,0,,United States of America,North America,-81.664562,28.085966,14632.0,spatial_nearest_high_confidence,0.7273357483252478,1.0509910023934126,remove_spatial_high_confidence_reference
114443,1,1.24,0,,United States of America,North America,-82.426685,28.025701,,,,,restore_no_duplicate_evidence
114504,1,1.53,0,,United States of America,North America,-99.136683,27.659577,14437.0,spatial_nearest_high_confidence,0.6521991010731525,1.448433387444315,remove_spatial_high_confidence_reference
114512,1,3.2,0,,United States of America,North America,-97.342708,27.626513,,,,,restore_no_duplicate_evidence
114515,1,2.48,0,,Mexico,North America,-105.383057,27.57576,,,,,restore_no_duplicate_evidence
114546,1,1.12,0,,Mexico,North America,-109.187844,27.007388,9178.0,spatial_nearest_high_confidence,0.8374042975482476,2.3382528915452028,remove_spatial_high_confidence_reference
114564,1,1.51,0,,Mexico,North America,-105.255303,26.543761,,,,,restore_no_duplicate_evidence
114581,1,1.26,0,,United States of America,North America,-98.171712,26.392862,,,,,restore_no_duplicate_evidence
114598,1,1.16,0,,United States of America,North America,-97.827357,26.132916,15769.0,spatial_nearest_high_confidence,0.5217294302015241,1.0309389103000628,remove_spatial_high_confidence_reference
114759,1,2.37,0,,Mexico,North America,-104.811814,24.538752,,,,,restore_no_duplicate_evidence
114819,1,2.95,0,,Mexico,North America,-98.523987,23.96875,,,,,restore_no_duplicate_evidence
114835,1,2.87,0,,Mexico,North America,-103.098036,23.692307,,,,,restore_no_duplicate_evidence
114840,1,1.42,0,,Mexico,North America,-104.056263,23.618738,9216.0,spatial_nearest_high_confidence,0.4910760884711254,1.041736654903329,remove_spatial_high_confidence_reference
114858,1,1.07,0,,Cuba,North America,-82.147999,23.085247,6074.0,spatial_nearest_high_confidence,0.4326358925859633,1.6441039867187905,remove_spatial_high_confidence_reference
114872,1,3.77,0,,Cuba,North America,-82.346197,23.023759,,,,,restore_no_duplicate_evidence
114923,1,8.91,0,,Cuba,North America,-83.320392,22.566326,,,,,restore_no_duplicate_evidence
115045,1,2.13,0,,Cuba,North America,-79.094663,22.04124,6067.0,spatial_nearest_high_confidence,0.710391932347961,1.9675060116307224,remove_spatial_high_confidence_reference
115050,1,9.52,0,,Cuba,North America,-79.164469,22.024194,,,,,restore_no_duplicate_evidence
115060,1,1.48,0,,United States of America,North America,-159.452083,21.91875,18491.0,spatial_nearest_high_confidence,0.24258540645408377,1.0090481804988767,remove_spatial_high_confidence_reference
115111,1,1.79,0,,Mexico,North America,-100.546259,21.629372,9193.0,spatial_nearest_high_confidence,0.8286330496565986,1.0777955942858353,remove_spatial_high_confidence_reference
115122,1,5.01,0,,Cuba,North America,-78.064297,21.568638,,,,,restore_no_duplicate_evidence
115125,1,1.19,0,,Cuba,North America,-77.799171,21.548634,6079.0,spatial_nearest_high_confidence,0.43193937148709816,0.9593094315003292,remove_spatial_high_confidence_reference
115146,1,5.96,0,,Cuba,North America,-77.590937,21.296767,,,,,restore_no_duplicate_evidence
115159,1,9.76,0,,Cuba,North America,-78.04375,21.20632,,,,,restore_no_duplicate_evidence
115189,1,1.35,0,,Cuba,North America,-76.309375,20.984142,6078.0,spatial_nearest_high_confidence,0.6367766690921124,1.2030259183388905,remove_spatial_high_confidence_reference
115199,1,6.86,0,,Mexico,North America,-103.704949,20.911089,,,,,restore_no_duplicate_evidence
115207,1,2.18,0,,Cuba,North America,-76.315625,20.844707,6070.0,spatial_nearest_high_confidence,0.7925320124034502,1.0920712524593503,remove_spatial_high_confidence_reference
115209,1,1.23,0,,Mexico,North America,-100.453129,20.786977,9095.0,spatial_nearest_high_confidence,0.8723466996949636,0.9975200140249187,remove_spatial_high_confidence_reference
115213,1,1.57,0,,Mexico,North America,-102.815835,20.720088,9144.0,spatial_nearest_high_confidence,0.7700697038609882,1.1712943986202338,remove_spatial_high_confidence_reference
115242,1,2.74,0,,Mexico,North America,-99.324451,20.358673,9105.0,spatial_nearest_high_confidence,0.7431845579724262,2.212946132864244,remove_spatial_high_confidence_reference
115261,1,1.27,0,,Mexico,North America,-101.487969,20.184039,9225.0,spatial_nearest_high_confidence,0.7530714209243929,1.2374772291573533,remove_spatial_high_confidence_reference
115263,1,1.0,0,,Mexico,North America,-97.984375,20.167284,9171.0,spatial_nearest_high_confidence,0.5351948803030906,1.021880636676566,remove_spatial_high_confidence_reference
115269,1,9.3,0,,Cuba,North America,-75.361031,20.127171,,,,,restore_no_duplicate_evidence
115290,1,1.73,0,,Mexico,North America,-102.135401,19.964571,9146.0,spatial_nearest_high_confidence,0.6262357051692111,2.444016352031655,remove_spatial_high_confidence_reference
115291,1,6.51,0,,Mexico,North America,-99.311334,19.960559,,,,,restore_no_duplicate_evidence
115299,1,2.73,0,,Mexico,North America,-103.789907,19.90227,,,,,restore_no_duplicate_evidence
115303,1,4.56,0,,Mexico,North America,-99.561783,19.885417,9176.0,spatial_nearest_high_confidence,0.9304011702890248,1.2814019207252465,remove_spatial_high_confidence_reference
115311,1,1.53,0,,Mexico,North America,-99.788855,19.827081,9107.0,spatial_nearest_high_confidence,0.5150448870236363,1.284564103467735,remove_spatial_high_confidence_reference
115329,1,1.03,0,,Dominican Republic,North America,-71.547917,19.61745,6216.0,spatial_nearest_high_confidence,0.9342405410591219,1.1325399583115694,remove_spatial_high_confidence_reference
115455,1,1.45,0,,Mexico,North America,-101.002083,18.417484,9097.0,spatial_nearest_high_confidence,0.5265923715723801,1.1472002913527748,remove_spatial_high_confidence_reference
115508,1,3.09,0,,Mexico,North America,-99.464583,18.29853,,,,,restore_no_duplicate_evidence
115571,1,1.06,0,,United States of America,North America,-66.578125,18.077821,,,,,restore_no_duplicate_evidence
115986,1,4.29,0,,Trinidad and Tobago,North America,-61.251861,10.547339,,,,,restore_no_duplicate_evidence
115993,1,1.71,0,,Venezuela,South America,-68.328807,10.383613,,,,,restore_no_duplicate_evidence
116012,1,1.79,0,,Venezuela,South America,-68.064583,10.174075,18599.0,spatial_nearest_high_confidence,0.8555468354826904,1.2460252519769561,remove_spatial_high_confidence_reference
116013,1,1.13,0,,Venezuela,South America,-68.526881,10.170235,18615.0,spatial_nearest_high_confidence,0.8760708956828511,1.4832416135016193,remove_spatial_high_confidence_reference
116453,1,1.07,0,,Panama,North America,-80.853475,8.459327,9608.0,spatial_nearest_high_confidence,0.49533184656405616,1.1523975133524151,remove_spatial_high_confidence_reference
116686,1,2.18,0,,Colombia,South America,-75.253483,6.778218,,,,,restore_no_duplicate_evidence
116714,1,1.13,0,,Colombia,South America,-75.490283,6.098406,6030.0,spatial_nearest_high_confidence,0.8154817501671687,1.0441594073473903,remove_spatial_high_confidence_reference
116739,1,4.86,0,,Colombia,South America,-73.204858,5.622428,,,,,restore_no_duplicate_evidence
116750,1,5.05,0,,Colombia,South America,-73.718883,5.087647,,,,,restore_no_duplicate_evidence
117025,1,3.33,0,,Ecuador,South America,-78.396207,-1.074452,,,,,restore_no_duplicate_evidence
117407,1,5.0,0,,Ecuador,South America,-80.572989,-2.238676,,,,,restore_no_duplicate_evidence
117561,1,1.18,0,,Brazil,South America,-45.012013,-2.455334,,,,,restore_no_duplicate_evidence
118029,1,9.74,0,,Brazil,South America,-40.44787,-3.181693,,,,,restore_no_duplicate_evidence
118165,1,1.46,0,,Brazil,South America,-40.264843,-3.39377,,,,,restore_no_duplicate_evidence
118225,1,2.73,0,,Brazil,South America,-40.602844,-3.50166,923.0,spatial_nearest_high_confidence,0.8553838386724083,1.0117526515591504,remove_spatial_high_confidence_reference
118259,1,2.51,0,,Brazil,South America,-39.977083,-3.574068,946.0,spatial_nearest_high_confidence,0.8043998862911765,1.045517407347007,remove_spatial_high_confidence_reference
118314,1,2.99,0,,Brazil,South America,-39.298127,-3.689687,,,,,restore_no_duplicate_evidence
118425,1,1.87,0,,Brazil,South America,-40.011505,-3.882483,,,,,restore_no_duplicate_evidence
118466,1,1.1,0,,Brazil,South America,-39.507987,-3.977918,,,,,restore_no_duplicate_evidence
118645,1,1.7,0,,Brazil,South America,-40.359811,-4.818489,1143.0,spatial_nearest_high_confidence,0.7855922361571623,0.8763889188585391,remove_spatial_high_confidence_reference
118728,1,8.67,0,,Brazil,South America,-38.880208,-5.147917,,,,,restore_no_duplicate_evidence
118783,1,3.81,0,,Brazil,South America,-40.476042,-5.414583,,,,,restore_no_duplicate_evidence
118958,1,1.01,0,,Brazil,South America,-36.508876,-6.246447,1138.0,spatial_nearest_high_confidence,0.912759384160843,0.8826882927716191,remove_spatial_high_confidence_reference
118970,1,1.45,0,,Brazil,South America,-38.24927,-6.307176,840.0,spatial_nearest_high_confidence,0.7167364041480675,1.201572984871206,remove_spatial_high_confidence_reference
118976,1,1.65,0,,Brazil,South America,-35.793383,-6.345696,,,,,restore_no_duplicate_evidence
118988,1,1.09,0,,Brazil,South America,-37.651042,-6.430303,1129.0,spatial_nearest_high_confidence,0.4649321439837576,0.8237566918021917,remove_spatial_high_confidence_reference
119030,1,3.08,0,,Brazil,South America,-38.516428,-6.692615,,,,,restore_no_duplicate_evidence
119045,1,2.14,0,,Brazil,South America,-38.570334,-6.79944,,,,,restore_no_duplicate_evidence
119053,1,1.84,0,,Brazil,South America,-37.584495,-6.908072,,,,,restore_no_duplicate_evidence
119063,1,1.76,0,,Brazil,South America,-37.272997,-7.061662,,,,,restore_no_duplicate_evidence
119068,1,1.9,0,,Brazil,South America,-39.485807,-7.091531,,,,,restore_no_duplicate_evidence
119131,1,2.46,0,,Brazil,South America,-37.612811,-7.740536,,,,,restore_no_duplicate_evidence
119145,1,1.1,0,,Brazil,South America,-36.999177,-7.890423,642.0,spatial_nearest_high_confidence,0.7520812401281044,0.7563923992895926,remove_spatial_high_confidence_reference
119150,1,1.4,0,,Brazil,South America,-35.741527,-7.966508,,,,,restore_no_duplicate_evidence
119156,1,4.06,0,,Brazil,South America,-41.493789,-8.012232,,,,,restore_no_duplicate_evidence
119159,1,1.25,0,,Brazil,South America,-35.164919,-8.039494,,,,,restore_no_duplicate_evidence
119162,1,1.03,0,,Brazil,South America,-35.040192,-8.089693,,,,,restore_no_duplicate_evidence
119171,1,3.63,0,,Brazil,South America,-41.163188,-8.137104,,,,,restore_no_duplicate_evidence
119197,1,3.43,0,,Brazil,South America,-38.072249,-8.44752,,,,,restore_no_duplicate_evidence
119237,1,3.88,0,,Brazil,South America,-38.203854,-9.396131,,,,,restore_no_duplicate_evidence
119243,1,2.24,0,,Brazil,South America,-39.888486,-9.582213,,,,,restore_no_duplicate_evidence
119249,1,5.53,0,,Brazil,South America,-54.989621,-9.776761,,,,,restore_no_duplicate_evidence
119289,1,1.48,0,,Peru,South America,-76.846631,-10.413491,9622.0,spatial_nearest_high_confidence,0.9251530314026939,1.424288915217853,remove_spatial_high_confidence_reference
119298,1,1.64,0,,Brazil,South America,-38.074026,-10.57193,825.0,spatial_nearest_high_confidence,0.8491152371270664,0.7598927930427977,remove_spatial_high_confidence_reference
119318,1,1.05,0,,Brazil,South America,-39.578642,-10.817291,,,,,restore_no_duplicate_evidence
119323,1,6.89,0,,Brazil,South America,-40.172843,-10.851822,,,,,restore_no_duplicate_evidence
119420,1,1.23,0,,Peru,South America,-76.377083,-11.538567,9625.0,spatial_nearest_high_confidence,0.5227252109432667,0.9266683990567256,remove_spatial_high_confidence_reference
119475,1,2.89,0,,Peru,South America,-75.942708,-11.936298,,,,,restore_no_duplicate_evidence
119478,1,3.14,0,,Peru,South America,-75.911687,-11.959364,,,,,restore_no_duplicate_evidence
119542,1,1.08,0,,Brazil,South America,-40.316467,-12.536602,,,,,restore_no_duplicate_evidence
119629,1,1.52,0,,Brazil,South America,-42.551808,-13.014839,715.0,spatial_nearest_high_confidence,0.8891862506327295,0.8815173445883093,remove_spatial_high_confidence_reference
119701,1,4.07,0,,Peru,South America,-75.086791,-13.352083,,,,,restore_no_duplicate_evidence
119714,1,1.95,0,,Brazil,South America,-46.341911,-13.405113,,,,,restore_no_duplicate_evidence
119793,1,2.47,0,,Brazil,South America,-41.806327,-13.756209,,,,,restore_no_duplicate_evidence
119841,1,1.45,0,,Samoa,Oceania,-171.556102,-13.968512,9924.0,spatial_nearest_high_confidence,0.5173339154653172,0.9355888745993381,remove_spatial_high_confidence_reference
119968,1,2.86,0,,Brazil,South America,-42.321875,-14.548149,,,,,restore_no_duplicate_evidence
120029,1,2.52,0,,Brazil,South America,-58.045283,-14.758687,,,,,restore_no_duplicate_evidence
120031,1,9.47,0,,Brazil,South America,-42.793902,-14.769328,,,,,restore_no_duplicate_evidence
120059,1,1.07,0,,Brazil,South America,-41.962356,-14.908061,,,,,restore_no_duplicate_evidence
120072,1,2.07,0,,Brazil,South America,-41.406255,-14.981717,,,,,restore_no_duplicate_evidence
120231,1,2.19,0,,Brazil,South America,-41.490101,-15.771647,,,,,restore_no_duplicate_evidence
120285,1,2.16,0,,Brazil,South America,-42.055002,-16.088247,,,,,restore_no_duplicate_evidence
120291,1,9.01,0,,Peru,South America,-71.19375,-16.143342,,,,,restore_no_duplicate_evidence
120310,1,1.64,0,,Peru,South America,-71.346178,-16.246763,,,,,restore_no_duplicate_evidence
120387,1,1.79,0,,Brazil,South America,-42.014394,-16.941101,,,,,restore_no_duplicate_evidence
120456,1,1.91,0,,Brazil,South America,-49.216155,-17.387829,,,,,restore_no_duplicate_evidence
120684,1,1.13,0,,Brazil,South America,-40.077571,-19.823712,,,,,restore_no_duplicate_evidence
120691,1,1.48,0,,Brazil,South America,-43.968847,-19.847943,,,,,restore_no_duplicate_evidence
120696,1,2.86,0,,Brazil,South America,-43.36421,-19.895146,,,,,restore_no_duplicate_evidence
120705,1,1.63,0,,Brazil,South America,-44.117649,-20.023326,854.0,spatial_nearest_high_confidence,0.6351051382552052,1.0095717851129549,remove_spatial_high_confidence_reference
120713,1,2.33,0,,Brazil,South America,-42.39375,-20.118307,,,,,restore_no_duplicate_evidence
120717,1,2.04,0,,Brazil,South America,-43.944586,-20.178228,,,,,restore_no_duplicate_evidence
120734,1,4.24,0,,Brazil,South America,-43.771232,-20.503554,,,,,restore_no_duplicate_evidence
120745,1,1.27,0,,Brazil,South America,-41.721197,-20.913645,,,,,restore_no_duplicate_evidence
120759,1,1.04,0,,Brazil,South America,-44.621477,-21.2914,1164.0,spatial_nearest_high_confidence,0.6230698860102711,0.9497587890857402,remove_spatial_high_confidence_reference
120767,1,1.66,0,,Brazil,South America,-42.85342,-21.476078,,,,,restore_no_duplicate_evidence
120768,1,1.26,0,,Brazil,South America,-43.462278,-21.480117,,,,,restore_no_duplicate_evidence
120780,1,2.13,0,,Brazil,South America,-47.010417,-21.622917,782.0,spatial_nearest_high_confidence,0.9521712238717024,1.0333971096064578,remove_spatial_high_confidence_reference
120786,1,2.42,0,,Brazil,South America,-43.401961,-21.683534,,,,,restore_no_duplicate_evidence
120790,1,1.95,0,,Brazil,South America,-46.135419,-21.807807,,,,,restore_no_duplicate_evidence
120807,1,5.54,0,,Brazil,South America,-47.902973,-22.169462,,,,,restore_no_duplicate_evidence
120820,1,1.43,0,,Brazil,South America,-46.896114,-22.37847,,,,,restore_no_duplicate_evidence
120872,1,6.72,0,,Brazil,South America,-46.318385,-23.047917,,,,,restore_no_duplicate_evidence
120901,1,2.0,0,,Brazil,South America,-46.961465,-23.715745,810.0,spatial_nearest_high_confidence,0.9411579622149647,0.8599556234428429,remove_spatial_high_confidence_reference
120918,1,1.34,0,,Brazil,South America,-47.356159,-24.022105,,,,,restore_no_duplicate_evidence
120922,1,1.48,0,,Brazil,South America,-47.738717,-24.114786,699.0,spatial_nearest_high_confidence,0.8527680014997322,1.0760195979738418,remove_spatial_high_confidence_reference
120923,1,2.48,0,,Brazil,South America,-47.548173,-24.15051,,,,,restore_no_duplicate_evidence
120931,1,1.34,0,,Argentina,South America,-65.281513,-24.419869,176.0,spatial_nearest_high_confidence,0.48878011682258543,0.7173259444416663,remove_spatial_high_confidence_reference
120932,1,7.33,0,,Argentina,South America,-65.252342,-24.452083,,,,,restore_no_duplicate_evidence
120946,1,6.52,0,,Brazil,South America,-50.060417,-25.018647,,,,,restore_no_duplicate_evidence
120966,1,2.96,0,,Brazil,South America,-49.026968,-25.505176,,,,,restore_no_duplicate_evidence
120968,1,5.12,0,,Brazil,South America,-49.526117,-25.52724,,,,,restore_no_duplicate_evidence
121025,1,2.5,0,,Brazil,South America,-49.339304,-26.605792,,,,,restore_no_duplicate_evidence
121050,1,5.69,0,,Argentina,South America,-65.685988,-26.930096,,,,,restore_no_duplicate_evidence
121119,1,1.18,0,,Argentina,South America,-64.369862,-27.64817,196.0,spatial_nearest_high_confidence,0.585406001145704,1.0671183668134567,remove_spatial_high_confidence_reference
121148,1,1.67,0,,Chile,South America,-69.997886,-27.981282,1748.0,spatial_nearest_high_confidence,0.4865718227830164,0.9910225685066407,remove_spatial_high_confidence_reference
121187,1,2.23,0,,Argentina,South America,-65.740862,-28.269227,,,,,restore_no_duplicate_evidence
121306,1,3.19,0,,Brazil,South America,-53.20868,-29.074351,,,,,restore_no_duplicate_evidence
121340,1,1.89,0,,Brazil,South America,-50.567569,-29.298531,,,,,restore_no_duplicate_evidence
121476,1,1.87,0,,Argentina,South America,-68.619978,-30.147705,,,,,restore_no_duplicate_evidence
121484,1,1.06,0,,Chile,South America,-70.036532,-30.210258,1780.0,spatial_nearest_high_confidence,0.9672301116219859,0.6050109587819622,remove_spatial_high_confidence_reference
121720,1,1.51,0,,Chile,South America,-71.393701,-32.953498,,,,,restore_no_duplicate_evidence
121751,1,5.96,0,,Chile,South America,-71.542888,-33.144031,,,,,restore_no_duplicate_evidence
121942,1,9.35,0,,Uruguay,South America,-56.305372,-34.264211,,,,,restore_no_duplicate_evidence
121948,1,6.38,0,,Chile,South America,-70.679048,-34.287231,,,,,restore_no_duplicate_evidence
121993,1,5.38,0,,Uruguay,South America,-56.26847,-34.460718,,,,,restore_no_duplicate_evidence
122506,1,5.52,0,,Chile,South America,-70.773512,-35.725881,,,,,restore_no_duplicate_evidence
122509,1,5.1,0,,Chile,South America,-71.397651,-35.72683,,,,,restore_no_duplicate_evidence
122679,1,2.15,0,,Chile,South America,-71.548958,-36.262052,,,,,restore_no_duplicate_evidence
132035,1,4.62,0,,Norway,Europe,23.714718,70.376871,,,,,restore_no_duplicate_evidence
132282,1,7.83,0,,Norway,Europe,26.865914,70.271429,,,,,restore_no_duplicate_evidence
132581,1,2.47,0,,Norway,Europe,22.784147,70.120091,,,,,restore_no_duplicate_evidence
133498,1,1.01,0,,Norway,Europe,21.110778,69.642408,,,,,restore_no_duplicate_evidence
134644,3,5.7,3686,,Norway,Europe,20.596839,69.229271,9381.0,grand_id_authoritative,,,remove_authoritative_duplicate
136923,1,1.39,0,,Norway,Europe,18.754004,68.670692,,,,,restore_no_duplicate_evidence
137583,1,3.58,0,,Norway,Europe,17.80786,68.502737,,,,,restore_no_duplicate_evidence
138035,1,2.28,0,,Norway,Europe,17.832934,68.379457,,,,,restore_no_duplicate_evidence
140910,1,2.76,0,,Norway,Europe,15.906633,67.377571,,,,,restore_no_duplicate_evidence
141258,1,9.75,0,,Finland,Europe,27.34216,67.17517,,,,,restore_no_duplicate_evidence
141679,1,2.53,0,,Norway,Europe,14.37895,66.908547,,,,,restore_no_duplicate_evidence
141718,3,1.89,3697,,Sweden,Europe,19.826193,66.88638,11548.0,grand_id_authoritative,,,remove_authoritative_duplicate
141868,3,2.06,3698,,Sweden,Europe,19.89235,66.808192,11543.0,grand_id_authoritative,,,remove_authoritative_duplicate
142660,3,8.06,3704,,Sweden,Europe,20.650228,66.445687,11517.0,grand_id_authoritative,,,remove_authoritative_duplicate
142878,1,4.93,0,,Norway,Europe,13.64375,66.340765,,,,,restore_no_duplicate_evidence
142954,1,7.22,0,,Finland,Europe,26.923021,66.31147,,,,,restore_no_duplicate_evidence
143021,1,2.69,0,,Norway,Europe,14.132896,66.270575,,,,,restore_no_duplicate_evidence
143092,3,8.52,3710,,Sweden,Europe,20.888076,66.242103,11503.0,grand_id_authoritative,,,remove_authoritative_duplicate
143641,1,3.59,0,,Iceland,Europe,-19.014045,65.990496,,,,,restore_no_duplicate_evidence
143940,1,2.08,0,,Sweden,Europe,21.555332,65.843175,,,,,restore_no_duplicate_evidence
144048,1,1.55,0,,Norway,Europe,12.875607,65.792473,,,,,restore_no_duplicate_evidence
144245,1,1.5,0,,Iceland,Europe,-21.72866,65.681143,,,,,restore_no_duplicate_evidence
144875,1,2.81,0,,Finland,Europe,25.412033,65.334708,,,,,restore_no_duplicate_evidence
144918,1,5.14,0,,Sweden,Europe,17.23956,65.310388,,,,,restore_no_duplicate_evidence
144970,1,5.19,0,,Sweden,Europe,19.146875,65.28623,,,,,restore_no_duplicate_evidence
145401,1,8.55,0,,Sweden,Europe,17.143163,65.067154,,,,,restore_no_duplicate_evidence
145485,1,7.8,0,,Sweden,Europe,19.688669,65.024562,,,,,restore_no_duplicate_evidence
145653,1,5.32,0,,Sweden,Europe,19.958924,64.941853,,,,,restore_no_duplicate_evidence
145916,1,1.04,0,,Sweden,Europe,20.218863,64.832642,,,,,restore_no_duplicate_evidence
145993,1,1.84,0,,Finland,Europe,26.272924,64.790256,6271.0,spatial_nearest_high_confidence,0.4620500296922848,1.168003792332149,remove_spatial_high_confidence_reference
146006,1,1.07,0,,Sweden,Europe,20.396367,64.783603,11494.0,spatial_nearest_high_confidence,0.7792005151163792,1.292759866369254,remove_spatial_high_confidence_reference
146051,1,1.11,0,,Sweden,Europe,20.467263,64.76294,11536.0,spatial_nearest_high_confidence,0.14458820060260985,1.1354189098233187,remove_spatial_high_confidence_reference
146091,1,1.21,0,,Sweden,Europe,20.629671,64.742292,,,,,restore_no_duplicate_evidence
146093,1,2.35,0,,Sweden,Europe,20.764583,64.740104,,,,,restore_no_duplicate_evidence
146133,1,9.29,0,,Sweden,Europe,18.250655,64.721126,,,,,restore_no_duplicate_evidence
146188,1,7.08,0,,Norway,Europe,13.069893,64.68876,,,,,restore_no_duplicate_evidence
146274,1,4.28,0,,Finland,Europe,24.503735,64.637621,,,,,restore_no_duplicate_evidence
146365,1,1.2,0,,Finland,Europe,26.755208,64.585552,6246.0,spatial_nearest_high_confidence,0.6269649991281285,1.050362502623751,remove_spatial_high_confidence_reference
146571,1,1.06,0,,Sweden,Europe,18.879902,64.480646,,,,,restore_no_duplicate_evidence
146576,1,5.83,0,,Sweden,Europe,15.43434,64.47868,11598.0,spatial_nearest_high_confidence,0.67162044596135,0.98765224626025,remove_spatial_high_confidence_reference
147299,1,1.95,0,,Sweden,Europe,19.502083,64.156761,,,,,restore_no_duplicate_evidence
147387,1,1.21,0,,Iceland,Europe,-19.740625,64.119684,,,,,restore_no_duplicate_evidence
147431,1,1.34,0,,Sweden,Europe,19.575279,64.104041,,,,,restore_no_duplicate_evidence
147621,1,1.78,0,,Sweden,Europe,19.560073,64.018888,,,,,restore_no_duplicate_evidence
147739,1,9.0,0,,Sweden,Europe,13.718237,63.977797,,,,,restore_no_duplicate_evidence
147797,1,1.08,0,,Sweden,Europe,19.658497,63.954812,11525.0,spatial_nearest_high_confidence,0.7716979322083998,1.030553776419368,remove_spatial_high_confidence_reference
147890,1,5.86,0,,Sweden,Europe,14.498958,63.923769,,,,,restore_no_duplicate_evidence
148037,1,4.25,0,,Norway,Europe,10.677083,63.874712,,,,,restore_no_duplicate_evidence
148205,1,1.33,0,,Sweden,Europe,13.378946,63.82064,,,,,restore_no_duplicate_evidence
148439,1,1.77,0,,Sweden,Europe,16.414583,63.753199,11587.0,spatial_nearest_high_confidence,0.794217225122436,1.0662585901575643,remove_spatial_high_confidence_reference
148453,1,4.61,0,,Sweden,Europe,17.043312,63.748997,,,,,restore_no_duplicate_evidence
148599,1,7.5,0,,Finland,Europe,25.35035,63.70933,,,,,restore_no_duplicate_evidence
149126,1,7.07,0,,Sweden,Europe,16.329644,63.582859,,,,,restore_no_duplicate_evidence
149162,1,1.79,0,,Sweden,Europe,16.631284,63.569018,11562.0,spatial_nearest_high_confidence,0.4969850214640183,1.0979322812303938,remove_spatial_high_confidence_reference
149522,1,1.52,0,,Finland,Europe,27.985417,63.408718,,,,,restore_no_duplicate_evidence
149658,1,3.07,0,,Sweden,Europe,14.576042,63.324024,,,,,restore_no_duplicate_evidence
149795,1,1.77,0,,Sweden,Europe,15.267519,63.233669,11583.0,spatial_nearest_high_confidence,0.9586570122988115,1.0401853590587162,remove_spatial_high_confidence_reference
149810,1,8.17,0,,Norway,Europe,9.433924,63.222947,,,,,restore_no_duplicate_evidence
149867,1,6.29,0,,Norway,Europe,11.763394,63.189998,,,,,restore_no_duplicate_evidence
149899,1,9.21,0,,Sweden,Europe,15.567369,63.171182,,,,,restore_no_duplicate_evidence
150095,1,2.08,0,,Norway,Europe,8.873659,63.071257,,,,,restore_no_duplicate_evidence
150178,1,3.1,0,,Norway,Europe,11.774275,63.025319,,,,,restore_no_duplicate_evidence
150609,1,1.6,0,,Norway,Europe,8.328782,62.819731,9527.0,spatial_nearest_high_confidence,0.6527428025083639,1.3196048492018253,remove_spatial_high_confidence_reference
150613,1,4.51,0,,Sweden,Europe,16.660569,62.818843,,,,,restore_no_duplicate_evidence
150835,1,2.57,0,,Norway,Europe,8.935712,62.728376,,,,,restore_no_duplicate_evidence
151174,1,3.46,0,,Finland,Europe,25.538432,62.617032,,,,,restore_no_duplicate_evidence
151450,1,3.82,0,,Norway,Europe,8.434488,62.538511,,,,,restore_no_duplicate_evidence
151512,1,1.85,0,,Sweden,Europe,17.384578,62.519297,,,,,restore_no_duplicate_evidence
151522,1,2.88,0,,Sweden,Europe,15.684581,62.516354,,,,,restore_no_duplicate_evidence
151536,1,5.55,0,,Sweden,Europe,16.370554,62.512329,,,,,restore_no_duplicate_evidence
151614,1,8.5,0,,Sweden,Europe,14.62523,62.487633,,,,,restore_no_duplicate_evidence
151741,1,1.73,0,,Finland,Europe,30.449661,62.448791,,,,,restore_no_duplicate_evidence
151778,1,1.82,0,,Sweden,Europe,14.938244,62.438113,,,,,restore_no_duplicate_evidence
152148,1,9.76,0,,Norway,Europe,9.913401,62.323812,,,,,restore_no_duplicate_evidence
152181,1,7.1,0,,Sweden,Europe,17.092703,62.312961,11567.0,spatial_nearest_high_confidence,0.611733524954528,1.0127636202261898,remove_spatial_high_confidence_reference
152920,1,1.77,0,,Sweden,Europe,14.980208,62.091933,11607.0,spatial_nearest_high_confidence,0.8648086611938496,1.1500612358371765,remove_spatial_high_confidence_reference
152928,1,3.14,0,,Norway,Europe,6.612234,62.087316,9541.0,spatial_nearest_high_confidence,0.8884722603974126,1.1833943094617356,remove_spatial_high_confidence_reference
153041,1,4.14,0,,Sweden,Europe,14.903125,62.04197,,,,,restore_no_duplicate_evidence
153095,1,1.06,0,,Sweden,Europe,15.254875,62.021754,,,,,restore_no_duplicate_evidence
153266,1,5.9,0,,Sweden,Europe,13.76875,61.950228,,,,,restore_no_duplicate_evidence
153282,1,2.13,0,,Sweden,Europe,15.493324,61.946847,,,,,restore_no_duplicate_evidence
153631,1,3.08,0,,Norway,Europe,5.395122,61.79623,,,,,restore_no_duplicate_evidence
154143,1,4.11,0,,Norway,Europe,7.912214,61.545478,,,,,restore_no_duplicate_evidence
154192,1,3.14,0,,Norway,Europe,9.400577,61.512337,,,,,restore_no_duplicate_evidence
154225,1,7.51,0,,Sweden,Europe,14.7057,61.489583,,,,,restore_no_duplicate_evidence
154306,1,2.87,0,,Sweden,Europe,16.417892,61.435034,,,,,restore_no_duplicate_evidence
154544,1,2.31,0,,Sweden,Europe,13.759225,61.283126,,,,,restore_no_duplicate_evidence
154594,1,1.23,0,,Norway,Europe,7.811581,61.253345,,,,,restore_no_duplicate_evidence
154723,1,1.81,0,,Sweden,Europe,14.092166,61.174659,,,,,restore_no_duplicate_evidence
154737,1,1.3,0,,Norway,Europe,7.70255,61.165208,,,,,restore_no_duplicate_evidence
154876,1,5.92,0,,Sweden,Europe,14.304727,61.082925,,,,,restore_no_duplicate_evidence
154987,1,3.69,0,,Norway,Europe,5.711186,61.030103,,,,,restore_no_duplicate_evidence
155072,1,1.08,0,,Norway,Europe,6.503843,60.983728,9479.0,spatial_nearest_high_confidence,0.3735654548834479,1.1986571726321538,remove_spatial_high_confidence_reference
155102,1,1.69,0,,Norway,Europe,6.057689,60.969152,,,,,restore_no_duplicate_evidence
155153,1,1.15,0,,Norway,Europe,6.449411,60.94215,9428.0,spatial_nearest_high_confidence,0.24729264302772402,2.9929044334377948,remove_spatial_high_confidence_reference
155191,1,1.97,0,,Norway,Europe,9.388642,60.916493,,,,,restore_no_duplicate_evidence
155201,1,1.91,0,,Norway,Europe,6.236485,60.910609,,,,,restore_no_duplicate_evidence
155208,1,2.28,0,,Norway,Europe,5.822597,60.904549,,,,,restore_no_duplicate_evidence
155254,1,3.82,0,,Sweden,Europe,12.878653,60.870307,11515.0,spatial_nearest_high_confidence,0.6339099453697146,1.4173019217116383,remove_spatial_high_confidence_reference
155325,1,3.01,0,,Sweden,Europe,12.918857,60.822555,,,,,restore_no_duplicate_evidence
155368,1,1.67,0,,Norway,Europe,7.454556,60.800227,,,,,restore_no_duplicate_evidence
155447,1,2.14,0,,Norway,Europe,7.4077,60.754786,9449.0,spatial_nearest_high_confidence,0.8964382673893894,1.328626338728002,remove_spatial_high_confidence_reference
155481,1,2.32,0,,Norway,Europe,6.282153,60.73916,9520.0,spatial_nearest_high_confidence,0.6833641738192756,1.6806695090421964,remove_spatial_high_confidence_reference
155725,1,2.01,0,,Norway,Europe,7.144677,60.602238,9380.0,spatial_nearest_high_confidence,0.7902686171427227,1.73332319586684,remove_spatial_high_confidence_reference
155935,1,1.28,0,,Finland,Europe,26.465625,60.495515,6262.0,spatial_nearest_high_confidence,0.3345183531047851,1.172862324355798,remove_spatial_high_confidence_reference
156064,1,9.14,0,,Sweden,Europe,17.265625,60.425489,,,,,restore_no_duplicate_evidence
156774,1,2.01,0,,Sweden,Europe,12.889073,60.055415,,,,,restore_no_duplicate_evidence
157142,1,1.04,0,,Norway,Europe,6.083054,59.871892,9438.0,spatial_nearest_high_confidence,0.7796573448488081,1.2465017247132786,remove_spatial_high_confidence_reference
157364,1,4.69,0,,Norway,Europe,8.542184,59.775288,,,,,restore_no_duplicate_evidence
157415,1,1.4,0,,Norway,Europe,6.535674,59.747003,,,,,restore_no_duplicate_evidence
157503,1,1.88,0,,Norway,Europe,6.591122,59.700564,9529.0,spatial_nearest_high_confidence,0.7855891459331077,1.0722218765659064,remove_spatial_high_confidence_reference
157607,1,1.45,0,,Norway,Europe,6.061832,59.629583,9405.0,spatial_nearest_high_confidence,0.9897060057343245,1.340923514346961,remove_spatial_high_confidence_reference
157668,1,3.07,0,,Norway,Europe,7.929552,59.581115,,,,,restore_no_duplicate_evidence
158599,1,1.18,0,,Norway,Europe,6.819792,58.836217,,,,,restore_no_duplicate_evidence
158622,1,2.13,0,,Norway,Europe,7.365994,58.812395,,,,,restore_no_duplicate_evidence
158645,1,1.94,0,,Norway,Europe,7.314261,58.792418,,,,,restore_no_duplicate_evidence
158664,1,4.1,0,,Norway,Europe,6.392708,58.773777,,,,,restore_no_duplicate_evidence
158698,1,1.59,0,,Norway,Europe,7.510148,58.742243,,,,,restore_no_duplicate_evidence
158753,1,2.92,0,,Norway,Europe,6.934297,58.699527,,,,,restore_no_duplicate_evidence
158844,1,1.7,0,,Norway,Europe,7.351717,58.573629,,,,,restore_no_duplicate_evidence
158874,3,3.81,3186,Skjerkavatn,Norway,Europe,7.392328,58.546008,9370.0,grand_id_authoritative,,,remove_authoritative_duplicate
158897,1,5.67,0,,Sweden,Europe,15.467636,58.524773,,,,,restore_no_duplicate_evidence
159770,1,1.14,0,,United Kingdom,Europe,-6.157277,57.493144,,,,,restore_no_duplicate_evidence
160355,1,1.65,0,,United Kingdom,Europe,-4.107419,56.764898,,,,,restore_no_duplicate_evidence
160421,1,1.36,0,,United Kingdom,Europe,-4.516291,56.677316,,,,,restore_no_duplicate_evidence
160483,1,1.75,0,,Sweden,Europe,13.744532,56.585214,,,,,restore_no_duplicate_evidence
160550,1,2.34,0,,Sweden,Europe,13.203304,56.506931,,,,,restore_no_duplicate_evidence
160652,1,8.44,0,,United Kingdom,Europe,-4.116275,56.390288,,,,,restore_no_duplicate_evidence
161213,1,1.5,0,,United Kingdom,Europe,-4.791959,55.911096,12511.0,spatial_nearest_high_confidence,0.25686644241539625,1.1424083161258545,remove_spatial_high_confidence_reference
161238,1,1.14,0,,United Kingdom,Europe,-3.872917,55.886652,12589.0,spatial_nearest_high_confidence,0.6839791873417821,0.9820243494461837,remove_spatial_high_confidence_reference
161256,1,3.76,0,,Lithuania,Europe,23.132309,55.864647,,,,,restore_no_duplicate_evidence
161321,1,1.36,0,,United Kingdom,Europe,-3.563542,55.813552,12631.0,spatial_nearest_high_confidence,0.8798778033980332,1.2300327211072741,remove_spatial_high_confidence_reference
161384,1,1.4,0,,United Kingdom,Europe,-3.114583,55.77651,12407.0,spatial_nearest_high_confidence,0.7549245234004225,1.0875205921234368,remove_spatial_high_confidence_reference
161811,1,1.18,0,,United Kingdom,Europe,-5.629947,55.499431,,,,,restore_no_duplicate_evidence
161863,1,1.16,0,,United Kingdom,Europe,-3.443893,55.468207,,,,,restore_no_duplicate_evidence
162118,1,1.66,0,,Lithuania,Europe,23.7427,55.283795,,,,,restore_no_duplicate_evidence
163658,1,1.08,0,,Poland,Europe,15.23129,53.876462,,,,,restore_no_duplicate_evidence
164170,1,1.19,0,,Poland,Europe,16.869201,53.414928,,,,,restore_no_duplicate_evidence
164244,1,2.39,0,,United Kingdom,Europe,-4.442028,53.341416,,,,,restore_no_duplicate_evidence
164501,1,1.16,0,,Ireland,Europe,-6.208965,53.074384,,,,,restore_no_duplicate_evidence
164516,1,1.4,0,,Ireland,Europe,-6.19375,53.052627,8273.0,spatial_nearest_high_confidence,0.8981853417342176,1.167125976023214,remove_spatial_high_confidence_reference
164641,1,1.07,0,,Germany,Europe,7.931156,52.931055,6747.0,spatial_nearest_high_confidence,0.709192510957927,1.0717558814459376,remove_spatial_high_confidence_reference
164656,1,4.93,0,,United Kingdom,Europe,-3.971862,52.920963,,,,,restore_no_duplicate_evidence
164957,1,2.07,0,,Germany,Europe,7.281646,52.589749,6801.0,spatial_nearest_high_confidence,0.85121546773516,1.1703363570274574,remove_spatial_high_confidence_reference
164998,1,1.45,0,,United Kingdom,Europe,-0.740653,52.541199,12524.0,spatial_nearest_high_confidence,0.9637747055290599,1.0625736908099221,remove_spatial_high_confidence_reference
165051,1,2.05,0,,Germany,Europe,7.972917,52.492953,6757.0,spatial_nearest_high_confidence,0.6755592046156503,1.0214356916029748,remove_spatial_high_confidence_reference
165549,3,3.12,6820,,Netherlands,Europe,4.081276,51.930883,9310.0,grand_id_authoritative,,,remove_authoritative_duplicate
165654,1,1.26,0,,United Kingdom,Europe,-3.363428,51.799001,,,,,restore_no_duplicate_evidence
165674,1,1.57,0,,United Kingdom,Europe,-1.359205,51.759137,12679.0,spatial_nearest_high_confidence,0.3526054339012812,0.3149405176290257,remove_spatial_high_confidence_reference
165684,1,2.48,0,,Germany,Europe,7.202157,51.744665,,,,,restore_no_duplicate_evidence
165746,1,1.39,0,,United Kingdom,Europe,-2.976452,51.682647,,,,,restore_no_duplicate_evidence
165779,1,2.04,0,,United Kingdom,Europe,-0.01869,51.640067,,,,,restore_no_duplicate_evidence
165797,1,1.54,0,,United Kingdom,Europe,-0.033889,51.621387,,,,,restore_no_duplicate_evidence
165863,1,1.02,0,,United Kingdom,Europe,-3.735393,51.544309,12484.0,spatial_nearest_high_confidence,0.6280711572215331,1.0724914078401873,remove_spatial_high_confidence_reference
165871,1,1.76,0,,Germany,Europe,12.997429,51.539509,6887.0,spatial_nearest_high_confidence,0.8485193101617394,0.9888141044599116,remove_spatial_high_confidence_reference
165909,1,1.02,0,,Germany,Europe,8.719655,51.496231,,,,,restore_no_duplicate_evidence
165927,1,2.42,0,,United Kingdom,Europe,-0.556127,51.477244,12234.0,spatial_nearest_high_confidence,0.7485924792721563,1.3279716874051162,remove_spatial_high_confidence_reference
165939,1,2.47,0,,United Kingdom,Europe,-0.523213,51.452691,12344.0,spatial_nearest_high_confidence,0.9783840311693639,1.3074895194819127,remove_spatial_high_confidence_reference
165948,1,1.58,0,,United Kingdom,Europe,-0.509081,51.443182,12668.0,spatial_nearest_high_confidence,0.7771317355254767,1.0137047842030658,remove_spatial_high_confidence_reference
165968,1,1.08,0,,Germany,Europe,7.253855,51.415247,,,,,restore_no_duplicate_evidence
165969,1,3.11,0,,United Kingdom,Europe,-0.46875,51.414583,12374.0,spatial_nearest_high_confidence,0.6769086863035763,1.1446935142096,remove_spatial_high_confidence_reference
165988,1,1.03,0,,Germany,Europe,7.452083,51.402564,,,,,restore_no_duplicate_evidence
165991,1,1.52,0,,United Kingdom,Europe,-0.396549,51.396096,12664.0,spatial_nearest_high_confidence,0.5890909017347483,1.0290347490592628,remove_spatial_high_confidence_reference
165992,1,2.52,0,,Germany,Europe,7.000807,51.3952,,,,,restore_no_duplicate_evidence
165999,1,1.08,0,,Germany,Europe,7.405901,51.38565,6944.0,spatial_nearest_high_confidence,0.9187140536296003,1.1120363970149556,remove_spatial_high_confidence_reference
166052,1,1.51,0,,United Kingdom,Europe,-2.712839,51.336117,,,,,restore_no_duplicate_evidence
166107,1,2.35,0,,Germany,Europe,13.724515,51.26302,6929.0,spatial_nearest_high_confidence,0.9541454207401175,1.1138856007031073,remove_spatial_high_confidence_reference
166209,1,1.31,0,,Germany,Europe,7.494792,51.124124,,,,,restore_no_duplicate_evidence
166227,1,1.35,0,,Germany,Europe,7.835207,51.093439,,,,,restore_no_duplicate_evidence
166255,1,1.36,0,,Poland,Europe,14.982934,51.041971,,,,,restore_no_duplicate_evidence
166705,1,5.65,0,,Poland,Europe,18.537049,50.372917,,,,,restore_no_duplicate_evidence
166886,1,5.26,0,,Poland,Europe,18.489457,50.151441,,,,,restore_no_duplicate_evidence
167116,1,1.21,0,,France,Europe,4.592708,49.872213,6626.0,spatial_nearest_high_confidence,0.9906843110855161,1.0029660722788585,remove_spatial_high_confidence_reference
167389,1,1.01,0,,Germany,Europe,7.080219,49.565639,6915.0,spatial_nearest_high_confidence,0.5655776897013051,1.0500768217472285,remove_spatial_high_confidence_reference
167489,1,1.6,0,,France,Europe,3.666477,49.464929,,,,,restore_no_duplicate_evidence
167693,1,2.12,0,,Slovakia,Europe,18.778944,49.21418,,,,,restore_no_duplicate_evidence
167728,1,3.49,0,,Czech Republic,Europe,14.692419,49.163619,,,,,restore_no_duplicate_evidence
167749,1,2.23,0,,Germany,Europe,10.892604,49.135823,,,,,restore_no_duplicate_evidence
167751,1,1.53,0,,Czech Republic,Europe,14.868927,49.133886,6193.0,spatial_nearest_high_confidence,0.7919202647222927,1.05850799304435,remove_spatial_high_confidence_reference
167812,1,2.64,0,,Czech Republic,Europe,14.675589,49.067656,,,,,restore_no_duplicate_evidence
167832,1,4.0,0,,Czech Republic,Europe,14.76466,49.046861,6187.0,spatial_nearest_high_confidence,0.9594759388641808,1.0252635588157148,remove_spatial_high_confidence_reference
167870,1,2.04,0,,Czech Republic,Europe,14.305333,49.006268,6143.0,spatial_nearest_high_confidence,0.8014139214814056,0.9906624681581117,remove_spatial_high_confidence_reference
168480,1,1.63,0,,France,Europe,-1.292405,48.128566,,,,,restore_no_duplicate_evidence
168484,1,1.65,0,,Romania,Europe,26.569792,48.12037,,,,,restore_no_duplicate_evidence
168499,1,1.21,0,,Romania,Europe,26.684026,48.104077,9801.0,spatial_nearest_high_confidence,0.7964771776436443,1.139396262281766,remove_spatial_high_confidence_reference
168557,1,1.23,0,,France,Europe,-1.957292,48.021914,,,,,restore_no_duplicate_evidence
168592,1,2.41,0,,Romania,Europe,26.759174,47.990014,,,,,restore_no_duplicate_evidence
168676,1,1.65,0,,Germany,Europe,10.897858,47.797734,,,,,restore_no_duplicate_evidence
168803,1,1.36,0,,France,Europe,3.088264,47.617016,,,,,restore_no_duplicate_evidence
168855,1,1.45,0,,France,Europe,-1.429614,47.519552,6691.0,spatial_nearest_high_confidence,0.6438668619239524,1.1767988719497238,remove_spatial_high_confidence_reference
168862,1,1.48,0,,Hungary,Europe,18.284419,47.504547,,,,,restore_no_duplicate_evidence
168884,1,1.85,0,,France,Europe,0.187352,47.471451,,,,,restore_no_duplicate_evidence
168956,1,1.08,0,,France,Europe,4.080338,47.333979,,,,,restore_no_duplicate_evidence
168975,1,1.11,0,,Romania,Europe,27.123942,47.307505,,,,,restore_no_duplicate_evidence
168979,1,1.99,0,,Hungary,Europe,18.463542,47.302832,,,,,restore_no_duplicate_evidence
168984,1,2.21,0,,Romania,Europe,27.089695,47.29651,9804.0,spatial_nearest_high_confidence,0.9336216875628965,0.9671796491005086,remove_spatial_high_confidence_reference
169021,1,1.02,0,,France,Europe,4.633764,47.240609,6607.0,spatial_nearest_high_confidence,0.4301851208060836,1.0925724909909842,remove_spatial_high_confidence_reference
169133,3,2.63,3307,Kloentalersee,Switzerland,Europe,9.005012,47.034278,11665.0,grand_id_authoritative,,,remove_authoritative_duplicate
169139,1,2.08,0,,France,Europe,-0.818329,47.02094,,,,,restore_no_duplicate_evidence
169313,1,1.24,0,,France,Europe,4.446797,46.773782,6705.0,spatial_nearest_high_confidence,0.6114933666098394,1.1832789804111838,remove_spatial_high_confidence_reference
169362,1,1.96,0,,France,Europe,4.355814,46.719361,,,,,restore_no_duplicate_evidence
169397,1,1.48,0,,Romania,Europe,26.78488,46.677189,9808.0,spatial_nearest_high_confidence,0.7272411560575806,0.954651923079766,remove_spatial_high_confidence_reference
169444,1,2.35,0,,Romania,Europe,26.887759,46.632767,,,,,restore_no_duplicate_evidence
169446,1,1.71,0,,Romania,Europe,27.639231,46.631374,,,,,restore_no_duplicate_evidence
169491,1,1.15,0,,Austria,Europe,13.988157,46.588007,,,,,restore_no_duplicate_evidence
169502,1,1.34,0,,Romania,Europe,26.923711,46.574866,,,,,restore_no_duplicate_evidence
169702,1,2.32,0,,Slovenia,Europe,16.185314,46.38125,,,,,restore_no_duplicate_evidence
169809,1,1.98,0,,Romania,Europe,27.685417,46.270106,,,,,restore_no_duplicate_evidence
169986,1,6.48,0,,Italy,Europe,12.323958,46.129994,,,,,restore_no_duplicate_evidence
170072,1,1.05,0,,Romania,Europe,24.799655,46.064776,,,,,restore_no_duplicate_evidence
170197,1,1.52,0,,Italy,Europe,11.754875,45.953614,,,,,restore_no_duplicate_evidence
170371,1,5.24,0,,Italy,Europe,9.252488,45.79246,,,,,restore_no_duplicate_evidence
170408,1,3.31,0,,Romania,Europe,22.12738,45.754751,,,,,restore_no_duplicate_evidence
170474,1,1.51,0,,China,Asia,128.525413,45.674764,1809.0,spatial_nearest_high_confidence,0.794344308369039,0.6235443879180727,remove_spatial_high_confidence_reference
170621,1,1.8,0,,China,Asia,127.826931,45.507514,,,,,restore_no_duplicate_evidence
170714,1,1.06,0,,Romania,Europe,25.062989,45.395397,,,,,restore_no_duplicate_evidence
170750,1,1.66,0,,Romania,Europe,24.104847,45.354293,,,,,restore_no_duplicate_evidence
170777,1,1.54,0,,China,Asia,128.398389,45.334546,3081.0,spatial_nearest_high_confidence,0.8981285207335594,0.8392010171221238,remove_spatial_high_confidence_reference
170887,1,1.26,0,,Croatia,Europe,15.229622,45.233997,,,,,restore_no_duplicate_evidence
171286,1,1.77,0,,France,Europe,2.657292,44.725688,6538.0,spatial_nearest_high_confidence,0.5932189252589363,1.1369054232948113,remove_spatial_high_confidence_reference
171322,1,7.62,0,,Romania,Europe,27.607292,44.669434,,,,,restore_no_duplicate_evidence
171325,1,1.05,0,,France,Europe,0.347917,44.665602,6598.0,spatial_nearest_high_confidence,0.8661258474704789,1.3692755411527113,remove_spatial_high_confidence_reference
171357,1,1.64,0,,France,Europe,3.562038,44.625245,,,,,restore_no_duplicate_evidence
171389,1,2.89,0,,Romania,Europe,25.9348,44.565973,,,,,restore_no_duplicate_evidence
171504,1,1.49,0,,China,Asia,126.844521,44.285618,4938.0,spatial_nearest_high_confidence,0.7341031589241447,0.8368822789655603,remove_spatial_high_confidence_reference
171525,1,2.7,0,,China,Asia,127.346874,44.222455,2765.0,spatial_nearest_high_confidence,0.7882688984042019,1.0350366444798107,remove_spatial_high_confidence_reference
171546,1,1.18,0,,Italy,Europe,11.04107,44.133833,8442.0,spatial_nearest_high_confidence,0.8985999525841174,0.9670838705819474,remove_spatial_high_confidence_reference
171564,1,4.47,0,,China,Asia,130.177805,44.079521,,,,,restore_no_duplicate_evidence
171637,1,1.89,0,,China,Asia,126.303125,43.842934,4650.0,spatial_nearest_high_confidence,0.8021724509921997,1.0787529012036083,remove_spatial_high_confidence_reference
171664,1,1.73,0,,China,Asia,86.950281,43.775387,,,,,restore_no_duplicate_evidence
171695,1,1.17,0,,France,Europe,5.732642,43.705102,,,,,restore_no_duplicate_evidence
171711,1,3.03,0,,China,Asia,87.589662,43.663338,,,,,restore_no_duplicate_evidence
171716,1,8.1,0,,China,Asia,126.056311,43.651729,,,,,restore_no_duplicate_evidence
171729,1,1.34,0,,Spain,Europe,-8.085668,43.613692,,,,,restore_no_duplicate_evidence
171805,1,1.06,0,,China,Asia,126.332272,43.435397,4390.0,spatial_nearest_high_confidence,0.8600374851326902,0.7590231324242945,remove_spatial_high_confidence_reference
171862,1,1.57,0,,France,Europe,0.426988,43.293338,6678.0,spatial_nearest_high_confidence,0.7203791106838664,1.0152734560368013,remove_spatial_high_confidence_reference
171868,1,1.12,0,,France,Europe,1.201703,43.281343,,,,,restore_no_duplicate_evidence
171942,1,1.55,0,,Bulgaria,Europe,24.885149,43.071111,1252.0,spatial_nearest_high_confidence,0.8170849899203507,1.2288868203462473,remove_spatial_high_confidence_reference
171999,1,5.12,0,,China,Asia,125.303924,42.914781,,,,,restore_no_duplicate_evidence
172079,1,1.38,0,,Spain,Europe,-6.071819,42.649323,10779.0,spatial_nearest_high_confidence,0.827317964442173,1.3721333281043604,remove_spatial_high_confidence_reference
172101,1,3.07,0,,Italy,Europe,12.255275,42.590246,,,,,restore_no_duplicate_evidence
172187,1,9.24,0,,China,Asia,125.340914,42.263738,,,,,restore_no_duplicate_evidence
172196,1,4.91,0,,China,Asia,120.29613,42.229309,,,,,restore_no_duplicate_evidence
172211,1,3.27,0,,China,Asia,118.193384,42.134093,,,,,restore_no_duplicate_evidence
172276,1,2.94,0,,Bulgaria,Europe,24.127083,41.813891,,,,,restore_no_duplicate_evidence
172319,1,1.67,0,,China,Asia,121.502586,41.676602,,,,,restore_no_duplicate_evidence
172341,1,2.4,0,,Macedonia,Europe,22.324839,41.583125,,,,,restore_no_duplicate_evidence
172360,1,8.29,0,,Kyrgyzstan,Asia,72.366144,41.499884,,,,,restore_no_duplicate_evidence
172372,1,3.16,0,,Albania,Europe,19.86975,41.44457,,,,,restore_no_duplicate_evidence
172373,1,1.12,0,,Italy,Europe,15.429749,41.433472,8393.0,spatial_nearest_high_confidence,0.4198305165821965,0.8723915331308453,remove_spatial_high_confidence_reference
172379,1,2.58,0,,Italy,Europe,14.385417,41.414583,8308.0,spatial_nearest_high_confidence,0.5215783452094904,1.5978866430066105,remove_spatial_high_confidence_reference
172391,1,4.31,0,,China,Asia,118.652078,41.394018,,,,,restore_no_duplicate_evidence
172421,1,6.17,0,,Georgia,Asia,45.885417,41.278473,,,,,restore_no_duplicate_evidence
172428,1,1.59,0,,Turkey,Asia,31.61955,41.240583,,,,,restore_no_duplicate_evidence
172448,1,2.11,0,,Italy,Europe,15.814578,41.160422,,,,,restore_no_duplicate_evidence
172465,1,5.24,0,,Turkey,Asia,36.631147,41.110275,,,,,restore_no_duplicate_evidence
172466,1,5.29,0,,Turkey,Asia,28.72144,41.107488,,,,,restore_no_duplicate_evidence
172467,1,2.27,0,,Turkey,Asia,28.921563,41.103392,,,,,restore_no_duplicate_evidence
172471,1,1.66,0,,Italy,Europe,15.997644,41.092854,8566.0,spatial_nearest_high_confidence,0.9189088177613615,0.777096505033734,remove_spatial_high_confidence_reference
172480,1,1.68,0,,Azerbaijan,Asia,45.151876,41.064422,,,,,restore_no_duplicate_evidence
172481,1,1.42,0,,Spain,Europe,-0.183061,41.063224,10997.0,spatial_nearest_high_confidence,0.7556320251635821,1.1190132435305853,remove_spatial_high_confidence_reference
172485,1,2.97,0,,Turkey,Asia,30.580313,41.051599,,,,,restore_no_duplicate_evidence
172562,1,1.11,0,,Turkey,Asia,29.887171,40.906259,11843.0,spatial_nearest_high_confidence,0.8725328658387937,1.3632474689015937,remove_spatial_high_confidence_reference
172597,1,3.64,0,,Turkey,Asia,26.773523,40.794775,,,,,restore_no_duplicate_evidence
172612,1,1.55,0,,China,Asia,109.796875,40.764583,1829.0,spatial_nearest_high_confidence,0.9178149812402238,1.5760794804421718,remove_spatial_high_confidence_reference
172627,1,2.07,0,,Albania,Europe,19.724516,40.724472,26.0,spatial_nearest_high_confidence,0.9922725233693609,0.9914043510714893,remove_spatial_high_confidence_reference
172629,3,2.9,5897,,North Korea,Asia,128.269792,40.721802,20141.0,grand_id_authoritative,,,remove_authoritative_duplicate
172640,1,1.34,0,,Spain,Europe,-4.472606,40.688371,,,,,restore_no_duplicate_evidence
172716,1,1.31,0,,Italy,Europe,15.998958,40.54218,,,,,restore_no_duplicate_evidence
172769,1,4.34,0,,China,Asia,120.097357,40.363427,,,,,restore_no_duplicate_evidence
172779,1,1.15,0,,Italy,Europe,15.110806,40.316249,8498.0,spatial_nearest_high_confidence,0.9705480414349513,1.1099556647404871,remove_spatial_high_confidence_reference
172789,1,1.83,0,,Spain,Europe,-5.894792,40.282549,,,,,restore_no_duplicate_evidence
172790,1,4.69,0,,Italy,Europe,16.000949,40.277074,,,,,restore_no_duplicate_evidence
172795,1,3.46,0,,China,Asia,113.272232,40.249284,,,,,restore_no_duplicate_evidence
172796,1,1.86,0,,China,Asia,118.00625,40.249112,4963.0,spatial_nearest_high_confidence,0.39105280715634577,0.8740835369133332,remove_spatial_high_confidence_reference
172804,1,3.22,0,,Azerbaijan,Asia,46.647917,40.205989,,,,,restore_no_duplicate_evidence
172807,1,4.45,0,,Turkey,Asia,27.021011,40.183522,,,,,restore_no_duplicate_evidence
172816,1,2.28,0,,China,Asia,97.400995,40.133794,,,,,restore_no_duplicate_evidence
172849,1,2.6,0,,Spain,Europe,-4.705584,40.01489,,,,,restore_no_duplicate_evidence
172864,1,4.7,0,,Portugal,Europe,-7.482292,39.970287,,,,,restore_no_duplicate_evidence
172867,1,1.01,0,,China,Asia,115.6764,39.960809,,,,,restore_no_duplicate_evidence
172868,1,1.89,0,,China,Asia,94.331171,39.951549,,,,,restore_no_duplicate_evidence
172877,1,9.0,0,,China,Asia,98.83125,39.903449,,,,,restore_no_duplicate_evidence
172880,1,2.37,0,,Spain,Europe,-6.541783,39.890021,,,,,restore_no_duplicate_evidence
172889,1,3.07,0,,China,Asia,98.144035,39.834747,,,,,restore_no_duplicate_evidence
172935,1,1.17,0,,Italy,Europe,16.162627,39.650192,8357.0,spatial_nearest_high_confidence,0.5025244916524925,0.6409963253127011,remove_spatial_high_confidence_reference
172961,1,1.42,0,,Turkey,Asia,33.912129,39.558726,,,,,restore_no_duplicate_evidence
172971,1,1.13,0,,China,Asia,122.253395,39.533199,,,,,restore_no_duplicate_evidence
172982,1,5.89,0,,Turkey,Asia,27.94375,39.488767,,,,,restore_no_duplicate_evidence
173023,1,1.84,0,,Spain,Europe,-6.304319,39.363676,,,,,restore_no_duplicate_evidence
173051,1,3.31,0,,Italy,Europe,8.892316,39.280031,,,,,restore_no_duplicate_evidence
173061,1,1.59,0,,Italy,Europe,9.211233,39.2567,8386.0,spatial_nearest_high_confidence,0.88971228098306,0.7831503411684757,remove_spatial_high_confidence_reference
173069,1,4.65,0,,Italy,Europe,16.542638,39.244341,,,,,restore_no_duplicate_evidence
173070,1,1.12,0,,Spain,Europe,-5.468743,39.239593,11242.0,spatial_nearest_high_confidence,0.49867102101383015,1.3468434064096657,remove_spatial_high_confidence_reference
173073,1,1.51,0,,Turkey,Asia,26.844309,39.236365,,,,,restore_no_duplicate_evidence
173098,1,3.45,0,,Italy,Europe,16.675762,39.204774,,,,,restore_no_duplicate_evidence
173107,1,1.88,0,,Spain,Europe,-5.363094,39.191529,10867.0,spatial_nearest_high_confidence,0.7885719485738809,0.869471103618908,remove_spatial_high_confidence_reference
173142,1,2.22,0,,Spain,Europe,-6.43125,39.153709,,,,,restore_no_duplicate_evidence
173144,1,1.0,0,,Spain,Europe,-6.41787,39.152985,11205.0,spatial_nearest_high_confidence,0.6013746331062747,1.2310706092941075,remove_spatial_high_confidence_reference
173161,1,1.5,0,,Turkey,Asia,27.192329,39.133176,,,,,restore_no_duplicate_evidence
173213,1,1.01,0,,Italy,Europe,17.052334,39.005875,8537.0,spatial_nearest_high_confidence,0.3280822465484619,1.1559302842150747,remove_spatial_high_confidence_reference
173225,1,3.23,0,,Spain,Europe,-6.523021,38.96577,11027.0,spatial_nearest_high_confidence,0.9354960227500883,0.908412289501549,remove_spatial_high_confidence_reference
173261,1,1.87,0,,Turkey,Asia,35.735417,38.889397,,,,,restore_no_duplicate_evidence
173344,1,1.69,0,,Azerbaijan,Asia,48.771875,38.652083,587.0,spatial_nearest_high_confidence,0.3389648680182025,1.104930024645069,remove_spatial_high_confidence_reference
173370,1,1.36,0,,Spain,Europe,-6.734691,38.563546,11072.0,spatial_nearest_high_confidence,0.8892854601284612,1.0721220961631366,remove_spatial_high_confidence_reference
173401,1,1.4,0,,Spain,Europe,-6.91875,38.473692,10982.0,spatial_nearest_high_confidence,0.845594664066927,1.1623998977821206,remove_spatial_high_confidence_reference
173423,1,5.53,0,,North Korea,Asia,127.184375,38.395246,,,,,restore_no_duplicate_evidence
173436,1,1.21,0,,Spain,Europe,-6.694712,38.345493,10743.0,spatial_nearest_high_confidence,0.9444383161353864,1.226260692856192,remove_spatial_high_confidence_reference
173448,1,1.13,0,,Spain,Europe,-5.911581,38.31307,10802.0,spatial_nearest_high_confidence,0.8278490305564156,0.9689163207776371,remove_spatial_high_confidence_reference
173453,1,1.96,0,,Spain,Europe,-6.675342,38.301942,,,,,restore_no_duplicate_evidence
173458,1,2.1,0,,Turkey,Asia,26.407477,38.283086,12093.0,spatial_nearest_high_confidence,0.8898740129751713,1.0982788701388544,remove_spatial_high_confidence_reference
173475,1,3.77,0,,Turkey,Asia,28.602025,38.243685,11866.0,spatial_nearest_high_confidence,0.6057108947304203,0.9783912330028257,remove_spatial_high_confidence_reference
173492,1,1.82,0,,Iran,Asia,48.286458,38.217814,8223.0,spatial_nearest_high_confidence,0.6375026511034994,1.023889813501269,remove_spatial_high_confidence_reference
173509,1,1.88,0,,Turkey,Asia,35.392708,38.183725,,,,,restore_no_duplicate_evidence
173527,1,1.01,0,,Turkey,Asia,28.844573,38.155263,,,,,restore_no_duplicate_evidence
173611,1,1.1,0,,Portugal,Europe,-7.463497,37.992386,9773.0,spatial_nearest_high_confidence,0.9851167419826995,1.626147825036402,remove_spatial_high_confidence_reference
173623,1,8.04,0,,China,Asia,108.782315,37.975422,,,,,restore_no_duplicate_evidence
173628,1,2.0,0,,Italy,Europe,13.286188,37.965169,,,,,restore_no_duplicate_evidence
173650,1,1.57,0,,China,Asia,101.852083,37.91395,4703.0,spatial_nearest_high_confidence,0.5553963740617812,0.5239375662467042,remove_spatial_high_confidence_reference
173687,1,1.78,0,,China,Asia,114.397478,37.810104,,,,,restore_no_duplicate_evidence
173714,1,1.37,0,,Turkey,Asia,33.664583,37.714583,12096.0,spatial_nearest_high_confidence,0.21668329971435052,1.3247821258633166,remove_spatial_high_confidence_reference
173722,1,2.33,0,,Turkey,Asia,28.007566,37.690957,,,,,restore_no_duplicate_evidence
173726,1,1.38,0,,Turkey,Asia,40.444824,37.683392,,,,,restore_no_duplicate_evidence
173738,1,2.4,0,,China,Asia,108.47423,37.635126,,,,,restore_no_duplicate_evidence
173757,1,1.66,0,,China,Asia,102.725299,37.579492,,,,,restore_no_duplicate_evidence
173760,1,1.03,0,,Spain,Europe,-6.049178,37.569122,,,,,restore_no_duplicate_evidence
173793,1,3.85,0,,Italy,Europe,14.572343,37.447686,,,,,restore_no_duplicate_evidence
173797,1,2.09,0,,Turkmenistan,Asia,54.642708,37.43781,8217.0,spatial_nearest_high_confidence,0.792421532944141,1.2385176698331768,remove_spatial_high_confidence_reference
173817,1,1.39,0,,Spain,Europe,-3.71875,37.402971,11171.0,spatial_nearest_high_confidence,0.6177425664026329,1.023879707411408,remove_spatial_high_confidence_reference
173825,1,1.18,0,,Turkey,Asia,27.885417,37.385417,,,,,restore_no_duplicate_evidence
173850,1,4.42,0,,Portugal,Europe,-7.487006,37.327293,,,,,restore_no_duplicate_evidence
173853,1,1.19,0,,China,Asia,122.431291,37.322791,4657.0,spatial_nearest_high_confidence,0.9817217555810247,1.2070201047329832,remove_spatial_high_confidence_reference
173859,1,1.18,0,,Italy,Europe,13.757465,37.308866,8364.0,spatial_nearest_high_confidence,0.6719116088106188,0.8469326802405381,remove_spatial_high_confidence_reference
173860,1,1.25,0,,Turkey,Asia,30.812119,37.308696,12174.0,spatial_nearest_high_confidence,0.9697425477568576,0.8197921509780474,remove_spatial_high_confidence_reference
173872,1,1.5,0,,Spain,Europe,-3.681904,37.275139,11141.0,spatial_nearest_high_confidence,0.9547367869805289,1.0281964549372873,remove_spatial_high_confidence_reference
173904,1,2.76,0,,China,Asia,122.389846,37.202818,,,,,restore_no_duplicate_evidence
173907,1,1.01,0,,China,Asia,109.346048,37.181548,,,,,restore_no_duplicate_evidence
173909,1,7.81,0,,China,Asia,121.927496,37.178128,,,,,restore_no_duplicate_evidence
173931,1,1.5,0,,China,Asia,113.284145,37.115686,3963.0,spatial_nearest_high_confidence,0.9101251554967712,0.7743427077715824,remove_spatial_high_confidence_reference
173942,1,1.74,0,,South Korea,Asia,127.273336,37.080938,,,,,restore_no_duplicate_evidence
173943,1,1.15,0,,China,Asia,122.061458,37.078426,3960.0,spatial_nearest_high_confidence,0.8304674018823844,1.1145673124271864,remove_spatial_high_confidence_reference
173944,1,1.51,0,,Turkey,Asia,29.727927,37.071319,11812.0,spatial_nearest_high_confidence,0.5625130086932841,1.0868699364954768,remove_spatial_high_confidence_reference
173950,1,2.47,0,,China,Asia,120.298212,37.052377,,,,,restore_no_duplicate_evidence
173961,1,4.78,0,,Turkey,Asia,29.452083,37.027083,,,,,restore_no_duplicate_evidence
173982,1,1.28,0,,China,Asia,119.939609,36.989559,5828.0,spatial_nearest_high_confidence,0.7246197752321372,1.4821377534624538,remove_spatial_high_confidence_reference
173990,1,5.02,0,,China,Asia,120.251329,36.95699,,,,,restore_no_duplicate_evidence
173991,1,1.4,0,,China,Asia,121.497903,36.953559,4857.0,spatial_nearest_high_confidence,0.8170128251189807,0.936321108466976,remove_spatial_high_confidence_reference
174023,1,1.05,0,,Iraq,Asia,43.0057,36.87787,8261.0,spatial_nearest_high_confidence,0.8246706737380687,0.7693940905077289,remove_spatial_high_confidence_reference
174024,1,1.54,0,,China,Asia,120.039433,36.873093,2010.0,spatial_nearest_high_confidence,0.5695329399350039,1.1481274701085427,remove_spatial_high_confidence_reference
174054,1,2.21,0,,Spain,Europe,-5.790999,36.752982,,,,,restore_no_duplicate_evidence
174055,1,4.36,0,,Algeria,Africa,8.394094,36.752083,,,,,restore_no_duplicate_evidence
174066,1,3.12,0,,Algeria,Africa,6.63421,36.715057,,,,,restore_no_duplicate_evidence
174067,1,5.84,0,,China,Asia,117.875701,36.713434,,,,,restore_no_duplicate_evidence
174078,1,1.37,0,,China,Asia,118.979852,36.658692,5198.0,spatial_nearest_high_confidence,0.6952721007885048,1.4537798849321368,remove_spatial_high_confidence_reference
174091,1,7.82,0,,China,Asia,119.089458,36.618458,,,,,restore_no_duplicate_evidence
174108,1,1.55,0,,China,Asia,119.000415,36.546787,2187.0,spatial_nearest_high_confidence,0.8187225083676651,1.6364123240316986,remove_spatial_high_confidence_reference
174114,1,1.68,0,,Turkey,Asia,33.191947,36.529561,,,,,restore_no_duplicate_evidence
174117,1,1.39,0,,China,Asia,117.148424,36.506293,,,,,restore_no_duplicate_evidence
174139,1,1.05,0,,China,Asia,118.305872,36.372299,5165.0,spatial_nearest_high_confidence,0.8487658866072685,0.8154716227548594,remove_spatial_high_confidence_reference
174140,1,1.27,0,,China,Asia,120.457669,36.367762,5057.0,spatial_nearest_high_confidence,0.8141941564317922,1.1021378955802166,remove_spatial_high_confidence_reference
174146,1,1.32,0,,China,Asia,117.661494,36.335388,3847.0,spatial_nearest_high_confidence,0.8063285520196293,0.640598310309717,remove_spatial_high_confidence_reference
174152,1,1.51,0,,China,Asia,117.364118,36.30961,4798.0,spatial_nearest_high_confidence,0.7428856833712488,1.1179462579152804,remove_spatial_high_confidence_reference
174154,1,3.29,0,,China,Asia,117.238505,36.30625,2333.0,spatial_nearest_high_confidence,0.6370702310933885,0.8832381278035427,remove_spatial_high_confidence_reference
174176,1,4.08,0,,South Korea,Asia,126.64923,36.248365,,,,,restore_no_duplicate_evidence
174198,1,1.11,0,,China,Asia,118.697917,36.201244,5382.0,spatial_nearest_high_confidence,0.5327220014938474,0.9936812472049539,remove_spatial_high_confidence_reference
174200,1,2.04,0,,Turkey,Asia,36.329968,36.192821,,,,,restore_no_duplicate_evidence
174214,1,1.36,0,,China,Asia,119.09272,36.177109,3280.0,spatial_nearest_high_confidence,0.6160772216567223,1.11877246983478,remove_spatial_high_confidence_reference
174220,1,1.05,0,,China,Asia,111.735418,36.152087,5100.0,spatial_nearest_high_confidence,0.6528664105683585,1.173296454919812,remove_spatial_high_confidence_reference
174221,1,1.52,0,,China,Asia,119.20931,36.151992,2865.0,spatial_nearest_high_confidence,0.6619818956754986,1.6848222559953705,remove_spatial_high_confidence_reference
174235,1,7.79,0,,Algeria,Africa,7.384375,36.109478,,,,,restore_no_duplicate_evidence
174239,1,2.52,0,,China,Asia,119.877083,36.101639,,,,,restore_no_duplicate_evidence
174240,1,2.31,0,,China,Asia,114.139513,36.093018,,,,,restore_no_duplicate_evidence
174243,1,1.05,0,,China,Asia,111.727388,36.077395,3220.0,spatial_nearest_high_confidence,0.5682525149070206,0.8896016946655128,remove_spatial_high_confidence_reference
174259,1,2.45,0,,South Korea,Asia,127.240625,36.023563,,,,,restore_no_duplicate_evidence
174284,1,2.28,0,,China,Asia,117.786458,35.944964,2075.0,spatial_nearest_high_confidence,0.7539298997166483,0.9120820680014211,remove_spatial_high_confidence_reference
174293,1,3.86,0,,China,Asia,114.280149,35.914098,,,,,restore_no_duplicate_evidence
174301,1,1.29,0,,China,Asia,119.578125,35.886557,5239.0,spatial_nearest_high_confidence,0.39305923538399096,1.1510287841146558,remove_spatial_high_confidence_reference
174307,1,1.3,0,,China,Asia,106.535424,35.860388,3891.0,spatial_nearest_high_confidence,0.6774568360226778,2.0908689154733513,remove_spatial_high_confidence_reference
174311,1,1.21,0,,South Korea,Asia,129.268893,35.847971,8965.0,spatial_nearest_high_confidence,0.6587752399831908,0.959755831009105,remove_spatial_high_confidence_reference
174336,1,1.35,0,,China,Asia,111.794706,35.772851,5923.0,spatial_nearest_high_confidence,0.7288981914218281,1.4064793610774453,remove_spatial_high_confidence_reference
174361,1,2.61,0,,Iraq,Asia,44.10625,35.695404,,,,,restore_no_duplicate_evidence
174362,1,3.1,0,,Syria,Asia,36.406531,35.69386,11691.0,spatial_nearest_high_confidence,0.9794781882789104,1.781430724687974,remove_spatial_high_confidence_reference
174367,1,1.72,0,,South Korea,Asia,126.56829,35.667083,8861.0,spatial_nearest_high_confidence,0.42445780780637166,1.1342230575654486,remove_spatial_high_confidence_reference
174375,1,7.1,0,,Syria,Asia,35.920225,35.63668,,,,,restore_no_duplicate_evidence
174417,1,1.2,0,,China,Asia,110.304726,35.537946,3831.0,spatial_nearest_high_confidence,0.9719049361639558,1.0837145060170106,remove_spatial_high_confidence_reference
174429,1,1.13,0,,China,Asia,117.558609,35.505392,,,,,restore_no_duplicate_evidence
174442,1,1.2,0,,China,Asia,109.668956,35.464855,,,,,restore_no_duplicate_evidence
174464,1,5.82,0,,South Korea,Asia,126.82014,35.357365,,,,,restore_no_duplicate_evidence
174475,1,4.17,0,,China,Asia,117.665577,35.322199,,,,,restore_no_duplicate_evidence
174479,1,1.27,0,,China,Asia,119.129792,35.299738,2709.0,spatial_nearest_high_confidence,0.8033346065265067,1.1029263515924441,remove_spatial_high_confidence_reference
174494,1,1.04,0,,China,Asia,117.750492,35.240687,5881.0,spatial_nearest_high_confidence,0.9200328860590093,1.10468252622775,remove_spatial_high_confidence_reference
174497,1,1.53,0,,South Korea,Asia,129.118787,35.237215,,,,,restore_no_duplicate_evidence
174519,1,1.5,0,,South Korea,Asia,126.986881,35.200255,,,,,restore_no_duplicate_evidence
174527,1,1.21,0,,South Korea,Asia,127.785151,35.164957,8833.0,spatial_nearest_high_confidence,0.9241044691819511,1.4599383525830087,remove_spatial_high_confidence_reference
174543,1,1.54,0,,China,Asia,117.512771,35.116529,,,,,restore_no_duplicate_evidence
174573,1,1.46,0,,China,Asia,108.900332,34.991044,,,,,restore_no_duplicate_evidence
174586,1,3.53,0,,China,Asia,117.685376,34.943817,,,,,restore_no_duplicate_evidence
174590,1,2.92,0,,Syria,Asia,36.735109,34.940255,,,,,restore_no_duplicate_evidence
174708,1,1.75,0,,China,Asia,118.63123,34.602104,4271.0,spatial_nearest_high_confidence,0.4709888037735021,0.7183208176020108,remove_spatial_high_confidence_reference
174712,1,1.31,0,,Afghanistan,Asia,69.775452,34.587089,,,,,restore_no_duplicate_evidence
174818,1,1.0,0,,China,Asia,112.618244,34.214549,5141.0,spatial_nearest_high_confidence,0.7440380853997315,0.8935642555668474,remove_spatial_high_confidence_reference
174844,1,4.61,0,,Morocco,Africa,-5.321821,34.10195,,,,,restore_no_duplicate_evidence
174889,1,1.27,0,,China,Asia,109.914774,33.903714,,,,,restore_no_duplicate_evidence
174936,1,1.07,0,,China,Asia,113.001042,33.638064,5829.0,spatial_nearest_high_confidence,0.6230758737742539,0.7902587265074857,remove_spatial_high_confidence_reference
174937,1,2.89,0,,Pakistan,Asia,72.677083,33.617474,9558.0,spatial_nearest_high_confidence,0.9677923521151602,0.9322452242997289,remove_spatial_high_confidence_reference
174992,1,5.55,0,,Afghanistan,Asia,68.635719,33.294409,,,,,restore_no_duplicate_evidence
175021,1,1.28,0,,China,Asia,112.396249,33.178369,5428.0,spatial_nearest_high_confidence,0.4816086165265057,0.8699801448833637,remove_spatial_high_confidence_reference
175028,1,1.42,0,,China,Asia,112.062219,33.169698,5532.0,spatial_nearest_high_confidence,0.5648070809810639,0.8225517878204553,remove_spatial_high_confidence_reference
175037,1,2.11,0,,China,Asia,112.344655,33.153743,5467.0,spatial_nearest_high_confidence,0.7943716657018312,1.3628790093181096,remove_spatial_high_confidence_reference
175070,1,1.09,0,,China,Asia,112.476883,33.035263,5559.0,spatial_nearest_high_confidence,0.7474609465476009,1.2266588197119443,remove_spatial_high_confidence_reference
175077,1,2.33,0,,China,Asia,113.245654,33.020405,2838.0,spatial_nearest_high_confidence,0.3801988421052604,0.6116333754945101,remove_spatial_high_confidence_reference
175120,1,2.5,0,,China,Asia,118.480968,32.869091,5216.0,spatial_nearest_high_confidence,0.9704270596216878,0.7052940837164269,remove_spatial_high_confidence_reference
175151,1,3.88,0,,China,Asia,118.101042,32.75519,5814.0,spatial_nearest_high_confidence,0.8642026530368079,1.0252262833429775,remove_spatial_high_confidence_reference
175167,1,1.27,0,,China,Asia,118.589475,32.71053,5972.0,spatial_nearest_high_confidence,0.7570531016849361,0.9001490224262517,remove_spatial_high_confidence_reference
175174,1,4.32,0,,China,Asia,117.59775,32.688759,3010.0,spatial_nearest_high_confidence,0.8447144206271712,0.6183944777359193,remove_spatial_high_confidence_reference
175212,1,8.74,0,,China,Asia,118.461808,32.578107,,,,,restore_no_duplicate_evidence
175220,1,2.12,0,,China,Asia,117.436658,32.560458,2227.0,spatial_nearest_high_confidence,0.5018305508730136,0.9097695698705653,remove_spatial_high_confidence_reference
175226,1,3.1,0,,China,Asia,118.831185,32.543575,,,,,restore_no_duplicate_evidence
175227,1,1.16,0,,China,Asia,118.347917,32.543084,5033.0,spatial_nearest_high_confidence,0.7603588960990996,1.1408540927973994,remove_spatial_high_confidence_reference
175229,1,1.33,0,,China,Asia,113.28256,32.54115,5453.0,spatial_nearest_high_confidence,0.7241488117804895,0.8222146801887634,remove_spatial_high_confidence_reference
175235,1,2.34,0,,China,Asia,118.314887,32.533085,,,,,restore_no_duplicate_evidence
175236,1,2.75,0,,China,Asia,117.783834,32.531081,,,,,restore_no_duplicate_evidence
175237,1,1.48,0,,China,Asia,118.234375,32.530532,2219.0,spatial_nearest_high_confidence,0.7964225444130305,1.0206293795720873,remove_spatial_high_confidence_reference
175242,1,1.41,0,,China,Asia,117.477867,32.520071,4725.0,spatial_nearest_high_confidence,0.5782667410035364,0.6035361569224708,remove_spatial_high_confidence_reference
175243,1,1.04,0,,China,Asia,111.775695,32.518385,4329.0,spatial_nearest_high_confidence,0.9714904721297448,0.7596594634781043,remove_spatial_high_confidence_reference
175251,1,2.63,0,,China,Asia,118.757518,32.485417,4548.0,spatial_nearest_high_confidence,0.8624528537691563,1.000158110038806,remove_spatial_high_confidence_reference
175262,1,2.55,0,,China,Asia,118.392897,32.428434,,,,,restore_no_duplicate_evidence
175264,1,3.04,0,,China,Asia,113.864662,32.423374,,,,,restore_no_duplicate_evidence
175284,1,1.18,0,,China,Asia,112.157375,32.344442,1857.0,spatial_nearest_high_confidence,0.5466262159322859,0.5513872032120553,remove_spatial_high_confidence_reference
175290,1,1.45,0,,China,Asia,111.910064,32.323927,,,,,restore_no_duplicate_evidence
175294,1,2.63,0,,China,Asia,112.686325,32.315629,,,,,restore_no_duplicate_evidence
175319,1,4.47,0,,China,Asia,112.864604,32.23961,,,,,restore_no_duplicate_evidence
175327,1,6.79,0,,China,Asia,115.975691,32.214319,,,,,restore_no_duplicate_evidence
175334,1,1.1,0,,Jordan,Asia,35.803354,32.190084,8802.0,spatial_nearest_high_confidence,0.9581862491055274,0.8582529362688927,remove_spatial_high_confidence_reference
175336,1,2.71,0,,China,Asia,112.682261,32.189761,,,,,restore_no_duplicate_evidence
175344,1,1.95,0,,China,Asia,112.772908,32.172931,5377.0,spatial_nearest_high_confidence,0.975045379441498,1.4761807782878524,remove_spatial_high_confidence_reference
175346,1,3.39,0,,China,Asia,117.106884,32.171451,,,,,restore_no_duplicate_evidence
175353,1,2.71,0,,China,Asia,112.420488,32.149804,,,,,restore_no_duplicate_evidence
175367,1,3.59,0,,China,Asia,112.811458,32.10625,,,,,restore_no_duplicate_evidence
175376,1,2.13,0,,China,Asia,113.094797,32.065849,,,,,restore_no_duplicate_evidence
175386,1,1.96,0,,China,Asia,117.527083,32.027673,4178.0,spatial_nearest_high_confidence,0.9534271786156886,0.9991663158080442,remove_spatial_high_confidence_reference
175407,1,1.5,0,,China,Asia,112.321452,31.958605,,,,,restore_no_duplicate_evidence
175412,1,1.22,0,,China,Asia,112.499167,31.948053,3351.0,spatial_nearest_high_confidence,0.665758310998728,0.9999791386231967,remove_spatial_high_confidence_reference
175422,1,1.27,0,,China,Asia,118.273958,31.909081,4612.0,spatial_nearest_high_confidence,0.9652215774645053,1.0983209334879185,remove_spatial_high_confidence_reference
175452,1,1.8,0,,China,Asia,118.063542,31.800584,3972.0,spatial_nearest_high_confidence,0.7377015565655569,1.2268563202560283,remove_spatial_high_confidence_reference
175456,1,2.49,0,,China,Asia,115.42038,31.787896,,,,,restore_no_duplicate_evidence
175457,1,1.54,0,,China,Asia,117.859375,31.786761,3805.0,spatial_nearest_high_confidence,0.6157770741693871,1.2676809433266973,remove_spatial_high_confidence_reference
175467,1,3.7,0,,China,Asia,112.435521,31.74805,4865.0,spatial_nearest_high_confidence,0.8049880203196852,1.319090370415471,remove_spatial_high_confidence_reference
175468,1,1.52,0,,China,Asia,119.335394,31.735438,3857.0,spatial_nearest_high_confidence,0.7182524143001373,1.0726507502393745,remove_spatial_high_confidence_reference
175479,1,2.17,0,,China,Asia,116.864473,31.697917,,,,,restore_no_duplicate_evidence
175481,1,1.33,0,,China,Asia,118.084068,31.682042,4428.0,spatial_nearest_high_confidence,0.615915647295543,1.0542529722086713,remove_spatial_high_confidence_reference
175482,1,1.31,0,,China,Asia,116.810417,31.669624,4394.0,spatial_nearest_high_confidence,0.3714375169105089,2.0523765431368943,remove_spatial_high_confidence_reference
175505,1,1.1,0,,China,Asia,113.275455,31.579478,,,,,restore_no_duplicate_evidence
175533,1,1.41,0,,China,Asia,114.634469,31.486061,,,,,restore_no_duplicate_evidence
175542,1,1.67,0,,China,Asia,113.396771,31.467934,,,,,restore_no_duplicate_evidence
175569,1,1.56,0,,China,Asia,114.113542,31.376052,,,,,restore_no_duplicate_evidence
175583,1,1.33,0,,China,Asia,113.198958,31.341186,,,,,restore_no_duplicate_evidence
175603,1,1.54,0,,China,Asia,113.772917,31.302778,3569.0,spatial_nearest_high_confidence,0.7220679083224639,1.151905283211493,remove_spatial_high_confidence_reference
175651,1,7.7,0,,China,Asia,114.323958,31.177101,,,,,restore_no_duplicate_evidence
175660,1,2.07,0,,China,Asia,119.231281,31.16133,,,,,restore_no_duplicate_evidence
175697,1,5.06,0,,China,Asia,113.527064,31.089602,,,,,restore_no_duplicate_evidence
175708,1,1.08,0,,China,Asia,115.081466,31.062641,,,,,restore_no_duplicate_evidence
175726,1,1.27,0,,China,Asia,119.489583,31.027083,4132.0,spatial_nearest_high_confidence,0.4066731755399782,1.3930249828158636,remove_spatial_high_confidence_reference
175738,1,1.25,0,,China,Asia,115.609375,31.00625,,,,,restore_no_duplicate_evidence
175780,1,2.81,0,,China,Asia,119.089586,30.921862,,,,,restore_no_duplicate_evidence
175819,1,1.61,0,,China,Asia,113.010417,30.848457,3341.0,spatial_nearest_high_confidence,0.719505891602681,0.6437444138796656,remove_spatial_high_confidence_reference
175835,1,3.92,0,,China,Asia,112.201042,30.803618,,,,,restore_no_duplicate_evidence
175838,1,1.52,0,,China,Asia,112.255208,30.794966,,,,,restore_no_duplicate_evidence
175846,1,1.06,0,,China,Asia,114.981259,30.784393,,,,,restore_no_duplicate_evidence
175870,1,1.79,0,,China,Asia,112.028331,30.738968,,,,,restore_no_duplicate_evidence
175879,1,1.26,0,,China,Asia,111.591153,30.727205,2822.0,spatial_nearest_high_confidence,0.5739610990723747,0.8863749603592626,remove_spatial_high_confidence_reference
175885,1,1.68,0,,China,Asia,112.334375,30.724581,4133.0,spatial_nearest_high_confidence,0.9941928422818475,1.4758586060089618,remove_spatial_high_confidence_reference
175900,1,3.24,0,,China,Asia,112.290625,30.678543,,,,,restore_no_duplicate_evidence
175901,1,2.31,0,,China,Asia,112.419792,30.678667,1992.0,spatial_nearest_high_confidence,0.8836321344413435,1.4190377387100954,remove_spatial_high_confidence_reference
175910,1,1.58,0,,China,Asia,115.27825,30.668747,,,,,restore_no_duplicate_evidence
175927,1,1.91,0,,China,Asia,107.328125,30.593304,,,,,restore_no_duplicate_evidence
175933,1,1.82,0,,China,Asia,111.767224,30.586875,,,,,restore_no_duplicate_evidence
175945,1,1.36,0,,China,Asia,111.542084,30.557536,2189.0,spatial_nearest_high_confidence,0.677803405794536,1.2328443642357896,remove_spatial_high_confidence_reference
175956,1,3.02,0,,China,Asia,111.750575,30.540541,,,,,restore_no_duplicate_evidence
175967,1,1.03,0,,China,Asia,105.267148,30.507972,2828.0,spatial_nearest_high_confidence,0.5883465309290011,1.8273385430043134,remove_spatial_high_confidence_reference
176041,1,1.04,0,,China,Asia,107.10625,30.336372,3344.0,spatial_nearest_high_confidence,0.9130238401700226,2.627261635150032,remove_spatial_high_confidence_reference
176066,1,1.82,0,,China,Asia,115.465929,30.253096,,,,,restore_no_duplicate_evidence
176067,1,1.12,0,,China,Asia,114.942636,30.24915,2224.0,spatial_nearest_high_confidence,0.8422543420590787,1.2882337982923178,remove_spatial_high_confidence_reference
176076,1,1.23,0,,China,Asia,115.915942,30.190757,,,,,restore_no_duplicate_evidence
176093,1,1.41,0,,China,Asia,103.396755,30.149395,4842.0,spatial_nearest_high_confidence,0.958075166126065,1.355375999571746,remove_spatial_high_confidence_reference
176101,1,3.13,0,,China,Asia,115.689583,30.13125,,,,,restore_no_duplicate_evidence
176129,1,3.64,0,,China,Asia,115.693135,30.044514,,,,,restore_no_duplicate_evidence
176138,1,1.33,0,,China,Asia,115.621859,30.024154,,,,,restore_no_duplicate_evidence
176169,1,2.09,0,,China,Asia,114.703944,29.93394,,,,,restore_no_duplicate_evidence
176200,1,1.55,0,,China,Asia,120.607292,29.867799,5294.0,spatial_nearest_high_confidence,0.8886512759521005,0.5955954432936803,remove_spatial_high_confidence_reference
176248,1,1.2,0,,China,Asia,116.535948,29.755154,5950.0,spatial_nearest_high_confidence,0.9427652126027587,0.8509639542347646,remove_spatial_high_confidence_reference
176310,1,1.5,0,,China,Asia,116.47553,29.557355,2911.0,spatial_nearest_high_confidence,0.9403078354265966,1.3241507535196777,remove_spatial_high_confidence_reference
176313,1,1.18,0,,China,Asia,105.686958,29.551822,,,,,restore_no_duplicate_evidence
176335,1,2.34,0,,China,Asia,113.61929,29.468683,,,,,restore_no_duplicate_evidence
176427,1,1.24,0,,China,Asia,105.826245,29.164373,3053.0,spatial_nearest_high_confidence,0.8669539531226336,1.5215093015621346,remove_spatial_high_confidence_reference
176429,1,1.14,0,,China,Asia,113.894564,29.160133,,,,,restore_no_duplicate_evidence
176482,1,8.17,0,,India,Asia,79.58125,28.940353,,,,,restore_no_duplicate_evidence
176492,1,1.75,0,,China,Asia,113.361101,28.905302,,,,,restore_no_duplicate_evidence
176493,1,1.11,0,,China,Asia,117.228759,28.904286,5824.0,spatial_nearest_high_confidence,0.7083211104498858,1.954536652861946,remove_spatial_high_confidence_reference
176506,1,1.47,0,,China,Asia,119.465868,28.843217,3897.0,spatial_nearest_high_confidence,0.7721312499791063,0.9291546111282899,remove_spatial_high_confidence_reference
176586,1,2.2,0,,China,Asia,118.673563,28.671773,,,,,restore_no_duplicate_evidence
176617,1,1.3,0,,China,Asia,115.347803,28.518874,,,,,restore_no_duplicate_evidence
176652,1,1.1,0,,China,Asia,112.188105,28.309435,,,,,restore_no_duplicate_evidence
176659,1,1.02,0,,China,Asia,115.37847,28.271782,3210.0,spatial_nearest_high_confidence,0.62468275042872,1.0735120534507605,remove_spatial_high_confidence_reference
176666,1,1.24,0,,China,Asia,120.980967,28.251386,,,,,restore_no_duplicate_evidence
176669,1,1.03,0,,China,Asia,116.652065,28.235015,4268.0,spatial_nearest_high_confidence,0.49501422065955186,0.9869922816686093,remove_spatial_high_confidence_reference
176678,1,3.87,0,,Nepal,Asia,83.962824,28.202049,,,,,restore_no_duplicate_evidence
176682,1,4.03,0,,China,Asia,115.077117,28.193514,,,,,restore_no_duplicate_evidence
176710,1,3.13,0,,China,Asia,115.784375,28.001465,,,,,restore_no_duplicate_evidence
176713,1,4.04,0,,China,Asia,115.260245,27.988686,,,,,restore_no_duplicate_evidence
176714,1,1.5,0,,China,Asia,112.001813,27.986279,5250.0,spatial_nearest_high_confidence,0.5367560316779684,0.9976616182578416,remove_spatial_high_confidence_reference
176741,1,1.25,0,,China,Asia,117.501739,27.727083,,,,,restore_no_duplicate_evidence
176756,1,1.81,0,,China,Asia,112.917087,27.558049,,,,,restore_no_duplicate_evidence
176763,1,2.06,0,,China,Asia,112.724237,27.476739,,,,,restore_no_duplicate_evidence
176764,1,1.23,0,,China,Asia,114.901042,27.465745,3835.0,spatial_nearest_high_confidence,0.4404952960956635,0.7882864899941154,remove_spatial_high_confidence_reference
176771,1,1.03,0,,China,Asia,115.464119,27.394832,4843.0,spatial_nearest_high_confidence,0.7226419153473229,1.24116908363844,remove_spatial_high_confidence_reference
176789,1,1.1,0,,China,Asia,119.279787,27.215841,,,,,restore_no_duplicate_evidence
176803,1,1.18,0,,China,Asia,110.563651,26.974517,,,,,restore_no_duplicate_evidence
176807,1,1.14,0,,India,Asia,75.854929,26.953231,7803.0,spatial_nearest_high_confidence,0.6318962012644853,1.7483501159560475,remove_spatial_high_confidence_reference
176810,1,1.49,0,,China,Asia,112.887058,26.930994,,,,,restore_no_duplicate_evidence
176815,1,4.69,0,,India,Asia,77.371773,26.896903,,,,,restore_no_duplicate_evidence
176828,1,1.06,0,,China,Asia,100.109713,26.767668,,,,,restore_no_duplicate_evidence
176829,1,2.61,0,,China,Asia,114.600418,26.76625,,,,,restore_no_duplicate_evidence
176836,1,1.64,0,,China,Asia,100.801113,26.710545,,,,,restore_no_duplicate_evidence
176851,1,3.07,0,,China,Asia,106.652041,26.54375,,,,,restore_no_duplicate_evidence
176866,1,1.34,0,,China,Asia,103.55205,26.458204,,,,,restore_no_duplicate_evidence
176867,1,1.47,0,,China,Asia,113.494263,26.456514,3221.0,spatial_nearest_high_confidence,0.9987714904916458,0.9318305612448864,remove_spatial_high_confidence_reference
176869,1,1.05,0,,India,Asia,76.331095,26.448372,7543.0,spatial_nearest_high_confidence,0.6012594182906252,1.1622722637578895,remove_spatial_high_confidence_reference
176876,1,3.22,0,,India,Asia,75.759375,26.411396,,,,,restore_no_duplicate_evidence
176882,1,2.06,0,,China,Asia,112.533542,26.34236,4414.0,spatial_nearest_high_confidence,0.7687691343985398,1.3176977048611622,remove_spatial_high_confidence_reference
176917,1,1.01,0,,China,Asia,111.023958,26.134337,5833.0,spatial_nearest_high_confidence,0.4239116152128823,1.4960135631613498,remove_spatial_high_confidence_reference
176939,1,6.6,0,,India,Asia,73.385417,25.981276,,,,,restore_no_duplicate_evidence
176943,1,4.42,0,,India,Asia,77.760417,25.965678,,,,,restore_no_duplicate_evidence
176953,1,1.5,0,,China,Asia,100.422512,25.901182,,,,,restore_no_duplicate_evidence
176969,1,1.68,0,,China,Asia,100.513675,25.810296,3116.0,spatial_nearest_high_confidence,0.8003137836246819,1.2147284886059502,remove_spatial_high_confidence_reference
176974,1,5.75,0,,China,Asia,103.898864,25.765889,,,,,restore_no_duplicate_evidence
176980,1,1.78,0,,India,Asia,74.280286,25.703443,7774.0,spatial_nearest_high_confidence,0.9431301172973899,1.31706970442023,remove_spatial_high_confidence_reference
176991,1,1.39,0,,China,Asia,116.185827,25.660272,,,,,restore_no_duplicate_evidence
176994,1,3.56,0,,China,Asia,104.083962,25.656559,,,,,restore_no_duplicate_evidence
177008,1,1.56,0,,China,Asia,100.606161,25.547867,2154.0,spatial_nearest_high_confidence,0.5213795251644051,1.3580918753963886,remove_spatial_high_confidence_reference
177014,1,2.57,0,,India,Asia,76.790436,25.517189,,,,,restore_no_duplicate_evidence
177029,1,1.6,0,,China,Asia,100.188301,25.40202,5846.0,spatial_nearest_high_confidence,0.4693767704056528,1.267754188172315,remove_spatial_high_confidence_reference
177031,1,8.83,0,,India,Asia,79.677083,25.384813,8144.0,spatial_nearest_high_confidence,0.8562548409321351,2.0679016906789256,remove_spatial_high_confidence_reference
177034,1,1.89,0,,India,Asia,78.748052,25.379727,7844.0,spatial_nearest_high_confidence,0.7782159686462562,1.504376844225346,remove_spatial_high_confidence_reference
177037,1,2.45,0,,Pakistan,Asia,62.281392,25.359919,,,,,restore_no_duplicate_evidence
177061,1,1.21,0,,China,Asia,99.028826,25.225875,5416.0,spatial_nearest_high_confidence,0.7616017689765249,1.0624026496236987,remove_spatial_high_confidence_reference
177095,1,1.06,0,,China,Asia,113.663542,25.115742,2012.0,spatial_nearest_high_confidence,0.3606198082467564,1.1352613588372962,remove_spatial_high_confidence_reference
177108,1,1.92,0,,India,Asia,79.139142,25.035476,7261.0,spatial_nearest_high_confidence,0.6470248762644139,1.6695993459739709,remove_spatial_high_confidence_reference
177118,1,2.22,0,,India,Asia,75.880217,25.001031,7462.0,spatial_nearest_high_confidence,0.84119828746355,0.6774482888604645,remove_spatial_high_confidence_reference
177122,1,1.38,0,,India,Asia,79.45287,24.96875,7432.0,spatial_nearest_high_confidence,0.6794638417742573,2.175212427535917,remove_spatial_high_confidence_reference
177135,1,1.15,0,,India,Asia,73.780231,24.926612,7224.0,spatial_nearest_high_confidence,0.4954619876987184,0.8397842431621771,remove_spatial_high_confidence_reference
177147,1,2.21,0,,India,Asia,81.168453,24.86933,8128.0,spatial_nearest_high_confidence,0.8108378864114323,1.6283090389560706,remove_spatial_high_confidence_reference
177163,1,1.4,0,,China,Asia,110.087384,24.828877,5196.0,spatial_nearest_high_confidence,0.9314098871852895,0.8609391203379972,remove_spatial_high_confidence_reference
177182,1,1.24,0,,China,Asia,103.305962,24.765125,4425.0,spatial_nearest_high_confidence,0.4791554051478023,1.1431453037557358,remove_spatial_high_confidence_reference
177186,1,1.68,0,,China,Asia,109.352083,24.752083,3475.0,spatial_nearest_high_confidence,0.904716521038551,1.382018560278748,remove_spatial_high_confidence_reference
177189,1,1.25,0,,India,Asia,78.999528,24.742464,7716.0,spatial_nearest_high_confidence,0.5269284654210329,1.5304340304356023,remove_spatial_high_confidence_reference
177192,1,1.76,0,,China,Asia,117.177051,24.726612,,,,,restore_no_duplicate_evidence
177195,1,1.89,0,,China,Asia,113.840625,24.721518,3383.0,spatial_nearest_high_confidence,0.47659052334989926,0.8964196935746345,remove_spatial_high_confidence_reference
177199,1,4.91,0,,China,Asia,103.702039,24.706263,5136.0,spatial_nearest_high_confidence,0.6760522647868251,1.2777689271400494,remove_spatial_high_confidence_reference
177205,1,3.53,0,,India,Asia,72.932735,24.691201,,,,,restore_no_duplicate_evidence
177208,1,2.32,0,,China,Asia,118.013136,24.685826,,,,,restore_no_duplicate_evidence
177226,1,1.22,0,,India,Asia,80.363014,24.640119,7258.0,spatial_nearest_high_confidence,0.6711213019801028,1.0617753159111933,remove_spatial_high_confidence_reference
177233,1,1.17,0,,India,Asia,75.003772,24.62869,8124.0,spatial_nearest_high_confidence,0.8903222641882598,0.9079002995460931,remove_spatial_high_confidence_reference
177237,1,1.74,0,,India,Asia,73.676955,24.602087,8041.0,spatial_nearest_high_confidence,0.40445236786169125,0.8561892726706238,remove_spatial_high_confidence_reference
177243,1,1.75,0,,China,Asia,102.687191,24.596221,,,,,restore_no_duplicate_evidence
177248,1,2.14,0,,India,Asia,73.681045,24.572868,7494.0,spatial_nearest_high_confidence,0.6018739318374406,1.3467477864464397,remove_spatial_high_confidence_reference
177249,1,1.12,0,,China,Asia,111.1256,24.562931,,,,,restore_no_duplicate_evidence
177251,1,5.39,0,,India,Asia,76.333723,24.561104,,,,,restore_no_duplicate_evidence
177256,1,1.54,0,,India,Asia,76.15861,24.528873,,,,,restore_no_duplicate_evidence
177257,1,1.96,0,,India,Asia,77.683719,24.527187,7847.0,spatial_nearest_high_confidence,0.4466920765563064,1.1810897649495382,remove_spatial_high_confidence_reference
177264,1,1.28,0,,China,Asia,110.914039,24.480449,3042.0,spatial_nearest_high_confidence,0.8771015485945487,0.6737601086995315,remove_spatial_high_confidence_reference
177272,1,1.25,0,,India,Asia,72.307704,24.407788,,,,,restore_no_duplicate_evidence
177275,1,1.35,0,,China,Asia,109.674177,24.388651,4724.0,spatial_nearest_high_confidence,0.7342245561962677,2.6106917001471523,remove_spatial_high_confidence_reference
177276,1,1.08,0,,China,Asia,108.458775,24.387602,4802.0,spatial_nearest_high_confidence,0.4206205804016699,1.857493913381816,remove_spatial_high_confidence_reference
177285,1,1.22,0,,China,Asia,112.27705,24.356249,2410.0,spatial_nearest_high_confidence,0.8799707766823741,0.8339620104147569,remove_spatial_high_confidence_reference
177292,1,3.5,0,,India,Asia,72.341154,24.338652,,,,,restore_no_duplicate_evidence
177293,1,1.01,0,,China,Asia,113.622792,24.331361,3269.0,spatial_nearest_high_confidence,0.32466105891754116,1.2928304634824634,remove_spatial_high_confidence_reference
177295,1,1.44,0,,China,Asia,109.179567,24.321313,,,,,restore_no_duplicate_evidence
177304,1,1.73,0,,India,Asia,79.03125,24.259263,,,,,restore_no_duplicate_evidence
177326,1,1.33,0,,China,Asia,117.751042,24.14453,3098.0,spatial_nearest_high_confidence,0.5855863169698212,1.0999534678897254,remove_spatial_high_confidence_reference
177336,1,1.8,0,,China,Asia,111.922074,24.097917,5184.0,spatial_nearest_high_confidence,0.38990306950231296,1.2607245419882283,remove_spatial_high_confidence_reference
177339,1,1.09,0,,China,Asia,112.694928,24.092654,2171.0,spatial_nearest_high_confidence,0.9121261793303682,0.6927418632337872,remove_spatial_high_confidence_reference
177344,1,1.32,0,,China,Asia,97.89375,24.044492,,,,,restore_no_duplicate_evidence
177346,1,2.37,0,,India,Asia,72.628335,24.038471,7296.0,spatial_nearest_high_confidence,0.8767225285110821,1.5134511534239288,remove_spatial_high_confidence_reference
177348,1,2.9,0,,India,Asia,77.759578,24.027902,7465.0,spatial_nearest_high_confidence,0.5704840234086374,1.0905431722377845,remove_spatial_high_confidence_reference
177349,1,1.02,0,,India,Asia,73.626769,24.026566,7332.0,spatial_nearest_high_confidence,0.970366469268861,0.6849015508755435,remove_spatial_high_confidence_reference
177353,1,2.54,0,,Taiwan,Asia,121.138484,23.981765,,,,,restore_no_duplicate_evidence
177362,1,5.26,0,,China,Asia,109.660417,23.902578,,,,,restore_no_duplicate_evidence
177371,1,2.29,0,,India,Asia,87.192708,23.823841,7578.0,spatial_nearest_high_confidence,0.927279830953282,1.7450956098729238,remove_spatial_high_confidence_reference
177372,1,1.05,0,,China,Asia,117.171737,23.820355,,,,,restore_no_duplicate_evidence
177376,1,1.55,0,,China,Asia,110.235011,23.806446,5901.0,spatial_nearest_high_confidence,0.9435148477169895,1.5364969910060533,remove_spatial_high_confidence_reference
177380,1,2.9,0,,China,Asia,100.631162,23.773252,,,,,restore_no_duplicate_evidence
177388,1,4.1,0,,China,Asia,102.693055,23.735786,1868.0,spatial_nearest_high_confidence,0.9778190770637651,1.1751469798684537,remove_spatial_high_confidence_reference
177391,1,1.65,0,,China,Asia,109.326131,23.728377,4520.0,spatial_nearest_high_confidence,0.9998829016962767,1.9559245697516623,remove_spatial_high_confidence_reference
177395,1,1.42,0,,China,Asia,100.059375,23.721927,5747.0,spatial_nearest_high_confidence,0.987262797800895,1.0309077273429295,remove_spatial_high_confidence_reference
177396,1,1.13,0,,China,Asia,104.322289,23.718871,5253.0,spatial_nearest_high_confidence,0.71655026570899,1.2914210119645113,remove_spatial_high_confidence_reference
177399,1,2.27,0,,India,Asia,73.050702,23.702548,7965.0,spatial_nearest_high_confidence,0.918313215738341,0.733943790274348,remove_spatial_high_confidence_reference
177410,1,2.64,0,,India,Asia,77.513041,23.671831,7792.0,spatial_nearest_high_confidence,0.6879942607754027,1.8473891544839822,remove_spatial_high_confidence_reference
177419,1,2.28,0,,India,Asia,69.11875,23.642763,,,,,restore_no_duplicate_evidence
177432,1,2.46,0,,China,Asia,113.973975,23.597802,2900.0,spatial_nearest_high_confidence,0.7706018827182408,0.9611696729084025,remove_spatial_high_confidence_reference
177439,1,1.4,0,,China,Asia,112.644635,23.522618,,,,,restore_no_duplicate_evidence
177445,1,1.21,0,,India,Asia,74.368731,23.488908,7299.0,spatial_nearest_high_confidence,0.5567248479227133,1.190264500025358,remove_spatial_high_confidence_reference
177446,1,2.11,0,,India,Asia,80.819118,23.48885,7623.0,spatial_nearest_high_confidence,0.5594140885495117,1.047693702577186,remove_spatial_high_confidence_reference
177449,1,1.39,0,,China,Asia,107.722786,23.474885,,,,,restore_no_duplicate_evidence
177456,1,4.57,0,,China,Asia,109.238543,23.442069,,,,,restore_no_duplicate_evidence
177459,1,2.05,0,,China,Asia,107.543832,23.434033,,,,,restore_no_duplicate_evidence
177481,1,1.42,0,,China,Asia,100.321269,23.334962,,,,,restore_no_duplicate_evidence
177490,1,1.73,0,,China,Asia,108.465142,23.293673,,,,,restore_no_duplicate_evidence
177498,1,2.17,0,,India,Asia,70.140625,23.258965,,,,,restore_no_duplicate_evidence
177499,1,1.78,0,,India,Asia,84.914703,23.257859,7577.0,spatial_nearest_high_confidence,0.7048828443869336,1.2479804762600148,remove_spatial_high_confidence_reference
177506,1,2.11,0,,India,Asia,77.112194,23.241774,8067.0,spatial_nearest_high_confidence,0.6967364363259788,1.5763894450581042,remove_spatial_high_confidence_reference
177511,1,1.89,0,,China,Asia,108.148565,23.223183,3938.0,spatial_nearest_high_confidence,0.8716170803355632,0.9868116494650974,remove_spatial_high_confidence_reference
177517,1,3.15,0,,China,Asia,108.747852,23.206228,,,,,restore_no_duplicate_evidence
177538,1,1.2,0,,India,Asia,86.288086,23.158172,7541.0,spatial_nearest_high_confidence,0.9028502564972313,1.3763666834898765,remove_spatial_high_confidence_reference
177542,1,1.01,0,,China,Asia,108.867932,23.129908,3894.0,spatial_nearest_high_confidence,0.7111268184935413,2.1319523456559826,remove_spatial_high_confidence_reference
177545,1,1.1,0,,China,Asia,108.887746,23.121045,,,,,restore_no_duplicate_evidence
177552,1,1.31,0,,China,Asia,111.504637,23.092618,,,,,restore_no_duplicate_evidence
177558,1,2.09,0,,China,Asia,115.317035,23.066855,,,,,restore_no_duplicate_evidence
177563,1,1.77,0,,China,Asia,115.882665,23.05488,2700.0,spatial_nearest_high_confidence,0.3931992624178821,1.3513489227186029,remove_spatial_high_confidence_reference
177565,1,1.17,0,,India,Asia,86.308557,23.032838,7228.0,spatial_nearest_high_confidence,0.9142456047745646,1.5673895962588775,remove_spatial_high_confidence_reference
177567,1,3.66,0,,India,Asia,77.488468,23.027013,,,,,restore_no_duplicate_evidence
177583,1,1.66,0,,China,Asia,108.54375,22.9868,,,,,restore_no_duplicate_evidence
177594,1,1.9,0,,India,Asia,77.700293,22.950295,,,,,restore_no_duplicate_evidence
177595,1,1.21,0,,India,Asia,85.935336,22.943313,7970.0,spatial_nearest_high_confidence,0.3285208188187026,1.5696554907858606,remove_spatial_high_confidence_reference
177598,1,3.55,0,,China,Asia,109.271985,22.935805,,,,,restore_no_duplicate_evidence
177606,1,1.14,0,,India,Asia,73.87889,22.890208,,,,,restore_no_duplicate_evidence
177619,1,1.98,0,,India,Asia,75.694006,22.82583,,,,,restore_no_duplicate_evidence
177624,1,1.42,0,,India,Asia,86.10625,22.777083,7160.0,spatial_nearest_high_confidence,0.3664993671224193,1.1808595887299005,remove_spatial_high_confidence_reference
177627,1,1.27,0,,India,Asia,70.867582,22.762814,,,,,restore_no_duplicate_evidence
177634,1,1.03,0,,China,Asia,114.343477,22.722917,1867.0,spatial_nearest_high_confidence,0.6565985247499262,1.6177509251180338,remove_spatial_high_confidence_reference
177636,1,1.71,0,,India,Asia,74.285635,22.722222,7145.0,spatial_nearest_high_confidence,0.713126578576594,0.6518666844571017,remove_spatial_high_confidence_reference
177680,1,2.04,0,,China,Asia,112.282292,22.609322,5549.0,spatial_nearest_high_confidence,0.6207535619680057,1.0722038037003827,remove_spatial_high_confidence_reference
177717,1,3.41,0,,China,Asia,114.14822,22.570524,,,,,restore_no_duplicate_evidence
177774,1,1.87,0,,India,Asia,70.575825,22.514296,,,,,restore_no_duplicate_evidence
177791,1,2.04,0,,China,Asia,112.127083,22.472014,,,,,restore_no_duplicate_evidence
177796,1,1.05,0,,India,Asia,70.971186,22.467141,7897.0,spatial_nearest_high_confidence,0.9211603969756579,0.34343234153452906,remove_spatial_high_confidence_reference
177811,1,7.97,0,,India,Asia,73.88194,22.44078,7491.0,spatial_nearest_high_confidence,0.9782984201088378,0.6142117512381842,remove_spatial_high_confidence_reference
177826,1,1.2,0,,India,Asia,70.404607,22.404583,,,,,restore_no_duplicate_evidence
177828,1,1.42,0,,India,Asia,86.145043,22.399523,7416.0,spatial_nearest_high_confidence,0.5345126086648984,1.327761614638853,remove_spatial_high_confidence_reference
177836,1,5.8,0,,India,Asia,73.383076,22.38614,,,,,restore_no_duplicate_evidence
177842,1,5.42,0,,China,Asia,114.341174,22.374215,,,,,restore_no_duplicate_evidence
177865,1,1.68,0,,China,Asia,108.715697,22.288202,,,,,restore_no_duplicate_evidence
177872,1,1.12,0,,India,Asia,75.315625,22.264692,7148.0,spatial_nearest_high_confidence,0.48476511924283544,0.796430844861653,remove_spatial_high_confidence_reference
177876,1,1.07,0,,China,Asia,112.659097,22.250972,,,,,restore_no_duplicate_evidence
177887,1,2.34,0,,India,Asia,84.735268,22.18866,7868.0,spatial_nearest_high_confidence,0.8184045226514031,1.1416432625968922,remove_spatial_high_confidence_reference
177889,1,5.33,0,,India,Asia,86.310817,22.18356,,,,,restore_no_duplicate_evidence
177890,1,4.06,0,,India,Asia,84.648345,22.176763,,,,,restore_no_duplicate_evidence
177904,1,1.97,0,,India,Asia,75.536458,22.05471,8021.0,spatial_nearest_high_confidence,0.7416325017399296,0.9593057494762502,remove_spatial_high_confidence_reference
177907,1,4.48,0,,India,Asia,86.812912,22.052758,7810.0,spatial_nearest_high_confidence,0.9034805859930137,2.121648899929142,remove_spatial_high_confidence_reference
177909,1,1.52,0,,India,Asia,86.70906,22.045416,7703.0,spatial_nearest_high_confidence,0.6884631498216659,1.3881028094127532,remove_spatial_high_confidence_reference
177910,1,1.11,0,,India,Asia,79.689357,22.043749,7873.0,spatial_nearest_high_confidence,0.43366613634757206,1.831553385399204,remove_spatial_high_confidence_reference
177918,1,1.42,0,,China,Asia,109.856884,21.980233,2582.0,spatial_nearest_high_confidence,0.5355668132134676,0.990509114314506,remove_spatial_high_confidence_reference
177934,1,1.16,0,,India,Asia,80.284072,21.883159,7033.0,spatial_nearest_high_confidence,0.4901770901159073,1.5809415092012657,remove_spatial_high_confidence_reference
177935,1,1.35,0,,India,Asia,78.238664,21.873427,7031.0,spatial_nearest_high_confidence,0.9293917219152448,0.7200799662653088,remove_spatial_high_confidence_reference
177945,1,3.65,0,,China,Asia,111.260842,21.823144,,,,,restore_no_duplicate_evidence
177946,1,4.6,0,,China,Asia,109.874823,21.8207,,,,,restore_no_duplicate_evidence
177957,1,1.06,0,,India,Asia,71.654999,21.76013,7050.0,spatial_nearest_high_confidence,0.5625530300616027,0.6464854047168299,remove_spatial_high_confidence_reference
177966,1,1.37,0,,India,Asia,73.323443,21.714235,7020.0,spatial_nearest_high_confidence,0.5993571141768771,1.4153070171066013,remove_spatial_high_confidence_reference
177968,1,2.01,0,,India,Asia,78.198958,21.702332,7782.0,spatial_nearest_high_confidence,0.7462305638893275,1.0927757086069336,remove_spatial_high_confidence_reference
177982,1,4.73,0,,India,Asia,85.722098,21.593773,,,,,restore_no_duplicate_evidence
177984,1,1.89,0,,China,Asia,109.230208,21.589848,,,,,restore_no_duplicate_evidence
177985,1,7.17,0,,India,Asia,76.263145,21.587761,,,,,restore_no_duplicate_evidence
177989,1,9.58,0,,Vietnam,Asia,106.511998,21.543569,,,,,restore_no_duplicate_evidence
177991,1,1.95,0,,India,Asia,78.947844,21.540052,7931.0,spatial_nearest_high_confidence,0.5308060976151413,1.165413353714506,remove_spatial_high_confidence_reference
177992,1,2.39,0,,India,Asia,82.484583,21.534302,,,,,restore_no_duplicate_evidence
178002,1,2.82,0,,India,Asia,80.064533,21.477138,7650.0,spatial_nearest_high_confidence,0.9164316214965278,2.2985079393406544,remove_spatial_high_confidence_reference
178004,1,1.01,0,,India,Asia,79.65625,21.472868,7947.0,spatial_nearest_high_confidence,0.3926668730492885,2.7587610910690903,remove_spatial_high_confidence_reference
178008,1,4.1,0,,Vietnam,Asia,103.090589,21.451759,,,,,restore_no_duplicate_evidence
178009,1,2.67,0,,India,Asia,74.959234,21.449778,7559.0,spatial_nearest_high_confidence,0.9393482808794797,0.8689226553621663,remove_spatial_high_confidence_reference
178010,1,6.58,0,,India,Asia,86.462779,21.447495,,,,,restore_no_duplicate_evidence
178014,1,3.68,0,,India,Asia,78.814128,21.401874,,,,,restore_no_duplicate_evidence
178019,1,2.2,0,,India,Asia,71.044268,21.355118,,,,,restore_no_duplicate_evidence
178031,1,2.03,0,,India,Asia,77.328125,21.264261,8083.0,spatial_nearest_high_confidence,0.8623637001086669,1.2422981680547043,remove_spatial_high_confidence_reference
178037,1,2.31,0,,India,Asia,80.217708,21.224036,7930.0,spatial_nearest_high_confidence,0.9996548618920953,1.7361014580862952,remove_spatial_high_confidence_reference
178038,1,5.07,0,,India,Asia,78.64384,21.222593,8141.0,spatial_nearest_high_confidence,0.8759521837803761,1.9050768936721358,remove_spatial_high_confidence_reference
178040,1,1.23,0,,India,Asia,79.042373,21.195082,7141.0,spatial_nearest_high_confidence,0.5728305581095168,1.0303331575788306,remove_spatial_high_confidence_reference
178041,1,1.23,0,,India,Asia,76.773742,21.185053,,,,,restore_no_duplicate_evidence
178043,1,4.49,0,,India,Asia,80.452835,21.177239,,,,,restore_no_duplicate_evidence
178045,1,1.1,0,,India,Asia,74.377083,21.164583,7452.0,spatial_nearest_high_confidence,0.7147145717414944,0.9754454960536059,remove_spatial_high_confidence_reference
178055,1,1.07,0,,India,Asia,74.100125,21.092149,7659.0,spatial_nearest_high_confidence,0.6542106403216044,0.709762114822308,remove_spatial_high_confidence_reference
178058,1,1.93,0,,India,Asia,74.839026,21.06875,7904.0,spatial_nearest_high_confidence,0.5332674615694166,1.7129871394999892,remove_spatial_high_confidence_reference
178059,1,1.95,0,,India,Asia,73.857335,21.060635,7853.0,spatial_nearest_high_confidence,0.5970791462813537,0.951659333857348,remove_spatial_high_confidence_reference
178068,1,1.98,0,,India,Asia,79.723658,21.043084,8091.0,spatial_nearest_high_confidence,0.7207314087448937,2.569820217131199,remove_spatial_high_confidence_reference
178072,1,1.92,0,,India,Asia,70.777543,21.022709,8149.0,spatial_nearest_high_confidence,0.9063459250288365,0.9305854609779797,remove_spatial_high_confidence_reference
178079,1,1.03,0,,India,Asia,79.213074,20.998101,8042.0,spatial_nearest_high_confidence,0.41829135064460726,1.9410503965778385,remove_spatial_high_confidence_reference
178089,1,4.59,0,,India,Asia,78.461458,20.95718,,,,,restore_no_duplicate_evidence
178091,1,2.97,0,,India,Asia,78.841845,20.94145,,,,,restore_no_duplicate_evidence
178093,1,2.54,0,,India,Asia,74.097474,20.934508,7547.0,spatial_nearest_high_confidence,0.5820908302286883,0.8181422412671338,remove_spatial_high_confidence_reference
178094,1,7.63,0,,India,Asia,80.111537,20.930189,,,,,restore_no_duplicate_evidence
178096,1,1.27,0,,India,Asia,75.113189,20.916808,7937.0,spatial_nearest_high_confidence,0.4628605039385461,1.611757448468734,remove_spatial_high_confidence_reference
178099,1,1.01,0,,India,Asia,78.605886,20.906519,7582.0,spatial_nearest_high_confidence,0.3049264890782139,1.0922987325433793,remove_spatial_high_confidence_reference
178112,1,3.1,0,,India,Asia,79.213625,20.864059,,,,,restore_no_duplicate_evidence
178116,1,1.49,0,,India,Asia,77.917178,20.840297,7791.0,spatial_nearest_high_confidence,0.7461392971381913,1.0463839283374685,remove_spatial_high_confidence_reference
178117,1,6.04,0,,India,Asia,85.033653,20.838562,,,,,restore_no_duplicate_evidence
178121,1,1.99,0,,India,Asia,79.278113,20.825386,7663.0,spatial_nearest_high_confidence,0.9022324718572933,1.0456262732880086,remove_spatial_high_confidence_reference
178128,1,3.06,0,,India,Asia,82.663906,20.80625,7977.0,spatial_nearest_high_confidence,0.8246913113554752,1.1060270725932515,remove_spatial_high_confidence_reference
178129,1,2.5,0,,India,Asia,74.029828,20.797699,7741.0,spatial_nearest_high_confidence,0.9196415702290348,0.8504093189765795,remove_spatial_high_confidence_reference
178143,1,1.32,0,,India,Asia,74.68459,20.731234,7259.0,spatial_nearest_high_confidence,0.7915079678358201,1.3940352984633912,remove_spatial_high_confidence_reference
178150,1,1.3,0,,India,Asia,73.278587,20.702656,7971.0,spatial_nearest_high_confidence,0.6925801763729403,0.9829929159071505,remove_spatial_high_confidence_reference
178154,1,1.23,0,,India,Asia,74.785341,20.660125,7195.0,spatial_nearest_high_confidence,0.7719836878562008,1.1346002290125528,remove_spatial_high_confidence_reference
178157,1,1.07,0,,India,Asia,73.967632,20.648513,7498.0,spatial_nearest_high_confidence,0.4050520152516135,0.858598963222323,remove_spatial_high_confidence_reference
178158,1,2.97,0,,India,Asia,76.660417,20.602083,7125.0,spatial_nearest_high_confidence,0.8340653254307411,1.3837785052522535,remove_spatial_high_confidence_reference
178159,1,2.43,0,,India,Asia,77.393771,20.601859,7581.0,spatial_nearest_high_confidence,0.9285356822619564,1.2682459173969893,remove_spatial_high_confidence_reference
178162,1,6.54,0,,India,Asia,82.590429,20.595543,,,,,restore_no_duplicate_evidence
178167,1,5.66,0,,India,Asia,79.039751,20.552978,,,,,restore_no_duplicate_evidence
178172,1,1.8,0,,India,Asia,76.414583,20.539392,7743.0,spatial_nearest_high_confidence,0.3587986848399225,1.0563201123657802,remove_spatial_high_confidence_reference
178173,1,6.47,0,,India,Asia,79.634375,20.536127,,,,,restore_no_duplicate_evidence
178179,1,7.03,0,,India,Asia,73.89297,20.498155,,,,,restore_no_duplicate_evidence
178182,1,3.68,0,,India,Asia,74.792315,20.479907,,,,,restore_no_duplicate_evidence
178183,1,3.25,0,,India,Asia,76.659375,20.463014,,,,,restore_no_duplicate_evidence
178185,1,1.05,0,,India,Asia,78.192708,20.454982,7935.0,spatial_nearest_high_confidence,0.3508775037371938,1.0703684589158389,remove_spatial_high_confidence_reference
178188,1,1.98,0,,India,Asia,79.060389,20.439501,7464.0,spatial_nearest_high_confidence,0.6650772529329713,1.10158996397853,remove_spatial_high_confidence_reference
178192,1,3.12,0,,India,Asia,76.996938,20.418683,7533.0,spatial_nearest_high_confidence,0.9505353051442272,1.2677384054445513,remove_spatial_high_confidence_reference
178193,1,1.03,0,,India,Asia,81.279674,20.414674,7591.0,spatial_nearest_high_confidence,0.4351705896200834,2.099857111498618,remove_spatial_high_confidence_reference
178195,1,6.5,0,,India,Asia,77.560319,20.41444,,,,,restore_no_duplicate_evidence
178196,1,2.79,0,,India,Asia,83.159375,20.409048,7995.0,spatial_nearest_high_confidence,0.9875101413648296,1.0399736302277494,remove_spatial_high_confidence_reference
178200,1,1.95,0,,India,Asia,74.604999,20.347787,7066.0,spatial_nearest_high_confidence,0.7663035245383423,1.4615714567415865,remove_spatial_high_confidence_reference
178201,1,2.58,0,,India,Asia,76.851314,20.342368,7601.0,spatial_nearest_high_confidence,0.8592741800722653,1.208077645557577,remove_spatial_high_confidence_reference
178203,1,3.97,0,,India,Asia,84.796705,20.339697,7487.0,spatial_nearest_high_confidence,0.7989476092658271,1.3564862657566625,remove_spatial_high_confidence_reference
178206,1,1.09,0,,India,Asia,78.146291,20.32602,7392.0,spatial_nearest_high_confidence,0.691234290129372,1.27602370034924,remove_spatial_high_confidence_reference
178208,1,1.56,0,,India,Asia,78.527065,20.322895,7344.0,spatial_nearest_high_confidence,0.4584181011915905,2.1189446825687055,remove_spatial_high_confidence_reference
178209,1,2.74,0,,India,Asia,77.20625,20.31875,7840.0,spatial_nearest_high_confidence,0.953392767042056,1.0926221844729405,remove_spatial_high_confidence_reference
178212,1,1.02,0,,India,Asia,75.318428,20.293944,7982.0,spatial_nearest_high_confidence,0.37891033808295677,2.042178423979363,remove_spatial_high_confidence_reference
178213,1,8.06,0,,India,Asia,77.906491,20.286127,,,,,restore_no_duplicate_evidence
178216,1,5.43,0,,India,Asia,78.314583,20.256648,,,,,restore_no_duplicate_evidence
178217,1,1.01,0,,India,Asia,76.939583,20.251232,7856.0,spatial_nearest_high_confidence,0.6720715286511831,2.8091349019748106,remove_spatial_high_confidence_reference
178221,1,4.49,0,,India,Asia,73.729908,20.234379,,,,,restore_no_duplicate_evidence
178222,1,1.53,0,,India,Asia,79.577083,20.23125,7589.0,spatial_nearest_high_confidence,0.40684274404685883,1.8805637798530046,remove_spatial_high_confidence_reference
178225,1,3.42,0,,India,Asia,76.504943,20.211141,,,,,restore_no_duplicate_evidence
178235,1,4.44,0,,India,Asia,78.483643,20.11214,,,,,restore_no_duplicate_evidence
178236,1,1.68,0,,India,Asia,76.981248,20.102086,7318.0,spatial_nearest_high_confidence,0.6683563708401186,0.9566272475968292,remove_spatial_high_confidence_reference
178237,1,2.8,0,,India,Asia,74.926042,20.098807,7366.0,spatial_nearest_high_confidence,0.9321677944257221,1.0770168567004907,remove_spatial_high_confidence_reference
178239,1,3.1,0,,India,Asia,72.940975,20.092629,,,,,restore_no_duplicate_evidence
178240,1,1.96,0,,India,Asia,78.631896,20.0851,7563.0,spatial_nearest_high_confidence,0.5707471672634877,2.599501497261474,remove_spatial_high_confidence_reference
178242,1,3.73,0,,India,Asia,78.768118,20.072917,7658.0,spatial_nearest_high_confidence,0.8798364994306445,1.7472029096306987,remove_spatial_high_confidence_reference
178243,1,1.26,0,,India,Asia,77.100403,20.044875,7920.0,spatial_nearest_high_confidence,0.7697458536934516,1.0688290355934011,remove_spatial_high_confidence_reference
178245,1,7.21,0,,India,Asia,77.462019,19.995528,,,,,restore_no_duplicate_evidence
178247,1,3.27,0,,India,Asia,84.462643,19.95625,,,,,restore_no_duplicate_evidence
178250,1,2.2,0,,India,Asia,74.714467,19.935573,,,,,restore_no_duplicate_evidence
178251,1,1.33,0,,India,Asia,74.896952,19.935617,,,,,restore_no_duplicate_evidence
178252,1,1.1,0,,India,Asia,73.496925,19.93404,7983.0,spatial_nearest_high_confidence,0.4512779410479221,1.097882475527891,remove_spatial_high_confidence_reference
178257,1,1.35,0,,India,Asia,75.85883,19.910245,7016.0,spatial_nearest_high_confidence,0.7783871746837224,1.0604789565972645,remove_spatial_high_confidence_reference
178259,1,1.24,0,,India,Asia,79.497917,19.881881,7246.0,spatial_nearest_high_confidence,0.505401946825662,3.053239368492364,remove_spatial_high_confidence_reference
178271,1,1.24,0,,India,Asia,76.161101,19.832574,7390.0,spatial_nearest_high_confidence,0.5598399753750991,0.864140896425713,remove_spatial_high_confidence_reference
178275,1,1.23,0,,China,Asia,110.086938,19.816259,2842.0,spatial_nearest_high_confidence,0.8012374680316218,1.155966337063962,remove_spatial_high_confidence_reference
178276,1,9.0,0,,India,Asia,77.672917,19.815445,,,,,restore_no_duplicate_evidence
178280,1,1.11,0,,India,Asia,78.266872,19.795942,7197.0,spatial_nearest_high_confidence,0.8201819098452788,2.0198936821892923,remove_spatial_high_confidence_reference
178286,1,6.08,0,,India,Asia,80.11961,19.75635,,,,,restore_no_duplicate_evidence
178288,1,3.25,0,,China,Asia,110.680168,19.731753,,,,,restore_no_duplicate_evidence
178291,1,4.29,0,,India,Asia,82.130961,19.7075,,,,,restore_no_duplicate_evidence
178300,1,4.43,0,,China,Asia,109.750772,19.642542,,,,,restore_no_duplicate_evidence
178303,1,1.07,0,,India,Asia,74.030336,19.639278,8076.0,spatial_nearest_high_confidence,0.5435423153709842,0.8144519210068806,remove_spatial_high_confidence_reference
178304,1,3.13,0,,India,Asia,72.939971,19.614478,7580.0,spatial_nearest_high_confidence,0.8336844203000789,1.0841590014022495,remove_spatial_high_confidence_reference
178311,1,4.3,0,,India,Asia,76.625521,19.517161,,,,,restore_no_duplicate_evidence
178312,1,1.17,0,,China,Asia,109.68828,19.516802,5639.0,spatial_nearest_high_confidence,0.8838686890152386,1.221023442571366,remove_spatial_high_confidence_reference
178313,1,1.92,0,,India,Asia,75.739583,19.515042,8131.0,spatial_nearest_high_confidence,0.4318633015575619,0.811243222562864,remove_spatial_high_confidence_reference
178314,1,8.7,0,,India,Asia,84.132785,19.512752,,,,,restore_no_duplicate_evidence
178315,1,1.24,0,,China,Asia,110.057292,19.505873,3031.0,spatial_nearest_high_confidence,0.6156727026776324,1.3831487407400795,remove_spatial_high_confidence_reference
178317,1,1.94,0,,China,Asia,110.608478,19.505193,2218.0,spatial_nearest_high_confidence,0.8508955910680516,1.4048344520522134,remove_spatial_high_confidence_reference
178324,1,1.3,0,,China,Asia,110.426164,19.444192,5080.0,spatial_nearest_high_confidence,0.5511842605328516,1.1012066101163316,remove_spatial_high_confidence_reference
178327,1,1.98,0,,China,Asia,110.480056,19.42487,,,,,restore_no_duplicate_evidence
178328,1,1.51,0,,China,Asia,110.497381,19.410171,5186.0,spatial_nearest_high_confidence,0.5752573930131134,1.3546296897296264,remove_spatial_high_confidence_reference
178331,1,6.1,0,,India,Asia,83.877534,19.318781,,,,,restore_no_duplicate_evidence
178332,1,3.18,0,,India,Asia,84.455208,19.289583,,,,,restore_no_duplicate_evidence
178333,1,5.12,0,,India,Asia,79.266909,19.288101,,,,,restore_no_duplicate_evidence
178338,1,4.78,0,,India,Asia,78.20625,19.239583,,,,,restore_no_duplicate_evidence
178346,1,4.04,0,,India,Asia,72.899858,19.141505,,,,,restore_no_duplicate_evidence
178347,1,1.17,0,,China,Asia,110.385417,19.139236,5731.0,spatial_nearest_high_confidence,0.5265673748063563,1.4806302430817369,remove_spatial_high_confidence_reference
178359,1,1.69,0,,China,Asia,110.269277,19.014046,,,,,restore_no_duplicate_evidence
178361,1,1.96,0,,China,Asia,108.876887,18.986361,4060.0,spatial_nearest_high_confidence,0.7213873007851987,1.5424112097931937,remove_spatial_high_confidence_reference
178365,1,8.09,0,,India,Asia,73.783555,18.957187,,,,,restore_no_duplicate_evidence
178372,1,1.16,0,,India,Asia,75.737658,18.912809,7721.0,spatial_nearest_high_confidence,0.6018980122144691,0.8918660381283752,remove_spatial_high_confidence_reference
178374,1,3.83,0,,India,Asia,76.743764,18.897648,,,,,restore_no_duplicate_evidence
178378,1,1.13,0,,India,Asia,74.999322,18.86974,7105.0,spatial_nearest_high_confidence,0.3489699989968234,0.9563698457250636,remove_spatial_high_confidence_reference
178379,1,1.32,0,,India,Asia,76.601817,18.858607,8101.0,spatial_nearest_high_confidence,0.5939732787282129,1.2216737196594374,remove_spatial_high_confidence_reference
178383,1,3.05,0,,India,Asia,73.515411,18.82018,,,,,restore_no_duplicate_evidence
178385,1,5.21,0,,India,Asia,74.585417,18.803134,,,,,restore_no_duplicate_evidence
178390,1,1.59,0,,India,Asia,77.317708,18.775543,7021.0,spatial_nearest_high_confidence,0.6656619604396564,1.1719505621439439,remove_spatial_high_confidence_reference
178394,1,2.26,0,,India,Asia,73.395451,18.7422,,,,,restore_no_duplicate_evidence
178398,1,3.5,0,,India,Asia,73.183048,18.722081,,,,,restore_no_duplicate_evidence
178407,1,1.52,0,,China,Asia,109.974359,18.665699,,,,,restore_no_duplicate_evidence
178417,1,1.93,0,,India,Asia,78.296218,18.61737,8071.0,spatial_nearest_high_confidence,0.5950957897627356,1.5445681842187038,remove_spatial_high_confidence_reference
178418,1,1.56,0,,India,Asia,75.435417,18.60625,7686.0,spatial_nearest_high_confidence,0.7756258848384164,0.9179418952800019,remove_spatial_high_confidence_reference
178419,1,2.21,0,,India,Asia,77.318694,18.597983,7219.0,spatial_nearest_high_confidence,0.8539735424693901,1.184198882643959,remove_spatial_high_confidence_reference
178425,1,2.38,0,,India,Asia,77.058869,18.559245,,,,,restore_no_duplicate_evidence
178428,1,1.51,0,,China,Asia,108.983189,18.535126,,,,,restore_no_duplicate_evidence
178440,1,1.51,0,,India,Asia,77.487648,18.475414,7771.0,spatial_nearest_high_confidence,0.8488716036530712,1.0082150157128484,remove_spatial_high_confidence_reference
178441,1,3.48,0,,India,Asia,75.17993,18.468572,,,,,restore_no_duplicate_evidence
178444,1,7.19,0,,India,Asia,73.764583,18.439583,,,,,restore_no_duplicate_evidence
178448,1,4.28,0,,China,Asia,109.72568,18.425519,,,,,restore_no_duplicate_evidence
178452,1,2.0,0,,India,Asia,75.502215,18.389953,7642.0,spatial_nearest_high_confidence,0.8605115101709172,2.9550910554345915,remove_spatial_high_confidence_reference
178453,1,3.63,0,,India,Asia,76.824808,18.379049,,,,,restore_no_duplicate_evidence
178457,1,3.88,0,,Thailand,Asia,99.754058,18.36644,,,,,restore_no_duplicate_evidence
178459,1,1.65,0,,India,Asia,83.196426,18.343432,7869.0,spatial_nearest_high_confidence,0.730872887282293,1.5404811022396458,remove_spatial_high_confidence_reference
178460,1,2.02,0,,India,Asia,74.613542,18.334034,7208.0,spatial_nearest_high_confidence,0.608553223126343,1.2588410905116105,remove_spatial_high_confidence_reference
178462,1,2.23,0,,India,Asia,76.99682,18.332872,,,,,restore_no_duplicate_evidence
178465,1,2.69,0,,India,Asia,76.438917,18.310602,7481.0,spatial_nearest_high_confidence,0.9600611055273046,0.6424071941113496,remove_spatial_high_confidence_reference
178468,1,2.4,0,,India,Asia,75.488786,18.307022,8081.0,spatial_nearest_high_confidence,0.8724308483536578,1.0460838997565218,remove_spatial_high_confidence_reference
178469,1,2.06,0,,India,Asia,76.896875,18.307114,7789.0,spatial_nearest_high_confidence,0.8959454796048841,1.676905032963866,remove_spatial_high_confidence_reference
178472,1,2.39,0,,India,Asia,74.189513,18.297917,7324.0,spatial_nearest_high_confidence,0.820567131559531,1.002223516445078,remove_spatial_high_confidence_reference
178477,1,1.85,0,,India,Asia,75.5344,18.253007,,,,,restore_no_duplicate_evidence
178478,1,2.6,0,,India,Asia,76.713542,18.247265,,,,,restore_no_duplicate_evidence
178489,1,8.02,0,,India,Asia,83.193862,18.173397,,,,,restore_no_duplicate_evidence
178502,1,3.23,0,,India,Asia,80.860719,18.102349,,,,,restore_no_duplicate_evidence
178506,1,1.38,0,,India,Asia,76.226905,18.068564,7728.0,spatial_nearest_high_confidence,0.42278821673264066,3.559201473791645,remove_spatial_high_confidence_reference
178510,1,2.29,0,,India,Asia,74.964583,18.023125,8064.0,spatial_nearest_high_confidence,0.5008208321910268,1.032623310867978,remove_spatial_high_confidence_reference
178543,1,1.35,0,,India,Asia,76.459387,17.794789,7961.0,spatial_nearest_high_confidence,0.6965802507891579,1.0448731580336488,remove_spatial_high_confidence_reference
178545,1,3.62,0,,India,Asia,75.423958,17.79247,,,,,restore_no_duplicate_evidence
178549,1,2.06,0,,India,Asia,83.185458,17.76044,8102.0,spatial_nearest_high_confidence,0.73910570554337,0.562443810990659,remove_spatial_high_confidence_reference
178577,1,7.9,0,,India,Asia,82.460217,17.623275,,,,,restore_no_duplicate_evidence
178578,1,3.39,0,,India,Asia,75.20995,17.617,7417.0,spatial_nearest_high_confidence,0.9164116864609919,1.082069618183243,remove_spatial_high_confidence_reference
178596,1,1.95,0,,India,Asia,77.460808,17.539212,,,,,restore_no_duplicate_evidence
178598,1,4.16,0,,India,Asia,74.493645,17.527286,,,,,restore_no_duplicate_evidence
178605,1,1.22,0,,India,Asia,73.645076,17.473052,,,,,restore_no_duplicate_evidence
178623,1,3.54,0,,India,Asia,77.747934,17.356266,7110.0,spatial_nearest_high_confidence,0.8159902852997041,1.2909907555993474,remove_spatial_high_confidence_reference
178629,1,6.32,0,,Thailand,Asia,99.422256,17.318499,,,,,restore_no_duplicate_evidence
178634,1,1.52,0,,India,Asia,82.406144,17.289688,7826.0,spatial_nearest_high_confidence,0.7313177750195119,1.1051253838616024,remove_spatial_high_confidence_reference
178669,1,2.22,0,,Saudi Arabia,Asia,42.958011,17.049618,,,,,restore_no_duplicate_evidence
178677,1,1.4,0,,India,Asia,74.104536,16.991022,,,,,restore_no_duplicate_evidence
178789,1,1.93,0,,India,Asia,75.665165,16.142035,7819.0,spatial_nearest_high_confidence,0.7615849093541248,2.236070276729651,remove_spatial_high_confidence_reference
178847,1,2.4,0,,India,Asia,74.368877,15.81029,,,,,restore_no_duplicate_evidence
178854,1,5.07,0,,India,Asia,74.302637,15.789182,,,,,restore_no_duplicate_evidence
178875,1,1.57,0,,India,Asia,74.090426,15.618763,8127.0,spatial_nearest_high_confidence,0.5575881472066692,1.0653209074119911,remove_spatial_high_confidence_reference
178896,1,4.83,0,,Yemen,Asia,45.242257,15.395997,,,,,restore_no_duplicate_evidence
178904,1,3.09,0,,India,Asia,74.988574,15.319225,,,,,restore_no_duplicate_evidence
178928,1,1.72,0,,India,Asia,77.551217,15.149416,8099.0,spatial_nearest_high_confidence,0.6235448455884596,0.6777106195142693,remove_spatial_high_confidence_reference
178934,1,5.87,0,,India,Asia,74.785821,15.119007,,,,,restore_no_duplicate_evidence
178945,1,1.53,0,,India,Asia,79.29734,14.989062,7954.0,spatial_nearest_high_confidence,0.7767207344810341,0.48699861089668034,remove_spatial_high_confidence_reference
178965,1,1.47,0,,India,Asia,77.4086,14.871417,,,,,restore_no_duplicate_evidence
178979,1,3.41,0,,India,Asia,77.297793,14.789103,,,,,restore_no_duplicate_evidence
178989,1,2.67,0,,India,Asia,75.004464,14.724319,,,,,restore_no_duplicate_evidence
178991,1,2.72,0,,Philippines,Asia,121.077146,14.71482,9629.0,spatial_nearest_high_confidence,0.8726652798616888,0.9085185101573561,remove_spatial_high_confidence_reference
179035,1,2.6,0,,India,Asia,77.729673,14.404643,8046.0,spatial_nearest_high_confidence,0.6721067927122086,0.9258997122091221,remove_spatial_high_confidence_reference
179038,1,6.28,0,,Vietnam,Asia,108.614287,14.380905,,,,,restore_no_duplicate_evidence
179041,1,2.51,0,,Vietnam,Asia,108.689964,14.357144,,,,,restore_no_duplicate_evidence
179096,1,6.13,0,,Thailand,Asia,102.421875,13.998758,,,,,restore_no_duplicate_evidence
179107,1,1.01,0,,India,Asia,79.001283,13.908498,7162.0,spatial_nearest_high_confidence,0.8161932223894132,1.4740254142821019,remove_spatial_high_confidence_reference
179125,1,2.97,0,,India,Asia,76.71771,13.794154,7677.0,spatial_nearest_high_confidence,0.7895556223196557,1.2927796695374814,remove_spatial_high_confidence_reference
179136,1,1.63,0,,India,Asia,76.842276,13.717855,7420.0,spatial_nearest_high_confidence,0.84745411732675,1.998613985258242,remove_spatial_high_confidence_reference
179141,1,1.16,0,,India,Asia,75.756479,13.676927,7338.0,spatial_nearest_high_confidence,0.5693116358711945,1.1609241177291705,remove_spatial_high_confidence_reference
179144,1,1.36,0,,India,Asia,79.267811,13.657769,7385.0,spatial_nearest_high_confidence,0.7598771268335851,1.7347289894643094,remove_spatial_high_confidence_reference
179320,1,2.87,0,,India,Asia,75.221538,13.222988,,,,,restore_no_duplicate_evidence
179348,1,3.83,0,,Thailand,Asia,101.037368,13.128916,11714.0,spatial_nearest_high_confidence,0.9121040300767065,1.1982785546769146,remove_spatial_high_confidence_reference
179365,1,2.96,0,,India,Asia,77.027327,13.035597,7294.0,spatial_nearest_high_confidence,0.8478896192408498,1.3131624573112195,remove_spatial_high_confidence_reference
179378,1,5.23,0,,India,Asia,77.338432,12.966137,,,,,restore_no_duplicate_evidence
179383,1,3.75,0,,Nigeria,Africa,7.752083,12.951076,,,,,restore_no_duplicate_evidence
179386,1,8.07,0,,India,Asia,76.8801,12.939503,,,,,restore_no_duplicate_evidence
179396,1,2.1,0,,India,Asia,77.336418,12.877301,,,,,restore_no_duplicate_evidence
179429,1,3.78,0,,India,Asia,77.194707,12.726934,,,,,restore_no_duplicate_evidence
179465,1,4.78,0,,India,Asia,75.904392,12.493125,,,,,restore_no_duplicate_evidence
179471,1,8.92,0,,India,Asia,78.184956,12.477325,,,,,restore_no_duplicate_evidence
179506,1,1.35,0,,India,Asia,78.155055,12.303309,,,,,restore_no_duplicate_evidence
179539,1,1.34,0,,India,Asia,77.199314,12.092058,7458.0,spatial_nearest_high_confidence,0.8037699480726497,1.0427209070449286,remove_spatial_high_confidence_reference
179541,1,3.78,0,,Thailand,Asia,99.685022,12.077083,,,,,restore_no_duplicate_evidence
179574,1,3.01,0,,India,Asia,77.018816,11.827016,7035.0,spatial_nearest_high_confidence,0.8452621503718404,1.8093168222362996,remove_spatial_high_confidence_reference
179679,1,3.25,0,,India,Asia,77.538718,11.106179,,,,,restore_no_duplicate_evidence
179774,1,4.16,0,,India,Asia,76.881787,10.298038,,,,,restore_no_duplicate_evidence
179801,1,2.45,0,,India,Asia,77.208972,10.011498,,,,,restore_no_duplicate_evidence
179813,1,1.32,0,,India,Asia,76.747509,9.85218,,,,,restore_no_duplicate_evidence
179882,1,6.8,0,,India,Asia,77.143073,9.323527,,,,,restore_no_duplicate_evidence
179886,1,7.38,0,,Sri Lanka,Asia,80.323026,9.305494,,,,,restore_no_duplicate_evidence
179958,1,9.37,0,,Sri Lanka,Asia,80.855161,8.734403,,,,,restore_no_duplicate_evidence
179968,1,8.58,0,,Sri Lanka,Asia,80.415876,8.676929,,,,,restore_no_duplicate_evidence
179975,1,7.75,0,,India,Asia,77.414583,8.647917,,,,,restore_no_duplicate_evidence
179982,1,2.6,0,,India,Asia,77.139161,8.623882,,,,,restore_no_duplicate_evidence
179989,1,5.7,0,,Sri Lanka,Asia,80.956134,8.602014,11423.0,spatial_nearest_high_confidence,0.8114687619766691,2.0943347071826204,remove_spatial_high_confidence_reference
179990,1,5.8,0,,Sri Lanka,Asia,81.011076,8.595979,,,,,restore_no_duplicate_evidence
179998,1,4.29,0,,India,Asia,77.149799,8.53273,,,,,restore_no_duplicate_evidence
180000,1,4.58,0,,India,Asia,77.362041,8.519868,,,,,restore_no_duplicate_evidence
180008,1,9.66,0,,Sri Lanka,Asia,80.189583,8.472917,,,,,restore_no_duplicate_evidence
180010,1,9.33,0,,India,Asia,77.310746,8.452204,,,,,restore_no_duplicate_evidence
180014,1,1.21,0,,India,Asia,77.284375,8.436395,,,,,restore_no_duplicate_evidence
180015,1,2.08,0,,India,Asia,77.248958,8.435767,7805.0,spatial_nearest_high_confidence,0.6685058296231144,0.8497754194209918,remove_spatial_high_confidence_reference
180028,1,4.48,0,,India,Asia,77.361567,8.367302,,,,,restore_no_duplicate_evidence
180051,1,9.67,0,,Sri Lanka,Asia,80.727083,8.225526,,,,,restore_no_duplicate_evidence
180061,1,3.74,0,,Sri Lanka,Asia,80.219176,8.172998,11452.0,spatial_nearest_high_confidence,0.8998096501264121,1.3253743059144292,remove_spatial_high_confidence_reference
180071,1,3.38,0,,Sri Lanka,Asia,79.94484,8.073145,,,,,restore_no_duplicate_evidence
180073,1,4.37,0,,Sri Lanka,Asia,80.311852,8.068829,,,,,restore_no_duplicate_evidence
180082,1,3.06,0,,Sri Lanka,Asia,80.922114,7.994444,11426.0,spatial_nearest_high_confidence,0.7622235820593135,1.3185077173884348,remove_spatial_high_confidence_reference
180095,1,1.79,0,,Sri Lanka,Asia,80.286958,7.943826,11427.0,spatial_nearest_high_confidence,0.669091859894799,1.3156176477018335,remove_spatial_high_confidence_reference
180097,1,9.45,0,,Sri Lanka,Asia,80.132127,7.93952,,,,,restore_no_duplicate_evidence
180110,1,4.68,0,,Thailand,Asia,99.808535,7.889602,,,,,restore_no_duplicate_evidence
180111,1,5.83,0,,Sri Lanka,Asia,80.695133,7.883663,,,,,restore_no_duplicate_evidence
180113,1,2.29,0,,Sri Lanka,Asia,80.623958,7.86763,11456.0,spatial_nearest_high_confidence,0.837973701624875,1.0104358718292192,remove_spatial_high_confidence_reference
180118,1,2.04,0,,Sri Lanka,Asia,80.55062,7.808521,11421.0,spatial_nearest_high_confidence,0.6558807499696173,1.0682875529741325,remove_spatial_high_confidence_reference
180127,1,2.52,0,,Sri Lanka,Asia,80.44826,7.772932,,,,,restore_no_duplicate_evidence
180138,1,9.57,0,,Sri Lanka,Asia,81.193704,7.735363,,,,,restore_no_duplicate_evidence
180155,1,1.81,0,,Sri Lanka,Asia,80.621392,7.667627,11410.0,spatial_nearest_high_confidence,0.9445709547135422,2.051500951130274,remove_spatial_high_confidence_reference
180157,1,2.33,0,,Sri Lanka,Asia,80.666787,7.665087,,,,,restore_no_duplicate_evidence
180160,1,6.34,0,,Sri Lanka,Asia,81.469168,7.650929,,,,,restore_no_duplicate_evidence
180170,1,9.69,0,,Sri Lanka,Asia,81.547397,7.606729,,,,,restore_no_duplicate_evidence
180182,1,7.0,0,,Sri Lanka,Asia,81.057219,7.510447,,,,,restore_no_duplicate_evidence
180198,1,3.04,0,,Sri Lanka,Asia,81.031988,7.310533,11424.0,spatial_nearest_high_confidence,0.5727788968375547,1.1956148387660335,remove_spatial_high_confidence_reference
180206,1,5.23,0,,Sri Lanka,Asia,81.517708,7.281618,,,,,restore_no_duplicate_evidence
180207,1,1.47,0,,Sri Lanka,Asia,81.032592,7.27704,11407.0,spatial_nearest_high_confidence,0.6047981719362453,1.1083361787873764,remove_spatial_high_confidence_reference
180208,1,3.24,0,,Sri Lanka,Asia,81.097917,7.26875,11394.0,spatial_nearest_high_confidence,0.8072458737059854,1.7893513408838186,remove_spatial_high_confidence_reference
180221,1,2.93,0,,Sri Lanka,Asia,81.617687,7.172719,,,,,restore_no_duplicate_evidence
180240,1,3.13,0,,Sri Lanka,Asia,81.646018,7.080104,,,,,restore_no_duplicate_evidence
180265,1,4.88,0,,Sri Lanka,Asia,81.506231,6.972935,,,,,restore_no_duplicate_evidence
180295,1,2.48,0,,Sri Lanka,Asia,80.574325,6.867342,,,,,restore_no_duplicate_evidence
180298,1,1.28,0,,Sri Lanka,Asia,80.191182,6.854596,,,,,restore_no_duplicate_evidence
180302,1,5.03,0,,Sri Lanka,Asia,80.546662,6.843373,,,,,restore_no_duplicate_evidence
180329,1,3.47,0,,Sri Lanka,Asia,80.796732,6.68063,,,,,restore_no_duplicate_evidence
180333,1,1.37,0,,Sri Lanka,Asia,81.153125,6.65726,11451.0,spatial_nearest_high_confidence,0.5987333202924735,1.0327781936331408,remove_spatial_high_confidence_reference
180345,1,9.26,0,,Malaysia,Asia,100.219792,6.565736,,,,,restore_no_duplicate_evidence
180377,1,3.81,0,,Sri Lanka,Asia,80.863646,6.310295,11438.0,spatial_nearest_high_confidence,0.5836277856068726,1.1105721862551594,remove_spatial_high_confidence_reference
180391,1,3.39,0,,Sri Lanka,Asia,80.725574,6.211034,,,,,restore_no_duplicate_evidence
180394,1,8.06,0,,Sri Lanka,Asia,80.98806,6.195287,,,,,restore_no_duplicate_evidence
180446,1,1.56,0,,Malaysia,Asia,100.503573,5.381211,9047.0,spatial_nearest_high_confidence,0.5696592319396653,1.0709154754981782,remove_spatial_high_confidence_reference
180473,1,1.08,0,,Brunei,Asia,115.01381,4.963455,,,,,restore_no_duplicate_evidence
180480,1,4.28,0,,Brunei,Asia,114.753163,4.629835,,,,,restore_no_duplicate_evidence
180517,1,1.95,0,,Malaysia,Asia,101.890154,3.217648,,,,,restore_no_duplicate_evidence
180519,1,3.05,0,,Malaysia,Asia,101.882382,3.078392,,,,,restore_no_duplicate_evidence
180531,1,3.92,0,,Malaysia,Asia,103.434059,2.625555,,,,,restore_no_duplicate_evidence
180538,1,5.27,0,,Malaysia,Asia,103.180208,1.978357,,,,,restore_no_duplicate_evidence
180556,1,4.75,0,,Malaysia,Asia,103.910034,1.555279,,,,,restore_no_duplicate_evidence
180949,1,1.32,0,,Burundi,Africa,29.485403,-2.917481,,,,,restore_no_duplicate_evidence
181207,1,1.66,0,,Indonesia,Asia,105.666974,-5.212313,,,,,restore_no_duplicate_evidence
181239,1,5.44,0,,United Republic of Tanzania,Africa,35.967673,-5.950618,,,,,restore_no_duplicate_evidence
181308,1,1.07,0,,Indonesia,Asia,110.958471,-6.694563,8196.0,spatial_nearest_high_confidence,0.709012033491114,1.8262469860553265,remove_spatial_high_confidence_reference
181321,1,1.57,0,,Indonesia,Asia,108.56875,-6.782605,8185.0,spatial_nearest_high_confidence,0.5946457893135656,1.2952480188926898,remove_spatial_high_confidence_reference
181388,1,3.4,0,,Indonesia,Asia,108.410417,-7.007228,8179.0,spatial_nearest_high_confidence,0.9207221077640536,1.0529727968593126,remove_spatial_high_confidence_reference
181389,1,4.2,0,,Indonesia,Asia,109.186278,-7.007577,,,,,restore_no_duplicate_evidence
181394,1,6.43,0,,Indonesia,Asia,108.81848,-7.032096,,,,,restore_no_duplicate_evidence
181431,1,1.03,0,,Indonesia,Asia,107.555322,-7.191151,8181.0,spatial_nearest_high_confidence,0.8647024183927505,1.120908035994147,remove_spatial_high_confidence_reference
181442,1,1.92,0,,Indonesia,Asia,112.211492,-7.215883,8153.0,spatial_nearest_high_confidence,0.8780017244185421,2.282697247107055,remove_spatial_high_confidence_reference
181485,1,4.79,0,,Indonesia,Asia,109.606687,-7.391949,,,,,restore_no_duplicate_evidence
181529,1,2.1,0,,Indonesia,Asia,109.485501,-7.564226,,,,,restore_no_duplicate_evidence
181579,1,1.35,0,,Indonesia,Asia,110.122037,-7.822838,8164.0,spatial_nearest_high_confidence,0.6782361828570285,1.4938946575339036,remove_spatial_high_confidence_reference
181690,1,2.0,0,,Indonesia,Asia,117.579873,-8.694932,,,,,restore_no_duplicate_evidence
181692,1,5.5,0,,Indonesia,Asia,116.25794,-8.734212,,,,,restore_no_duplicate_evidence
181694,1,3.35,0,,Indonesia,Asia,116.189825,-8.757631,,,,,restore_no_duplicate_evidence
182003,1,2.5,0,,Malawi,Africa,33.684309,-14.164932,,,,,restore_no_duplicate_evidence
182461,1,1.83,0,,Australia,Oceania,145.674284,-16.982036,226.0,spatial_nearest_high_confidence,0.9657484711670086,0.9457876728962721,remove_spatial_high_confidence_reference
182486,1,3.2,0,,Zimbabwe,Africa,29.968656,-17.173014,,,,,restore_no_duplicate_evidence
182519,1,5.81,0,,Zimbabwe,Africa,31.421974,-17.38653,,,,,restore_no_duplicate_evidence
182574,1,1.79,0,,Zimbabwe,Africa,31.10625,-17.989583,18706.0,spatial_nearest_high_confidence,0.8662683291475662,1.4127974377392811,remove_spatial_high_confidence_reference
182632,1,1.33,0,,Zimbabwe,Africa,32.741489,-18.765792,,,,,restore_no_duplicate_evidence
182696,1,1.09,0,,Zimbabwe,Africa,31.114583,-19.71088,18666.0,spatial_nearest_high_confidence,0.5823684133904112,1.3906564841249662,remove_spatial_high_confidence_reference
182748,1,1.44,0,,Mauritius,Africa,57.43125,-20.25625,9058.0,spatial_nearest_high_confidence,0.16859884191490362,0.8882109031057943,remove_spatial_high_confidence_reference
182760,1,3.55,0,,Mauritius,Africa,57.502083,-20.372917,9055.0,spatial_nearest_high_confidence,0.26054209436279885,0.8046654750494414,remove_spatial_high_confidence_reference
182778,1,2.77,0,,Zimbabwe,Africa,28.841802,-20.571075,,,,,restore_no_duplicate_evidence
182791,1,2.23,0,,Zimbabwe,Africa,28.226042,-20.721526,,,,,restore_no_duplicate_evidence
182797,1,1.0,0,,Zimbabwe,Africa,31.151993,-20.772872,18689.0,spatial_nearest_high_confidence,0.4799955675402882,1.352645777591142,remove_spatial_high_confidence_reference
182809,1,3.06,0,,Zimbabwe,Africa,30.171235,-20.834126,,,,,restore_no_duplicate_evidence
182812,1,1.5,0,,Zimbabwe,Africa,31.063542,-20.867806,18695.0,spatial_nearest_high_confidence,0.9608889714262207,1.5039727005656949,remove_spatial_high_confidence_reference
182819,1,1.08,0,,Australia,Oceania,139.59066,-20.956932,,,,,restore_no_duplicate_evidence
182856,1,1.39,0,,Zimbabwe,Africa,29.801822,-21.239583,,,,,restore_no_duplicate_evidence
182962,1,1.2,0,,South Africa,Africa,30.51401,-22.850664,10103.0,spatial_nearest_high_confidence,0.3274228669337175,1.2073564709295201,remove_spatial_high_confidence_reference
182963,1,2.75,0,,South Africa,Africa,30.90625,-22.86924,,,,,restore_no_duplicate_evidence
182966,1,1.0,0,,Australia,Oceania,147.555633,-22.976948,498.0,spatial_nearest_high_confidence,0.29615207374874025,0.7977609035118564,remove_spatial_high_confidence_reference
183015,1,1.25,0,,South Africa,Africa,29.230052,-23.773903,10300.0,spatial_nearest_high_confidence,0.4498431470176769,1.0046212039685183,remove_spatial_high_confidence_reference
183143,1,2.98,0,,South Africa,Africa,25.81322,-25.199498,,,,,restore_no_duplicate_evidence
183152,1,1.36,0,,South Africa,Africa,27.13035,-25.264665,10092.0,spatial_nearest_high_confidence,0.7657169446747831,1.4912263326432142,remove_spatial_high_confidence_reference
183175,1,3.23,0,,South Africa,Africa,26.581423,-25.398213,10078.0,spatial_nearest_high_confidence,0.6847833741101143,1.5520846376552913,remove_spatial_high_confidence_reference
183210,1,1.24,0,,South Africa,Africa,29.99113,-25.661874,,,,,restore_no_duplicate_evidence
183215,1,1.39,0,,South Africa,Africa,31.617124,-25.762007,10011.0,spatial_nearest_high_confidence,0.8922042327623035,2.2071386091001943,remove_spatial_high_confidence_reference
183224,1,3.07,0,,South Africa,Africa,25.315625,-25.824154,,,,,restore_no_duplicate_evidence
183229,1,2.18,0,,South Africa,Africa,31.832292,-25.865786,,,,,restore_no_duplicate_evidence
183284,1,1.43,0,,South Africa,Africa,28.530208,-26.259909,10420.0,spatial_nearest_high_confidence,0.7845148984947284,1.3966250584189048,remove_spatial_high_confidence_reference
183319,1,1.77,0,,Australia,Oceania,152.94656,-26.386364,415.0,spatial_nearest_high_confidence,0.9952678232989586,1.3112530808269285,remove_spatial_high_confidence_reference
183333,1,1.18,0,,South Africa,Africa,29.218739,-26.431642,,,,,restore_no_duplicate_evidence
183335,1,1.76,0,,Australia,Oceania,151.735819,-26.43465,,,,,restore_no_duplicate_evidence
183346,1,2.29,0,,South Africa,Africa,29.24375,-26.498366,10390.0,spatial_nearest_high_confidence,0.7648701669777571,1.0162984639092063,remove_spatial_high_confidence_reference
183357,1,1.44,0,,Australia,Oceania,152.884375,-26.546735,439.0,spatial_nearest_high_confidence,0.5418509051605003,1.1612830202817057,remove_spatial_high_confidence_reference
183490,1,4.39,0,,Australia,Oceania,152.463406,-27.432109,,,,,restore_no_duplicate_evidence
183502,1,1.17,0,,Australia,Oceania,152.348952,-27.51351,233.0,spatial_nearest_high_confidence,0.5385917799549004,2.3538364357278887,remove_spatial_high_confidence_reference
183659,1,2.29,0,,South Africa,Africa,29.746875,-28.235417,10224.0,spatial_nearest_high_confidence,0.7222859925672722,1.1608256484877522,remove_spatial_high_confidence_reference
183719,1,1.08,0,,South Africa,Africa,28.857344,-28.673585,10430.0,spatial_nearest_high_confidence,0.5893922782574844,1.1972434238199905,remove_spatial_high_confidence_reference
184014,1,2.32,0,,South Africa,Africa,27.028476,-30.052366,10117.0,spatial_nearest_high_confidence,0.9860552923941466,1.2389951029220094,remove_spatial_high_confidence_reference
184309,1,1.77,0,,South Africa,Africa,27.637996,-31.888513,,,,,restore_no_duplicate_evidence
184345,1,2.58,0,,South Africa,Africa,28.097862,-32.139589,,,,,restore_no_duplicate_evidence
184360,1,1.96,0,,South Africa,Africa,26.760464,-32.207113,10294.0,spatial_nearest_high_confidence,0.9699988411119547,1.1471787105301574,remove_spatial_high_confidence_reference
184423,1,4.64,0,,Australia,Oceania,150.89969,-32.45043,,,,,restore_no_duplicate_evidence
184445,1,1.19,0,,South Africa,Africa,25.757316,-32.52754,,,,,restore_no_duplicate_evidence
184460,1,9.74,0,,South Africa,Africa,27.564192,-32.582017,,,,,restore_no_duplicate_evidence
184486,1,2.47,0,,South Africa,Africa,26.9036,-32.688431,10375.0,spatial_nearest_high_confidence,0.6489981291669182,1.0164673006102793,remove_spatial_high_confidence_reference
184490,1,1.73,0,,South Africa,Africa,27.105881,-32.717422,10704.0,spatial_nearest_high_confidence,0.9091305968546508,1.0109785661162778,remove_spatial_high_confidence_reference
184578,1,1.13,0,,Australia,Oceania,115.935616,-33.07702,,,,,restore_no_duplicate_evidence
184615,1,8.29,0,,Australia,Oceania,116.135417,-33.251532,,,,,restore_no_duplicate_evidence
184648,1,1.68,0,,Australia,Oceania,150.079854,-33.526226,,,,,restore_no_duplicate_evidence
184776,1,1.31,0,,Australia,Oceania,149.580907,-34.58469,,,,,restore_no_duplicate_evidence
184789,1,1.03,0,,Australia,Oceania,149.677419,-34.71735,413.0,spatial_nearest_high_confidence,0.9765749342708304,1.0385944867992456,remove_spatial_high_confidence_reference
184983,1,2.21,0,,Australia,Oceania,146.335417,-38.165719,,,,,restore_no_duplicate_evidence
185029,1,2.14,0,,Australia,Oceania,145.73225,-41.42365,,,,,restore_no_duplicate_evidence
185041,1,3.91,0,,Australia,Oceania,146.522566,-41.85265,,,,,restore_no_duplicate_evidence
185061,1,1.51,0,,Australia,Oceania,146.537795,-42.180193,351.0,spatial_nearest_high_confidence,0.862973540419542,1.0120287302935416,remove_spatial_high_confidence_reference
185062,1,4.41,0,,Australia,Oceania,146.477227,-42.189778,514.0,spatial_nearest_high_confidence,0.9414548650092879,1.0070471440711173,remove_spatial_high_confidence_reference
185102,1,5.69,0,,New Zealand,Oceania,170.889526,-43.997927,,,,,restore_no_duplicate_evidence
185132,1,9.55,0,,New Zealand,Oceania,169.921875,-45.52357,,,,,restore_no_duplicate_evidence
